split,class,label,path
train,anthracnose,0,/content/CashewData_Split/train/anthracnose/anthracnose_10.jpg
train,anthracnose,0,/content/CashewData_Split/train/anthracnose/anthracnose_1003.jpg
train,anthracnose,0,/content/CashewData_Split/train/anthracnose/anthracnose_1004.jpg
train,anthracnose,0,/content/CashewData_Split/train/anthracnose/anthracnose_1005.jpg
train,anthracnose,0,/content/CashewData_Split/train/anthracnose/anthracnose_1006.jpg
train,anthracnose,0,/content/CashewData_Split/train/anthracnose/anthracnose_1007.jpg
train,anthracnose,0,/content/CashewData_Split/train/anthracnose/anthracnose_1008.jpg
train,anthracnose,0,/content/CashewData_Split/train/anthracnose/anthracnose_1009.jpg
train,anthracnose,0,/content/CashewData_Split/train/anthracnose/anthracnose_1010.jpg
train,anthracnose,0,/content/CashewData_Split/train/anthracnose/anthracnose_1011.jpg
train,anthracnose,0,/content/CashewData_Split/train/anthracnose/anthracnose_1012.jpg
train,anthracnose,0,/content/CashewData_Split/train/anthracnose/anthracnose_1013.jpg
train,anthracnose,0,/content/CashewData_Split/train/anthracnose/anthracnose_1014.jpg
train,anthracnose,0,/content/CashewData_Split/train/anthracnose/anthracnose_1015.jpg
train,anthracnose,0,/content/CashewData_Split/train/anthracnose/anthracnose_1016.jpg
train,anthracnose,0,/content/CashewData_Split/train/anthracnose/anthracnose_1018.jpg
train,anthracnose,0,/content/CashewData_Split/train/anthracnose/anthracnose_1019.jpg
train,anthracnose,0,/content/CashewData_Split/train/anthracnose/anthracnose_1020.jpg
train,anthracnose,0,/content/CashewData_Split/train/anthracnose/anthracnose_1021.jpg
train,anthracnose,0,/content/CashewData_Split/train/anthracnose/anthracnose_1025.jpg
train,anthracnose,0,/content/CashewData_Split/train/anthracnose/anthracnose_1027.jpg
train,anthracnose,0,/content/CashewData_Split/train/anthracnose/anthracnose_1028.jpg
train,anthracnose,0,/content/CashewData_Split/train/anthracnose/anthracnose_1029.jpg
train,anthracnose,0,/content/CashewData_Split/train/anthracnose/anthracnose_1030.jpg
train,anthracnose,0,/content/CashewData_Split/train/anthracnose/anthracnose_1031.jpg
train,anthracnose,0,/content/CashewData_Split/train/anthracnose/anthracnose_1032.jpg
train,anthracnose,0,/content/CashewData_Split/train/anthracnose/anthracnose_1033.jpg
train,anthracnose,0,/content/CashewData_Split/train/anthracnose/anthracnose_1034.jpg
train,anthracnose,0,/content/CashewData_Split/train/anthracnose/anthracnose_1035.jpg
train,anthracnose,0,/content/CashewData_Split/train/anthracnose/anthracnose_1036.jpg
train,anthracnose,0,/content/CashewData_Split/train/anthracnose/anthracnose_1037.jpg
train,anthracnose,0,/content/CashewData_Split/train/anthracnose/anthracnose_1038.jpg
train,anthracnose,0,/content/CashewData_Split/train/anthracnose/anthracnose_1039.jpg
train,anthracnose,0,/content/CashewData_Split/train/anthracnose/anthracnose_1040.jpg
train,anthracnose,0,/content/CashewData_Split/train/anthracnose/anthracnose_1041.jpg
train,anthracnose,0,/content/CashewData_Split/train/anthracnose/anthracnose_1042.jpg
train,anthracnose,0,/content/CashewData_Split/train/anthracnose/anthracnose_1043.jpg
train,anthracnose,0,/content/CashewData_Split/train/anthracnose/anthracnose_1044.jpg
train,anthracnose,0,/content/CashewData_Split/train/anthracnose/anthracnose_1048.jpg
train,anthracnose,0,/content/CashewData_Split/train/anthracnose/anthracnose_1054.jpg
train,anthracnose,0,/content/CashewData_Split/train/anthracnose/anthracnose_1059.jpg
train,anthracnose,0,/content/CashewData_Split/train/anthracnose/anthracnose_1066.jpg
train,anthracnose,0,/content/CashewData_Split/train/anthracnose/anthracnose_1067.jpg
train,anthracnose,0,/content/CashewData_Split/train/anthracnose/anthracnose_1068.jpg
train,anthracnose,0,/content/CashewData_Split/train/anthracnose/anthracnose_1069.jpg
train,anthracnose,0,/content/CashewData_Split/train/anthracnose/anthracnose_1072.jpg
train,anthracnose,0,/content/CashewData_Split/train/anthracnose/anthracnose_1073.jpg
train,anthracnose,0,/content/CashewData_Split/train/anthracnose/anthracnose_1074.jpg
train,anthracnose,0,/content/CashewData_Split/train/anthracnose/anthracnose_1075.jpg
train,anthracnose,0,/content/CashewData_Split/train/anthracnose/anthracnose_1076.jpg
train,anthracnose,0,/content/CashewData_Split/train/anthracnose/anthracnose_1077.jpg
train,anthracnose,0,/content/CashewData_Split/train/anthracnose/anthracnose_1078.jpg
train,anthracnose,0,/content/CashewData_Split/train/anthracnose/anthracnose_1079.jpg
train,anthracnose,0,/content/CashewData_Split/train/anthracnose/anthracnose_1080.jpg
train,anthracnose,0,/content/CashewData_Split/train/anthracnose/anthracnose_1081.jpg
train,anthracnose,0,/content/CashewData_Split/train/anthracnose/anthracnose_1082.jpg
train,anthracnose,0,/content/CashewData_Split/train/anthracnose/anthracnose_1083.jpg
train,anthracnose,0,/content/CashewData_Split/train/anthracnose/anthracnose_1084.jpg
train,anthracnose,0,/content/CashewData_Split/train/anthracnose/anthracnose_1085.jpg
train,anthracnose,0,/content/CashewData_Split/train/anthracnose/anthracnose_1086.jpg
train,anthracnose,0,/content/CashewData_Split/train/anthracnose/anthracnose_1087.jpg
train,anthracnose,0,/content/CashewData_Split/train/anthracnose/anthracnose_1088.jpg
train,anthracnose,0,/content/CashewData_Split/train/anthracnose/anthracnose_1089.jpg
train,anthracnose,0,/content/CashewData_Split/train/anthracnose/anthracnose_1090.jpg
train,anthracnose,0,/content/CashewData_Split/train/anthracnose/anthracnose_1091.jpg
train,anthracnose,0,/content/CashewData_Split/train/anthracnose/anthracnose_1092.jpg
train,anthracnose,0,/content/CashewData_Split/train/anthracnose/anthracnose_1093.jpg
train,anthracnose,0,/content/CashewData_Split/train/anthracnose/anthracnose_1094.jpg
train,anthracnose,0,/content/CashewData_Split/train/anthracnose/anthracnose_1095.jpg
train,anthracnose,0,/content/CashewData_Split/train/anthracnose/anthracnose_1096.jpg
train,anthracnose,0,/content/CashewData_Split/train/anthracnose/anthracnose_1097.jpg
train,anthracnose,0,/content/CashewData_Split/train/anthracnose/anthracnose_1098.jpg
train,anthracnose,0,/content/CashewData_Split/train/anthracnose/anthracnose_1099.jpg
train,anthracnose,0,/content/CashewData_Split/train/anthracnose/anthracnose_1100.jpg
train,anthracnose,0,/content/CashewData_Split/train/anthracnose/anthracnose_1101.jpg
train,anthracnose,0,/content/CashewData_Split/train/anthracnose/anthracnose_1102.jpg
train,anthracnose,0,/content/CashewData_Split/train/anthracnose/anthracnose_1103.jpg
train,anthracnose,0,/content/CashewData_Split/train/anthracnose/anthracnose_1104.jpg
train,anthracnose,0,/content/CashewData_Split/train/anthracnose/anthracnose_1105.jpg
train,anthracnose,0,/content/CashewData_Split/train/anthracnose/anthracnose_1106.jpg
train,anthracnose,0,/content/CashewData_Split/train/anthracnose/anthracnose_1107.jpg
train,anthracnose,0,/content/CashewData_Split/train/anthracnose/anthracnose_1108.jpg
train,anthracnose,0,/content/CashewData_Split/train/anthracnose/anthracnose_1109.jpg
train,anthracnose,0,/content/CashewData_Split/train/anthracnose/anthracnose_1113.jpg
train,anthracnose,0,/content/CashewData_Split/train/anthracnose/anthracnose_1114.jpg
train,anthracnose,0,/content/CashewData_Split/train/anthracnose/anthracnose_1115.jpg
train,anthracnose,0,/content/CashewData_Split/train/anthracnose/anthracnose_1116.jpg
train,anthracnose,0,/content/CashewData_Split/train/anthracnose/anthracnose_1140.jpg
train,anthracnose,0,/content/CashewData_Split/train/anthracnose/anthracnose_1141.jpg
train,anthracnose,0,/content/CashewData_Split/train/anthracnose/anthracnose_1147.jpg
train,anthracnose,0,/content/CashewData_Split/train/anthracnose/anthracnose_1148.jpg
train,anthracnose,0,/content/CashewData_Split/train/anthracnose/anthracnose_1155.jpg
train,anthracnose,0,/content/CashewData_Split/train/anthracnose/anthracnose_1159.jpg
train,anthracnose,0,/content/CashewData_Split/train/anthracnose/anthracnose_1164.jpg
train,anthracnose,0,/content/CashewData_Split/train/anthracnose/anthracnose_1165.jpg
train,anthracnose,0,/content/CashewData_Split/train/anthracnose/anthracnose_1166.jpg
train,anthracnose,0,/content/CashewData_Split/train/anthracnose/anthracnose_1167.jpg
train,anthracnose,0,/content/CashewData_Split/train/anthracnose/anthracnose_1168.jpg
train,anthracnose,0,/content/CashewData_Split/train/anthracnose/anthracnose_1169.jpg
train,anthracnose,0,/content/CashewData_Split/train/anthracnose/anthracnose_1171.jpg
train,anthracnose,0,/content/CashewData_Split/train/anthracnose/anthracnose_1172.jpg
train,anthracnose,0,/content/CashewData_Split/train/anthracnose/anthracnose_1173.jpg
train,anthracnose,0,/content/CashewData_Split/train/anthracnose/anthracnose_1174.jpg
train,anthracnose,0,/content/CashewData_Split/train/anthracnose/anthracnose_1175.jpg
train,anthracnose,0,/content/CashewData_Split/train/anthracnose/anthracnose_1176.jpg
train,anthracnose,0,/content/CashewData_Split/train/anthracnose/anthracnose_1177.jpg
train,anthracnose,0,/content/CashewData_Split/train/anthracnose/anthracnose_1178.jpg
train,anthracnose,0,/content/CashewData_Split/train/anthracnose/anthracnose_1179.jpg
train,anthracnose,0,/content/CashewData_Split/train/anthracnose/anthracnose_1180.jpg
train,anthracnose,0,/content/CashewData_Split/train/anthracnose/anthracnose_1181.jpg
train,anthracnose,0,/content/CashewData_Split/train/anthracnose/anthracnose_1182.jpg
train,anthracnose,0,/content/CashewData_Split/train/anthracnose/anthracnose_1183.jpg
train,anthracnose,0,/content/CashewData_Split/train/anthracnose/anthracnose_1184.jpg
train,anthracnose,0,/content/CashewData_Split/train/anthracnose/anthracnose_1185.jpg
train,anthracnose,0,/content/CashewData_Split/train/anthracnose/anthracnose_1186.jpg
train,anthracnose,0,/content/CashewData_Split/train/anthracnose/anthracnose_1187.jpg
train,anthracnose,0,/content/CashewData_Split/train/anthracnose/anthracnose_1188.jpg
train,anthracnose,0,/content/CashewData_Split/train/anthracnose/anthracnose_1189.jpg
train,anthracnose,0,/content/CashewData_Split/train/anthracnose/anthracnose_1190.jpg
train,anthracnose,0,/content/CashewData_Split/train/anthracnose/anthracnose_1191.jpg
train,anthracnose,0,/content/CashewData_Split/train/anthracnose/anthracnose_1193.jpg
train,anthracnose,0,/content/CashewData_Split/train/anthracnose/anthracnose_1194.jpg
train,anthracnose,0,/content/CashewData_Split/train/anthracnose/anthracnose_1195.jpg
train,anthracnose,0,/content/CashewData_Split/train/anthracnose/anthracnose_1196.jpg
train,anthracnose,0,/content/CashewData_Split/train/anthracnose/anthracnose_1198.jpg
train,anthracnose,0,/content/CashewData_Split/train/anthracnose/anthracnose_1199.jpg
train,anthracnose,0,/content/CashewData_Split/train/anthracnose/anthracnose_12.jpg
train,anthracnose,0,/content/CashewData_Split/train/anthracnose/anthracnose_1200.jpg
train,anthracnose,0,/content/CashewData_Split/train/anthracnose/anthracnose_1201.jpg
train,anthracnose,0,/content/CashewData_Split/train/anthracnose/anthracnose_1202.jpg
train,anthracnose,0,/content/CashewData_Split/train/anthracnose/anthracnose_1203.jpg
train,anthracnose,0,/content/CashewData_Split/train/anthracnose/anthracnose_1204.jpg
train,anthracnose,0,/content/CashewData_Split/train/anthracnose/anthracnose_1205.jpg
train,anthracnose,0,/content/CashewData_Split/train/anthracnose/anthracnose_1206.jpg
train,anthracnose,0,/content/CashewData_Split/train/anthracnose/anthracnose_1207.jpg
train,anthracnose,0,/content/CashewData_Split/train/anthracnose/anthracnose_1208.jpg
train,anthracnose,0,/content/CashewData_Split/train/anthracnose/anthracnose_1209.jpg
train,anthracnose,0,/content/CashewData_Split/train/anthracnose/anthracnose_121.jpg
train,anthracnose,0,/content/CashewData_Split/train/anthracnose/anthracnose_1210.jpg
train,anthracnose,0,/content/CashewData_Split/train/anthracnose/anthracnose_1211.jpg
train,anthracnose,0,/content/CashewData_Split/train/anthracnose/anthracnose_1212.jpg
train,anthracnose,0,/content/CashewData_Split/train/anthracnose/anthracnose_1213.jpg
train,anthracnose,0,/content/CashewData_Split/train/anthracnose/anthracnose_1214.jpg
train,anthracnose,0,/content/CashewData_Split/train/anthracnose/anthracnose_1215.jpg
train,anthracnose,0,/content/CashewData_Split/train/anthracnose/anthracnose_1216.jpg
train,anthracnose,0,/content/CashewData_Split/train/anthracnose/anthracnose_1217.jpg
train,anthracnose,0,/content/CashewData_Split/train/anthracnose/anthracnose_1218.jpg
train,anthracnose,0,/content/CashewData_Split/train/anthracnose/anthracnose_1219.jpg
train,anthracnose,0,/content/CashewData_Split/train/anthracnose/anthracnose_122.jpg
train,anthracnose,0,/content/CashewData_Split/train/anthracnose/anthracnose_1220.jpg
train,anthracnose,0,/content/CashewData_Split/train/anthracnose/anthracnose_1221.jpg
train,anthracnose,0,/content/CashewData_Split/train/anthracnose/anthracnose_1222.jpg
train,anthracnose,0,/content/CashewData_Split/train/anthracnose/anthracnose_1223.jpg
train,anthracnose,0,/content/CashewData_Split/train/anthracnose/anthracnose_1224.jpg
train,anthracnose,0,/content/CashewData_Split/train/anthracnose/anthracnose_1225.jpg
train,anthracnose,0,/content/CashewData_Split/train/anthracnose/anthracnose_1226.jpg
train,anthracnose,0,/content/CashewData_Split/train/anthracnose/anthracnose_1227.jpg
train,anthracnose,0,/content/CashewData_Split/train/anthracnose/anthracnose_1228.jpg
train,anthracnose,0,/content/CashewData_Split/train/anthracnose/anthracnose_123.jpg
train,anthracnose,0,/content/CashewData_Split/train/anthracnose/anthracnose_1234.jpg
train,anthracnose,0,/content/CashewData_Split/train/anthracnose/anthracnose_1235.jpg
train,anthracnose,0,/content/CashewData_Split/train/anthracnose/anthracnose_1236.jpg
train,anthracnose,0,/content/CashewData_Split/train/anthracnose/anthracnose_1237.jpg
train,anthracnose,0,/content/CashewData_Split/train/anthracnose/anthracnose_1243.jpg
train,anthracnose,0,/content/CashewData_Split/train/anthracnose/anthracnose_1244.jpg
train,anthracnose,0,/content/CashewData_Split/train/anthracnose/anthracnose_1245.jpg
train,anthracnose,0,/content/CashewData_Split/train/anthracnose/anthracnose_1246.jpg
train,anthracnose,0,/content/CashewData_Split/train/anthracnose/anthracnose_1249.jpg
train,anthracnose,0,/content/CashewData_Split/train/anthracnose/anthracnose_1250.jpg
train,anthracnose,0,/content/CashewData_Split/train/anthracnose/anthracnose_1251.jpg
train,anthracnose,0,/content/CashewData_Split/train/anthracnose/anthracnose_1252.jpg
train,anthracnose,0,/content/CashewData_Split/train/anthracnose/anthracnose_1253.jpg
train,anthracnose,0,/content/CashewData_Split/train/anthracnose/anthracnose_1257.jpg
train,anthracnose,0,/content/CashewData_Split/train/anthracnose/anthracnose_1258.jpg
train,anthracnose,0,/content/CashewData_Split/train/anthracnose/anthracnose_1259.jpg
train,anthracnose,0,/content/CashewData_Split/train/anthracnose/anthracnose_1260.jpg
train,anthracnose,0,/content/CashewData_Split/train/anthracnose/anthracnose_1261.jpg
train,anthracnose,0,/content/CashewData_Split/train/anthracnose/anthracnose_1262.jpg
train,anthracnose,0,/content/CashewData_Split/train/anthracnose/anthracnose_1263.jpg
train,anthracnose,0,/content/CashewData_Split/train/anthracnose/anthracnose_1264.jpg
train,anthracnose,0,/content/CashewData_Split/train/anthracnose/anthracnose_1265.jpg
train,anthracnose,0,/content/CashewData_Split/train/anthracnose/anthracnose_1266.jpg
train,anthracnose,0,/content/CashewData_Split/train/anthracnose/anthracnose_1267.jpg
train,anthracnose,0,/content/CashewData_Split/train/anthracnose/anthracnose_1268.jpg
train,anthracnose,0,/content/CashewData_Split/train/anthracnose/anthracnose_1269.jpg
train,anthracnose,0,/content/CashewData_Split/train/anthracnose/anthracnose_127.jpg
train,anthracnose,0,/content/CashewData_Split/train/anthracnose/anthracnose_1270.jpg
train,anthracnose,0,/content/CashewData_Split/train/anthracnose/anthracnose_1271.jpg
train,anthracnose,0,/content/CashewData_Split/train/anthracnose/anthracnose_1272.jpg
train,anthracnose,0,/content/CashewData_Split/train/anthracnose/anthracnose_1273.jpg
train,anthracnose,0,/content/CashewData_Split/train/anthracnose/anthracnose_1274.jpg
train,anthracnose,0,/content/CashewData_Split/train/anthracnose/anthracnose_1275.jpg
train,anthracnose,0,/content/CashewData_Split/train/anthracnose/anthracnose_1277.jpg
train,anthracnose,0,/content/CashewData_Split/train/anthracnose/anthracnose_1278.jpg
train,anthracnose,0,/content/CashewData_Split/train/anthracnose/anthracnose_1279.jpg
train,anthracnose,0,/content/CashewData_Split/train/anthracnose/anthracnose_128.jpg
train,anthracnose,0,/content/CashewData_Split/train/anthracnose/anthracnose_1282.jpg
train,anthracnose,0,/content/CashewData_Split/train/anthracnose/anthracnose_1283.jpg
train,anthracnose,0,/content/CashewData_Split/train/anthracnose/anthracnose_1284.jpg
train,anthracnose,0,/content/CashewData_Split/train/anthracnose/anthracnose_1285.jpg
train,anthracnose,0,/content/CashewData_Split/train/anthracnose/anthracnose_1286.jpg
train,anthracnose,0,/content/CashewData_Split/train/anthracnose/anthracnose_1287.jpg
train,anthracnose,0,/content/CashewData_Split/train/anthracnose/anthracnose_1288.jpg
train,anthracnose,0,/content/CashewData_Split/train/anthracnose/anthracnose_1289.jpg
train,anthracnose,0,/content/CashewData_Split/train/anthracnose/anthracnose_1290.jpg
train,anthracnose,0,/content/CashewData_Split/train/anthracnose/anthracnose_1291.jpg
train,anthracnose,0,/content/CashewData_Split/train/anthracnose/anthracnose_1292.jpg
train,anthracnose,0,/content/CashewData_Split/train/anthracnose/anthracnose_1293.jpg
train,anthracnose,0,/content/CashewData_Split/train/anthracnose/anthracnose_1294.jpg
train,anthracnose,0,/content/CashewData_Split/train/anthracnose/anthracnose_1295.jpg
train,anthracnose,0,/content/CashewData_Split/train/anthracnose/anthracnose_1296.jpg
train,anthracnose,0,/content/CashewData_Split/train/anthracnose/anthracnose_1297.jpg
train,anthracnose,0,/content/CashewData_Split/train/anthracnose/anthracnose_131.jpg
train,anthracnose,0,/content/CashewData_Split/train/anthracnose/anthracnose_1311.jpg
train,anthracnose,0,/content/CashewData_Split/train/anthracnose/anthracnose_1312.jpg
train,anthracnose,0,/content/CashewData_Split/train/anthracnose/anthracnose_1313.jpg
train,anthracnose,0,/content/CashewData_Split/train/anthracnose/anthracnose_1314.jpg
train,anthracnose,0,/content/CashewData_Split/train/anthracnose/anthracnose_1316.jpg
train,anthracnose,0,/content/CashewData_Split/train/anthracnose/anthracnose_1317.jpg
train,anthracnose,0,/content/CashewData_Split/train/anthracnose/anthracnose_1318.jpg
train,anthracnose,0,/content/CashewData_Split/train/anthracnose/anthracnose_1319.jpg
train,anthracnose,0,/content/CashewData_Split/train/anthracnose/anthracnose_132.jpg
train,anthracnose,0,/content/CashewData_Split/train/anthracnose/anthracnose_1320.jpg
train,anthracnose,0,/content/CashewData_Split/train/anthracnose/anthracnose_1321.jpg
train,anthracnose,0,/content/CashewData_Split/train/anthracnose/anthracnose_1325.jpg
train,anthracnose,0,/content/CashewData_Split/train/anthracnose/anthracnose_1326.jpg
train,anthracnose,0,/content/CashewData_Split/train/anthracnose/anthracnose_1327.jpg
train,anthracnose,0,/content/CashewData_Split/train/anthracnose/anthracnose_1328.jpg
train,anthracnose,0,/content/CashewData_Split/train/anthracnose/anthracnose_1329.jpg
train,anthracnose,0,/content/CashewData_Split/train/anthracnose/anthracnose_133.jpg
train,anthracnose,0,/content/CashewData_Split/train/anthracnose/anthracnose_1330.jpg
train,anthracnose,0,/content/CashewData_Split/train/anthracnose/anthracnose_1331.jpg
train,anthracnose,0,/content/CashewData_Split/train/anthracnose/anthracnose_1332.jpg
train,anthracnose,0,/content/CashewData_Split/train/anthracnose/anthracnose_1333.jpg
train,anthracnose,0,/content/CashewData_Split/train/anthracnose/anthracnose_1334.jpg
train,anthracnose,0,/content/CashewData_Split/train/anthracnose/anthracnose_1335.jpg
train,anthracnose,0,/content/CashewData_Split/train/anthracnose/anthracnose_1336.jpg
train,anthracnose,0,/content/CashewData_Split/train/anthracnose/anthracnose_1338.jpg
train,anthracnose,0,/content/CashewData_Split/train/anthracnose/anthracnose_1339.jpg
train,anthracnose,0,/content/CashewData_Split/train/anthracnose/anthracnose_1340.jpg
train,anthracnose,0,/content/CashewData_Split/train/anthracnose/anthracnose_1341.jpg
train,anthracnose,0,/content/CashewData_Split/train/anthracnose/anthracnose_1342.jpg
train,anthracnose,0,/content/CashewData_Split/train/anthracnose/anthracnose_1343.jpg
train,anthracnose,0,/content/CashewData_Split/train/anthracnose/anthracnose_1344.jpg
train,anthracnose,0,/content/CashewData_Split/train/anthracnose/anthracnose_1345.jpg
train,anthracnose,0,/content/CashewData_Split/train/anthracnose/anthracnose_1346.jpg
train,anthracnose,0,/content/CashewData_Split/train/anthracnose/anthracnose_1347.jpg
train,anthracnose,0,/content/CashewData_Split/train/anthracnose/anthracnose_1348.jpg
train,anthracnose,0,/content/CashewData_Split/train/anthracnose/anthracnose_1349.jpg
train,anthracnose,0,/content/CashewData_Split/train/anthracnose/anthracnose_1350.jpg
train,anthracnose,0,/content/CashewData_Split/train/anthracnose/anthracnose_1351.jpg
train,anthracnose,0,/content/CashewData_Split/train/anthracnose/anthracnose_1352.jpg
train,anthracnose,0,/content/CashewData_Split/train/anthracnose/anthracnose_1353.jpg
train,anthracnose,0,/content/CashewData_Split/train/anthracnose/anthracnose_1354.jpg
train,anthracnose,0,/content/CashewData_Split/train/anthracnose/anthracnose_1355.jpg
train,anthracnose,0,/content/CashewData_Split/train/anthracnose/anthracnose_1356.jpg
train,anthracnose,0,/content/CashewData_Split/train/anthracnose/anthracnose_1357.jpg
train,anthracnose,0,/content/CashewData_Split/train/anthracnose/anthracnose_1358.jpg
train,anthracnose,0,/content/CashewData_Split/train/anthracnose/anthracnose_1359.jpg
train,anthracnose,0,/content/CashewData_Split/train/anthracnose/anthracnose_1360.jpg
train,anthracnose,0,/content/CashewData_Split/train/anthracnose/anthracnose_1361.jpg
train,anthracnose,0,/content/CashewData_Split/train/anthracnose/anthracnose_1362.jpg
train,anthracnose,0,/content/CashewData_Split/train/anthracnose/anthracnose_1363.jpg
train,anthracnose,0,/content/CashewData_Split/train/anthracnose/anthracnose_1364.jpg
train,anthracnose,0,/content/CashewData_Split/train/anthracnose/anthracnose_1365.jpg
train,anthracnose,0,/content/CashewData_Split/train/anthracnose/anthracnose_1366.jpg
train,anthracnose,0,/content/CashewData_Split/train/anthracnose/anthracnose_1368.jpg
train,anthracnose,0,/content/CashewData_Split/train/anthracnose/anthracnose_1369.jpg
train,anthracnose,0,/content/CashewData_Split/train/anthracnose/anthracnose_1370.jpg
train,anthracnose,0,/content/CashewData_Split/train/anthracnose/anthracnose_1371.jpg
train,anthracnose,0,/content/CashewData_Split/train/anthracnose/anthracnose_1372.jpg
train,anthracnose,0,/content/CashewData_Split/train/anthracnose/anthracnose_1373.jpg
train,anthracnose,0,/content/CashewData_Split/train/anthracnose/anthracnose_1374.jpg
train,anthracnose,0,/content/CashewData_Split/train/anthracnose/anthracnose_1375.jpg
train,anthracnose,0,/content/CashewData_Split/train/anthracnose/anthracnose_1376.jpg
train,anthracnose,0,/content/CashewData_Split/train/anthracnose/anthracnose_1377.jpg
train,anthracnose,0,/content/CashewData_Split/train/anthracnose/anthracnose_1378.jpg
train,anthracnose,0,/content/CashewData_Split/train/anthracnose/anthracnose_1380.jpg
train,anthracnose,0,/content/CashewData_Split/train/anthracnose/anthracnose_1381.jpg
train,anthracnose,0,/content/CashewData_Split/train/anthracnose/anthracnose_1382.jpg
train,anthracnose,0,/content/CashewData_Split/train/anthracnose/anthracnose_1383.jpg
train,anthracnose,0,/content/CashewData_Split/train/anthracnose/anthracnose_1384.jpg
train,anthracnose,0,/content/CashewData_Split/train/anthracnose/anthracnose_1385.jpg
train,anthracnose,0,/content/CashewData_Split/train/anthracnose/anthracnose_1386.jpg
train,anthracnose,0,/content/CashewData_Split/train/anthracnose/anthracnose_1387.jpg
train,anthracnose,0,/content/CashewData_Split/train/anthracnose/anthracnose_1388.jpg
train,anthracnose,0,/content/CashewData_Split/train/anthracnose/anthracnose_1389.jpg
train,anthracnose,0,/content/CashewData_Split/train/anthracnose/anthracnose_1390.jpg
train,anthracnose,0,/content/CashewData_Split/train/anthracnose/anthracnose_1391.jpg
train,anthracnose,0,/content/CashewData_Split/train/anthracnose/anthracnose_1392.jpg
train,anthracnose,0,/content/CashewData_Split/train/anthracnose/anthracnose_1394.jpg
train,anthracnose,0,/content/CashewData_Split/train/anthracnose/anthracnose_1395.jpg
train,anthracnose,0,/content/CashewData_Split/train/anthracnose/anthracnose_1396.jpg
train,anthracnose,0,/content/CashewData_Split/train/anthracnose/anthracnose_1397.jpg
train,anthracnose,0,/content/CashewData_Split/train/anthracnose/anthracnose_1398.jpg
train,anthracnose,0,/content/CashewData_Split/train/anthracnose/anthracnose_1399.jpg
train,anthracnose,0,/content/CashewData_Split/train/anthracnose/anthracnose_1400.jpg
train,anthracnose,0,/content/CashewData_Split/train/anthracnose/anthracnose_1401.jpg
train,anthracnose,0,/content/CashewData_Split/train/anthracnose/anthracnose_1402.jpg
train,anthracnose,0,/content/CashewData_Split/train/anthracnose/anthracnose_1404.jpg
train,anthracnose,0,/content/CashewData_Split/train/anthracnose/anthracnose_1405.jpg
train,anthracnose,0,/content/CashewData_Split/train/anthracnose/anthracnose_1406.jpg
train,anthracnose,0,/content/CashewData_Split/train/anthracnose/anthracnose_1407.jpg
train,anthracnose,0,/content/CashewData_Split/train/anthracnose/anthracnose_1408.jpg
train,anthracnose,0,/content/CashewData_Split/train/anthracnose/anthracnose_1409.jpg
train,anthracnose,0,/content/CashewData_Split/train/anthracnose/anthracnose_141.jpg
train,anthracnose,0,/content/CashewData_Split/train/anthracnose/anthracnose_1410.jpg
train,anthracnose,0,/content/CashewData_Split/train/anthracnose/anthracnose_1411.jpg
train,anthracnose,0,/content/CashewData_Split/train/anthracnose/anthracnose_1412.jpg
train,anthracnose,0,/content/CashewData_Split/train/anthracnose/anthracnose_1413.jpg
train,anthracnose,0,/content/CashewData_Split/train/anthracnose/anthracnose_1414.jpg
train,anthracnose,0,/content/CashewData_Split/train/anthracnose/anthracnose_1415.jpg
train,anthracnose,0,/content/CashewData_Split/train/anthracnose/anthracnose_1416.jpg
train,anthracnose,0,/content/CashewData_Split/train/anthracnose/anthracnose_1417.jpg
train,anthracnose,0,/content/CashewData_Split/train/anthracnose/anthracnose_1418.jpg
train,anthracnose,0,/content/CashewData_Split/train/anthracnose/anthracnose_1419.jpg
train,anthracnose,0,/content/CashewData_Split/train/anthracnose/anthracnose_142.jpg
train,anthracnose,0,/content/CashewData_Split/train/anthracnose/anthracnose_1420.jpg
train,anthracnose,0,/content/CashewData_Split/train/anthracnose/anthracnose_1421.jpg
train,anthracnose,0,/content/CashewData_Split/train/anthracnose/anthracnose_1422.jpg
train,anthracnose,0,/content/CashewData_Split/train/anthracnose/anthracnose_1423.jpg
train,anthracnose,0,/content/CashewData_Split/train/anthracnose/anthracnose_1424.jpg
train,anthracnose,0,/content/CashewData_Split/train/anthracnose/anthracnose_1425.jpg
train,anthracnose,0,/content/CashewData_Split/train/anthracnose/anthracnose_1426.jpg
train,anthracnose,0,/content/CashewData_Split/train/anthracnose/anthracnose_1427.jpg
train,anthracnose,0,/content/CashewData_Split/train/anthracnose/anthracnose_1428.jpg
train,anthracnose,0,/content/CashewData_Split/train/anthracnose/anthracnose_1429.jpg
train,anthracnose,0,/content/CashewData_Split/train/anthracnose/anthracnose_1430.jpg
train,anthracnose,0,/content/CashewData_Split/train/anthracnose/anthracnose_1431.jpg
train,anthracnose,0,/content/CashewData_Split/train/anthracnose/anthracnose_1432.jpg
train,anthracnose,0,/content/CashewData_Split/train/anthracnose/anthracnose_1433.jpg
train,anthracnose,0,/content/CashewData_Split/train/anthracnose/anthracnose_1434.jpg
train,anthracnose,0,/content/CashewData_Split/train/anthracnose/anthracnose_1435.jpg
train,anthracnose,0,/content/CashewData_Split/train/anthracnose/anthracnose_1436.jpg
train,anthracnose,0,/content/CashewData_Split/train/anthracnose/anthracnose_1437.jpg
train,anthracnose,0,/content/CashewData_Split/train/anthracnose/anthracnose_1438.jpg
train,anthracnose,0,/content/CashewData_Split/train/anthracnose/anthracnose_1440.jpg
train,anthracnose,0,/content/CashewData_Split/train/anthracnose/anthracnose_1441.jpg
train,anthracnose,0,/content/CashewData_Split/train/anthracnose/anthracnose_1442.jpg
train,anthracnose,0,/content/CashewData_Split/train/anthracnose/anthracnose_1443.jpg
train,anthracnose,0,/content/CashewData_Split/train/anthracnose/anthracnose_1444.jpg
train,anthracnose,0,/content/CashewData_Split/train/anthracnose/anthracnose_1445.jpg
train,anthracnose,0,/content/CashewData_Split/train/anthracnose/anthracnose_1446.jpg
train,anthracnose,0,/content/CashewData_Split/train/anthracnose/anthracnose_1447.jpg
train,anthracnose,0,/content/CashewData_Split/train/anthracnose/anthracnose_1448.jpg
train,anthracnose,0,/content/CashewData_Split/train/anthracnose/anthracnose_1449.jpg
train,anthracnose,0,/content/CashewData_Split/train/anthracnose/anthracnose_145.jpg
train,anthracnose,0,/content/CashewData_Split/train/anthracnose/anthracnose_1450.jpg
train,anthracnose,0,/content/CashewData_Split/train/anthracnose/anthracnose_1451.jpg
train,anthracnose,0,/content/CashewData_Split/train/anthracnose/anthracnose_1452.jpg
train,anthracnose,0,/content/CashewData_Split/train/anthracnose/anthracnose_1453.jpg
train,anthracnose,0,/content/CashewData_Split/train/anthracnose/anthracnose_1454.jpg
train,anthracnose,0,/content/CashewData_Split/train/anthracnose/anthracnose_1455.jpg
train,anthracnose,0,/content/CashewData_Split/train/anthracnose/anthracnose_1456.jpg
train,anthracnose,0,/content/CashewData_Split/train/anthracnose/anthracnose_1457.jpg
train,anthracnose,0,/content/CashewData_Split/train/anthracnose/anthracnose_1458.jpg
train,anthracnose,0,/content/CashewData_Split/train/anthracnose/anthracnose_1459.jpg
train,anthracnose,0,/content/CashewData_Split/train/anthracnose/anthracnose_1460.jpg
train,anthracnose,0,/content/CashewData_Split/train/anthracnose/anthracnose_1461.jpg
train,anthracnose,0,/content/CashewData_Split/train/anthracnose/anthracnose_1462.jpg
train,anthracnose,0,/content/CashewData_Split/train/anthracnose/anthracnose_1463.jpg
train,anthracnose,0,/content/CashewData_Split/train/anthracnose/anthracnose_1464.jpg
train,anthracnose,0,/content/CashewData_Split/train/anthracnose/anthracnose_1465.jpg
train,anthracnose,0,/content/CashewData_Split/train/anthracnose/anthracnose_1466.jpg
train,anthracnose,0,/content/CashewData_Split/train/anthracnose/anthracnose_1467.jpg
train,anthracnose,0,/content/CashewData_Split/train/anthracnose/anthracnose_1468.jpg
train,anthracnose,0,/content/CashewData_Split/train/anthracnose/anthracnose_1469.jpg
train,anthracnose,0,/content/CashewData_Split/train/anthracnose/anthracnose_1470.jpg
train,anthracnose,0,/content/CashewData_Split/train/anthracnose/anthracnose_1471.jpg
train,anthracnose,0,/content/CashewData_Split/train/anthracnose/anthracnose_1472.jpg
train,anthracnose,0,/content/CashewData_Split/train/anthracnose/anthracnose_1473.jpg
train,anthracnose,0,/content/CashewData_Split/train/anthracnose/anthracnose_1474.jpg
train,anthracnose,0,/content/CashewData_Split/train/anthracnose/anthracnose_1476.jpg
train,anthracnose,0,/content/CashewData_Split/train/anthracnose/anthracnose_1477.jpg
train,anthracnose,0,/content/CashewData_Split/train/anthracnose/anthracnose_1478.jpg
train,anthracnose,0,/content/CashewData_Split/train/anthracnose/anthracnose_1479.jpg
train,anthracnose,0,/content/CashewData_Split/train/anthracnose/anthracnose_1480.jpg
train,anthracnose,0,/content/CashewData_Split/train/anthracnose/anthracnose_1481.jpg
train,anthracnose,0,/content/CashewData_Split/train/anthracnose/anthracnose_1482.jpg
train,anthracnose,0,/content/CashewData_Split/train/anthracnose/anthracnose_1483.jpg
train,anthracnose,0,/content/CashewData_Split/train/anthracnose/anthracnose_1484.jpg
train,anthracnose,0,/content/CashewData_Split/train/anthracnose/anthracnose_1485.jpg
train,anthracnose,0,/content/CashewData_Split/train/anthracnose/anthracnose_1486.jpg
train,anthracnose,0,/content/CashewData_Split/train/anthracnose/anthracnose_1487.jpg
train,anthracnose,0,/content/CashewData_Split/train/anthracnose/anthracnose_1488.jpg
train,anthracnose,0,/content/CashewData_Split/train/anthracnose/anthracnose_1489.jpg
train,anthracnose,0,/content/CashewData_Split/train/anthracnose/anthracnose_1490.jpg
train,anthracnose,0,/content/CashewData_Split/train/anthracnose/anthracnose_1491.jpg
train,anthracnose,0,/content/CashewData_Split/train/anthracnose/anthracnose_1492.jpg
train,anthracnose,0,/content/CashewData_Split/train/anthracnose/anthracnose_1493.jpg
train,anthracnose,0,/content/CashewData_Split/train/anthracnose/anthracnose_1494.jpg
train,anthracnose,0,/content/CashewData_Split/train/anthracnose/anthracnose_1495.jpg
train,anthracnose,0,/content/CashewData_Split/train/anthracnose/anthracnose_1496.jpg
train,anthracnose,0,/content/CashewData_Split/train/anthracnose/anthracnose_1497.jpg
train,anthracnose,0,/content/CashewData_Split/train/anthracnose/anthracnose_1498.jpg
train,anthracnose,0,/content/CashewData_Split/train/anthracnose/anthracnose_1499.jpg
train,anthracnose,0,/content/CashewData_Split/train/anthracnose/anthracnose_15.jpg
train,anthracnose,0,/content/CashewData_Split/train/anthracnose/anthracnose_1500.jpg
train,anthracnose,0,/content/CashewData_Split/train/anthracnose/anthracnose_1501.jpg
train,anthracnose,0,/content/CashewData_Split/train/anthracnose/anthracnose_1502.jpg
train,anthracnose,0,/content/CashewData_Split/train/anthracnose/anthracnose_1503.jpg
train,anthracnose,0,/content/CashewData_Split/train/anthracnose/anthracnose_1504.jpg
train,anthracnose,0,/content/CashewData_Split/train/anthracnose/anthracnose_1505.jpg
train,anthracnose,0,/content/CashewData_Split/train/anthracnose/anthracnose_1506.jpg
train,anthracnose,0,/content/CashewData_Split/train/anthracnose/anthracnose_1507.jpg
train,anthracnose,0,/content/CashewData_Split/train/anthracnose/anthracnose_1508.jpg
train,anthracnose,0,/content/CashewData_Split/train/anthracnose/anthracnose_151.jpg
train,anthracnose,0,/content/CashewData_Split/train/anthracnose/anthracnose_1510.jpg
train,anthracnose,0,/content/CashewData_Split/train/anthracnose/anthracnose_1511.jpg
train,anthracnose,0,/content/CashewData_Split/train/anthracnose/anthracnose_1512.jpg
train,anthracnose,0,/content/CashewData_Split/train/anthracnose/anthracnose_1513.jpg
train,anthracnose,0,/content/CashewData_Split/train/anthracnose/anthracnose_1514.jpg
train,anthracnose,0,/content/CashewData_Split/train/anthracnose/anthracnose_1515.jpg
train,anthracnose,0,/content/CashewData_Split/train/anthracnose/anthracnose_1517.jpg
train,anthracnose,0,/content/CashewData_Split/train/anthracnose/anthracnose_1518.jpg
train,anthracnose,0,/content/CashewData_Split/train/anthracnose/anthracnose_1519.jpg
train,anthracnose,0,/content/CashewData_Split/train/anthracnose/anthracnose_152.jpg
train,anthracnose,0,/content/CashewData_Split/train/anthracnose/anthracnose_153.jpg
train,anthracnose,0,/content/CashewData_Split/train/anthracnose/anthracnose_157.jpg
train,anthracnose,0,/content/CashewData_Split/train/anthracnose/anthracnose_159.jpg
train,anthracnose,0,/content/CashewData_Split/train/anthracnose/anthracnose_160.jpg
train,anthracnose,0,/content/CashewData_Split/train/anthracnose/anthracnose_161.jpg
train,anthracnose,0,/content/CashewData_Split/train/anthracnose/anthracnose_162.jpg
train,anthracnose,0,/content/CashewData_Split/train/anthracnose/anthracnose_163.jpg
train,anthracnose,0,/content/CashewData_Split/train/anthracnose/anthracnose_164.jpg
train,anthracnose,0,/content/CashewData_Split/train/anthracnose/anthracnose_165.jpg
train,anthracnose,0,/content/CashewData_Split/train/anthracnose/anthracnose_166.jpg
train,anthracnose,0,/content/CashewData_Split/train/anthracnose/anthracnose_172.jpg
train,anthracnose,0,/content/CashewData_Split/train/anthracnose/anthracnose_173.jpg
train,anthracnose,0,/content/CashewData_Split/train/anthracnose/anthracnose_175.jpg
train,anthracnose,0,/content/CashewData_Split/train/anthracnose/anthracnose_176.jpg
train,anthracnose,0,/content/CashewData_Split/train/anthracnose/anthracnose_185.jpg
train,anthracnose,0,/content/CashewData_Split/train/anthracnose/anthracnose_186.jpg
train,anthracnose,0,/content/CashewData_Split/train/anthracnose/anthracnose_188.jpg
train,anthracnose,0,/content/CashewData_Split/train/anthracnose/anthracnose_189.jpg
train,anthracnose,0,/content/CashewData_Split/train/anthracnose/anthracnose_190.jpg
train,anthracnose,0,/content/CashewData_Split/train/anthracnose/anthracnose_209.jpg
train,anthracnose,0,/content/CashewData_Split/train/anthracnose/anthracnose_215.jpg
train,anthracnose,0,/content/CashewData_Split/train/anthracnose/anthracnose_216.jpg
train,anthracnose,0,/content/CashewData_Split/train/anthracnose/anthracnose_217.jpg
train,anthracnose,0,/content/CashewData_Split/train/anthracnose/anthracnose_220.jpg
train,anthracnose,0,/content/CashewData_Split/train/anthracnose/anthracnose_221.jpg
train,anthracnose,0,/content/CashewData_Split/train/anthracnose/anthracnose_222.jpg
train,anthracnose,0,/content/CashewData_Split/train/anthracnose/anthracnose_223.jpg
train,anthracnose,0,/content/CashewData_Split/train/anthracnose/anthracnose_24.jpg
train,anthracnose,0,/content/CashewData_Split/train/anthracnose/anthracnose_296.jpg
train,anthracnose,0,/content/CashewData_Split/train/anthracnose/anthracnose_297.jpg
train,anthracnose,0,/content/CashewData_Split/train/anthracnose/anthracnose_30.jpg
train,anthracnose,0,/content/CashewData_Split/train/anthracnose/anthracnose_303.jpg
train,anthracnose,0,/content/CashewData_Split/train/anthracnose/anthracnose_305.jpg
train,anthracnose,0,/content/CashewData_Split/train/anthracnose/anthracnose_307.jpg
train,anthracnose,0,/content/CashewData_Split/train/anthracnose/anthracnose_308.jpg
train,anthracnose,0,/content/CashewData_Split/train/anthracnose/anthracnose_35.jpg
train,anthracnose,0,/content/CashewData_Split/train/anthracnose/anthracnose_43.jpg
train,anthracnose,0,/content/CashewData_Split/train/anthracnose/anthracnose_44.jpg
train,anthracnose,0,/content/CashewData_Split/train/anthracnose/anthracnose_464.jpg
train,anthracnose,0,/content/CashewData_Split/train/anthracnose/anthracnose_465.jpg
train,anthracnose,0,/content/CashewData_Split/train/anthracnose/anthracnose_466.jpg
train,anthracnose,0,/content/CashewData_Split/train/anthracnose/anthracnose_467.jpg
train,anthracnose,0,/content/CashewData_Split/train/anthracnose/anthracnose_468.jpg
train,anthracnose,0,/content/CashewData_Split/train/anthracnose/anthracnose_469.jpg
train,anthracnose,0,/content/CashewData_Split/train/anthracnose/anthracnose_470.jpg
train,anthracnose,0,/content/CashewData_Split/train/anthracnose/anthracnose_471.jpg
train,anthracnose,0,/content/CashewData_Split/train/anthracnose/anthracnose_472.jpg
train,anthracnose,0,/content/CashewData_Split/train/anthracnose/anthracnose_473.jpg
train,anthracnose,0,/content/CashewData_Split/train/anthracnose/anthracnose_474.jpg
train,anthracnose,0,/content/CashewData_Split/train/anthracnose/anthracnose_475.jpg
train,anthracnose,0,/content/CashewData_Split/train/anthracnose/anthracnose_476.jpg
train,anthracnose,0,/content/CashewData_Split/train/anthracnose/anthracnose_48.jpg
train,anthracnose,0,/content/CashewData_Split/train/anthracnose/anthracnose_481.jpg
train,anthracnose,0,/content/CashewData_Split/train/anthracnose/anthracnose_482.jpg
train,anthracnose,0,/content/CashewData_Split/train/anthracnose/anthracnose_483.jpg
train,anthracnose,0,/content/CashewData_Split/train/anthracnose/anthracnose_484.jpg
train,anthracnose,0,/content/CashewData_Split/train/anthracnose/anthracnose_488.jpg
train,anthracnose,0,/content/CashewData_Split/train/anthracnose/anthracnose_49.jpg
train,anthracnose,0,/content/CashewData_Split/train/anthracnose/anthracnose_493.jpg
train,anthracnose,0,/content/CashewData_Split/train/anthracnose/anthracnose_494.jpg
train,anthracnose,0,/content/CashewData_Split/train/anthracnose/anthracnose_495.jpg
train,anthracnose,0,/content/CashewData_Split/train/anthracnose/anthracnose_496.jpg
train,anthracnose,0,/content/CashewData_Split/train/anthracnose/anthracnose_499.jpg
train,anthracnose,0,/content/CashewData_Split/train/anthracnose/anthracnose_501.jpg
train,anthracnose,0,/content/CashewData_Split/train/anthracnose/anthracnose_502.jpg
train,anthracnose,0,/content/CashewData_Split/train/anthracnose/anthracnose_503.jpg
train,anthracnose,0,/content/CashewData_Split/train/anthracnose/anthracnose_507.jpg
train,anthracnose,0,/content/CashewData_Split/train/anthracnose/anthracnose_508.jpg
train,anthracnose,0,/content/CashewData_Split/train/anthracnose/anthracnose_509.jpg
train,anthracnose,0,/content/CashewData_Split/train/anthracnose/anthracnose_512.jpg
train,anthracnose,0,/content/CashewData_Split/train/anthracnose/anthracnose_513.jpg
train,anthracnose,0,/content/CashewData_Split/train/anthracnose/anthracnose_514.jpg
train,anthracnose,0,/content/CashewData_Split/train/anthracnose/anthracnose_515.jpg
train,anthracnose,0,/content/CashewData_Split/train/anthracnose/anthracnose_520.jpg
train,anthracnose,0,/content/CashewData_Split/train/anthracnose/anthracnose_521.jpg
train,anthracnose,0,/content/CashewData_Split/train/anthracnose/anthracnose_522.jpg
train,anthracnose,0,/content/CashewData_Split/train/anthracnose/anthracnose_523.jpg
train,anthracnose,0,/content/CashewData_Split/train/anthracnose/anthracnose_524.jpg
train,anthracnose,0,/content/CashewData_Split/train/anthracnose/anthracnose_525.jpg
train,anthracnose,0,/content/CashewData_Split/train/anthracnose/anthracnose_526.jpg
train,anthracnose,0,/content/CashewData_Split/train/anthracnose/anthracnose_527.jpg
train,anthracnose,0,/content/CashewData_Split/train/anthracnose/anthracnose_528.jpg
train,anthracnose,0,/content/CashewData_Split/train/anthracnose/anthracnose_53.jpg
train,anthracnose,0,/content/CashewData_Split/train/anthracnose/anthracnose_530.jpg
train,anthracnose,0,/content/CashewData_Split/train/anthracnose/anthracnose_531.jpg
train,anthracnose,0,/content/CashewData_Split/train/anthracnose/anthracnose_535.jpg
train,anthracnose,0,/content/CashewData_Split/train/anthracnose/anthracnose_537.jpg
train,anthracnose,0,/content/CashewData_Split/train/anthracnose/anthracnose_539.jpg
train,anthracnose,0,/content/CashewData_Split/train/anthracnose/anthracnose_540.jpg
train,anthracnose,0,/content/CashewData_Split/train/anthracnose/anthracnose_541.jpg
train,anthracnose,0,/content/CashewData_Split/train/anthracnose/anthracnose_542.jpg
train,anthracnose,0,/content/CashewData_Split/train/anthracnose/anthracnose_543.jpg
train,anthracnose,0,/content/CashewData_Split/train/anthracnose/anthracnose_545.jpg
train,anthracnose,0,/content/CashewData_Split/train/anthracnose/anthracnose_546.jpg
train,anthracnose,0,/content/CashewData_Split/train/anthracnose/anthracnose_547.jpg
train,anthracnose,0,/content/CashewData_Split/train/anthracnose/anthracnose_548.jpg
train,anthracnose,0,/content/CashewData_Split/train/anthracnose/anthracnose_549.jpg
train,anthracnose,0,/content/CashewData_Split/train/anthracnose/anthracnose_551.jpg
train,anthracnose,0,/content/CashewData_Split/train/anthracnose/anthracnose_552.jpg
train,anthracnose,0,/content/CashewData_Split/train/anthracnose/anthracnose_553.jpg
train,anthracnose,0,/content/CashewData_Split/train/anthracnose/anthracnose_557.jpg
train,anthracnose,0,/content/CashewData_Split/train/anthracnose/anthracnose_558.jpg
train,anthracnose,0,/content/CashewData_Split/train/anthracnose/anthracnose_559.jpg
train,anthracnose,0,/content/CashewData_Split/train/anthracnose/anthracnose_56.jpg
train,anthracnose,0,/content/CashewData_Split/train/anthracnose/anthracnose_561.jpg
train,anthracnose,0,/content/CashewData_Split/train/anthracnose/anthracnose_562.jpg
train,anthracnose,0,/content/CashewData_Split/train/anthracnose/anthracnose_563.jpg
train,anthracnose,0,/content/CashewData_Split/train/anthracnose/anthracnose_564.jpg
train,anthracnose,0,/content/CashewData_Split/train/anthracnose/anthracnose_565.jpg
train,anthracnose,0,/content/CashewData_Split/train/anthracnose/anthracnose_566.jpg
train,anthracnose,0,/content/CashewData_Split/train/anthracnose/anthracnose_568.jpg
train,anthracnose,0,/content/CashewData_Split/train/anthracnose/anthracnose_569.jpg
train,anthracnose,0,/content/CashewData_Split/train/anthracnose/anthracnose_57.jpg
train,anthracnose,0,/content/CashewData_Split/train/anthracnose/anthracnose_570.jpg
train,anthracnose,0,/content/CashewData_Split/train/anthracnose/anthracnose_571.jpg
train,anthracnose,0,/content/CashewData_Split/train/anthracnose/anthracnose_572.jpg
train,anthracnose,0,/content/CashewData_Split/train/anthracnose/anthracnose_574.jpg
train,anthracnose,0,/content/CashewData_Split/train/anthracnose/anthracnose_575.jpg
train,anthracnose,0,/content/CashewData_Split/train/anthracnose/anthracnose_576.jpg
train,anthracnose,0,/content/CashewData_Split/train/anthracnose/anthracnose_577.jpg
train,anthracnose,0,/content/CashewData_Split/train/anthracnose/anthracnose_578.jpg
train,anthracnose,0,/content/CashewData_Split/train/anthracnose/anthracnose_579.jpg
train,anthracnose,0,/content/CashewData_Split/train/anthracnose/anthracnose_580.jpg
train,anthracnose,0,/content/CashewData_Split/train/anthracnose/anthracnose_581.jpg
train,anthracnose,0,/content/CashewData_Split/train/anthracnose/anthracnose_582.jpg
train,anthracnose,0,/content/CashewData_Split/train/anthracnose/anthracnose_583.jpg
train,anthracnose,0,/content/CashewData_Split/train/anthracnose/anthracnose_584.jpg
train,anthracnose,0,/content/CashewData_Split/train/anthracnose/anthracnose_585.jpg
train,anthracnose,0,/content/CashewData_Split/train/anthracnose/anthracnose_586.jpg
train,anthracnose,0,/content/CashewData_Split/train/anthracnose/anthracnose_587.jpg
train,anthracnose,0,/content/CashewData_Split/train/anthracnose/anthracnose_588.jpg
train,anthracnose,0,/content/CashewData_Split/train/anthracnose/anthracnose_589.jpg
train,anthracnose,0,/content/CashewData_Split/train/anthracnose/anthracnose_590.jpg
train,anthracnose,0,/content/CashewData_Split/train/anthracnose/anthracnose_592.jpg
train,anthracnose,0,/content/CashewData_Split/train/anthracnose/anthracnose_593.jpg
train,anthracnose,0,/content/CashewData_Split/train/anthracnose/anthracnose_594.jpg
train,anthracnose,0,/content/CashewData_Split/train/anthracnose/anthracnose_596.jpg
train,anthracnose,0,/content/CashewData_Split/train/anthracnose/anthracnose_598.jpg
train,anthracnose,0,/content/CashewData_Split/train/anthracnose/anthracnose_603.jpg
train,anthracnose,0,/content/CashewData_Split/train/anthracnose/anthracnose_604.jpg
train,anthracnose,0,/content/CashewData_Split/train/anthracnose/anthracnose_605.jpg
train,anthracnose,0,/content/CashewData_Split/train/anthracnose/anthracnose_606.jpg
train,anthracnose,0,/content/CashewData_Split/train/anthracnose/anthracnose_607.jpg
train,anthracnose,0,/content/CashewData_Split/train/anthracnose/anthracnose_608.jpg
train,anthracnose,0,/content/CashewData_Split/train/anthracnose/anthracnose_609.jpg
train,anthracnose,0,/content/CashewData_Split/train/anthracnose/anthracnose_61.jpg
train,anthracnose,0,/content/CashewData_Split/train/anthracnose/anthracnose_610.jpg
train,anthracnose,0,/content/CashewData_Split/train/anthracnose/anthracnose_611.jpg
train,anthracnose,0,/content/CashewData_Split/train/anthracnose/anthracnose_612.jpg
train,anthracnose,0,/content/CashewData_Split/train/anthracnose/anthracnose_615.jpg
train,anthracnose,0,/content/CashewData_Split/train/anthracnose/anthracnose_616.jpg
train,anthracnose,0,/content/CashewData_Split/train/anthracnose/anthracnose_617.jpg
train,anthracnose,0,/content/CashewData_Split/train/anthracnose/anthracnose_618.jpg
train,anthracnose,0,/content/CashewData_Split/train/anthracnose/anthracnose_619.jpg
train,anthracnose,0,/content/CashewData_Split/train/anthracnose/anthracnose_62.jpg
train,anthracnose,0,/content/CashewData_Split/train/anthracnose/anthracnose_620.jpg
train,anthracnose,0,/content/CashewData_Split/train/anthracnose/anthracnose_621.jpg
train,anthracnose,0,/content/CashewData_Split/train/anthracnose/anthracnose_622.jpg
train,anthracnose,0,/content/CashewData_Split/train/anthracnose/anthracnose_623.jpg
train,anthracnose,0,/content/CashewData_Split/train/anthracnose/anthracnose_624.jpg
train,anthracnose,0,/content/CashewData_Split/train/anthracnose/anthracnose_625.jpg
train,anthracnose,0,/content/CashewData_Split/train/anthracnose/anthracnose_626.jpg
train,anthracnose,0,/content/CashewData_Split/train/anthracnose/anthracnose_627.jpg
train,anthracnose,0,/content/CashewData_Split/train/anthracnose/anthracnose_628.jpg
train,anthracnose,0,/content/CashewData_Split/train/anthracnose/anthracnose_629.jpg
train,anthracnose,0,/content/CashewData_Split/train/anthracnose/anthracnose_630.jpg
train,anthracnose,0,/content/CashewData_Split/train/anthracnose/anthracnose_631.jpg
train,anthracnose,0,/content/CashewData_Split/train/anthracnose/anthracnose_632.jpg
train,anthracnose,0,/content/CashewData_Split/train/anthracnose/anthracnose_633.jpg
train,anthracnose,0,/content/CashewData_Split/train/anthracnose/anthracnose_634.jpg
train,anthracnose,0,/content/CashewData_Split/train/anthracnose/anthracnose_635.jpg
train,anthracnose,0,/content/CashewData_Split/train/anthracnose/anthracnose_636.jpg
train,anthracnose,0,/content/CashewData_Split/train/anthracnose/anthracnose_637.jpg
train,anthracnose,0,/content/CashewData_Split/train/anthracnose/anthracnose_638.jpg
train,anthracnose,0,/content/CashewData_Split/train/anthracnose/anthracnose_639.jpg
train,anthracnose,0,/content/CashewData_Split/train/anthracnose/anthracnose_640.jpg
train,anthracnose,0,/content/CashewData_Split/train/anthracnose/anthracnose_641.jpg
train,anthracnose,0,/content/CashewData_Split/train/anthracnose/anthracnose_644.jpg
train,anthracnose,0,/content/CashewData_Split/train/anthracnose/anthracnose_645.jpg
train,anthracnose,0,/content/CashewData_Split/train/anthracnose/anthracnose_646.jpg
train,anthracnose,0,/content/CashewData_Split/train/anthracnose/anthracnose_647.jpg
train,anthracnose,0,/content/CashewData_Split/train/anthracnose/anthracnose_648.jpg
train,anthracnose,0,/content/CashewData_Split/train/anthracnose/anthracnose_649.jpg
train,anthracnose,0,/content/CashewData_Split/train/anthracnose/anthracnose_650.jpg
train,anthracnose,0,/content/CashewData_Split/train/anthracnose/anthracnose_651.jpg
train,anthracnose,0,/content/CashewData_Split/train/anthracnose/anthracnose_652.jpg
train,anthracnose,0,/content/CashewData_Split/train/anthracnose/anthracnose_653.jpg
train,anthracnose,0,/content/CashewData_Split/train/anthracnose/anthracnose_655.jpg
train,anthracnose,0,/content/CashewData_Split/train/anthracnose/anthracnose_656.jpg
train,anthracnose,0,/content/CashewData_Split/train/anthracnose/anthracnose_657.jpg
train,anthracnose,0,/content/CashewData_Split/train/anthracnose/anthracnose_658.jpg
train,anthracnose,0,/content/CashewData_Split/train/anthracnose/anthracnose_659.jpg
train,anthracnose,0,/content/CashewData_Split/train/anthracnose/anthracnose_660.jpg
train,anthracnose,0,/content/CashewData_Split/train/anthracnose/anthracnose_661.jpg
train,anthracnose,0,/content/CashewData_Split/train/anthracnose/anthracnose_662.jpg
train,anthracnose,0,/content/CashewData_Split/train/anthracnose/anthracnose_663.jpg
train,anthracnose,0,/content/CashewData_Split/train/anthracnose/anthracnose_664.jpg
train,anthracnose,0,/content/CashewData_Split/train/anthracnose/anthracnose_665.jpg
train,anthracnose,0,/content/CashewData_Split/train/anthracnose/anthracnose_666.jpg
train,anthracnose,0,/content/CashewData_Split/train/anthracnose/anthracnose_667.jpg
train,anthracnose,0,/content/CashewData_Split/train/anthracnose/anthracnose_668.jpg
train,anthracnose,0,/content/CashewData_Split/train/anthracnose/anthracnose_669.jpg
train,anthracnose,0,/content/CashewData_Split/train/anthracnose/anthracnose_67.jpg
train,anthracnose,0,/content/CashewData_Split/train/anthracnose/anthracnose_670.jpg
train,anthracnose,0,/content/CashewData_Split/train/anthracnose/anthracnose_671.jpg
train,anthracnose,0,/content/CashewData_Split/train/anthracnose/anthracnose_672.jpg
train,anthracnose,0,/content/CashewData_Split/train/anthracnose/anthracnose_673.jpg
train,anthracnose,0,/content/CashewData_Split/train/anthracnose/anthracnose_674.jpg
train,anthracnose,0,/content/CashewData_Split/train/anthracnose/anthracnose_675.jpg
train,anthracnose,0,/content/CashewData_Split/train/anthracnose/anthracnose_676.jpg
train,anthracnose,0,/content/CashewData_Split/train/anthracnose/anthracnose_677.jpg
train,anthracnose,0,/content/CashewData_Split/train/anthracnose/anthracnose_678.jpg
train,anthracnose,0,/content/CashewData_Split/train/anthracnose/anthracnose_679.jpg
train,anthracnose,0,/content/CashewData_Split/train/anthracnose/anthracnose_68.jpg
train,anthracnose,0,/content/CashewData_Split/train/anthracnose/anthracnose_680.jpg
train,anthracnose,0,/content/CashewData_Split/train/anthracnose/anthracnose_681.jpg
train,anthracnose,0,/content/CashewData_Split/train/anthracnose/anthracnose_684.jpg
train,anthracnose,0,/content/CashewData_Split/train/anthracnose/anthracnose_685.jpg
train,anthracnose,0,/content/CashewData_Split/train/anthracnose/anthracnose_686.jpg
train,anthracnose,0,/content/CashewData_Split/train/anthracnose/anthracnose_687.jpg
train,anthracnose,0,/content/CashewData_Split/train/anthracnose/anthracnose_688.jpg
train,anthracnose,0,/content/CashewData_Split/train/anthracnose/anthracnose_690.jpg
train,anthracnose,0,/content/CashewData_Split/train/anthracnose/anthracnose_691.jpg
train,anthracnose,0,/content/CashewData_Split/train/anthracnose/anthracnose_692.jpg
train,anthracnose,0,/content/CashewData_Split/train/anthracnose/anthracnose_693.jpg
train,anthracnose,0,/content/CashewData_Split/train/anthracnose/anthracnose_694.jpg
train,anthracnose,0,/content/CashewData_Split/train/anthracnose/anthracnose_695.jpg
train,anthracnose,0,/content/CashewData_Split/train/anthracnose/anthracnose_696.jpg
train,anthracnose,0,/content/CashewData_Split/train/anthracnose/anthracnose_697.jpg
train,anthracnose,0,/content/CashewData_Split/train/anthracnose/anthracnose_698.jpg
train,anthracnose,0,/content/CashewData_Split/train/anthracnose/anthracnose_699.jpg
train,anthracnose,0,/content/CashewData_Split/train/anthracnose/anthracnose_700.jpg
train,anthracnose,0,/content/CashewData_Split/train/anthracnose/anthracnose_701.jpg
train,anthracnose,0,/content/CashewData_Split/train/anthracnose/anthracnose_702.jpg
train,anthracnose,0,/content/CashewData_Split/train/anthracnose/anthracnose_703.jpg
train,anthracnose,0,/content/CashewData_Split/train/anthracnose/anthracnose_704.jpg
train,anthracnose,0,/content/CashewData_Split/train/anthracnose/anthracnose_705.jpg
train,anthracnose,0,/content/CashewData_Split/train/anthracnose/anthracnose_706.jpg
train,anthracnose,0,/content/CashewData_Split/train/anthracnose/anthracnose_707.jpg
train,anthracnose,0,/content/CashewData_Split/train/anthracnose/anthracnose_71.jpg
train,anthracnose,0,/content/CashewData_Split/train/anthracnose/anthracnose_711.jpg
train,anthracnose,0,/content/CashewData_Split/train/anthracnose/anthracnose_713.jpg
train,anthracnose,0,/content/CashewData_Split/train/anthracnose/anthracnose_714.jpg
train,anthracnose,0,/content/CashewData_Split/train/anthracnose/anthracnose_715.jpg
train,anthracnose,0,/content/CashewData_Split/train/anthracnose/anthracnose_716.jpg
train,anthracnose,0,/content/CashewData_Split/train/anthracnose/anthracnose_717.jpg
train,anthracnose,0,/content/CashewData_Split/train/anthracnose/anthracnose_718.jpg
train,anthracnose,0,/content/CashewData_Split/train/anthracnose/anthracnose_721.jpg
train,anthracnose,0,/content/CashewData_Split/train/anthracnose/anthracnose_722.jpg
train,anthracnose,0,/content/CashewData_Split/train/anthracnose/anthracnose_723.jpg
train,anthracnose,0,/content/CashewData_Split/train/anthracnose/anthracnose_724.jpg
train,anthracnose,0,/content/CashewData_Split/train/anthracnose/anthracnose_725.jpg
train,anthracnose,0,/content/CashewData_Split/train/anthracnose/anthracnose_726.jpg
train,anthracnose,0,/content/CashewData_Split/train/anthracnose/anthracnose_727.jpg
train,anthracnose,0,/content/CashewData_Split/train/anthracnose/anthracnose_728.jpg
train,anthracnose,0,/content/CashewData_Split/train/anthracnose/anthracnose_729.jpg
train,anthracnose,0,/content/CashewData_Split/train/anthracnose/anthracnose_730.jpg
train,anthracnose,0,/content/CashewData_Split/train/anthracnose/anthracnose_731.jpg
train,anthracnose,0,/content/CashewData_Split/train/anthracnose/anthracnose_732.jpg
train,anthracnose,0,/content/CashewData_Split/train/anthracnose/anthracnose_733.jpg
train,anthracnose,0,/content/CashewData_Split/train/anthracnose/anthracnose_734.jpg
train,anthracnose,0,/content/CashewData_Split/train/anthracnose/anthracnose_737.jpg
train,anthracnose,0,/content/CashewData_Split/train/anthracnose/anthracnose_738.jpg
train,anthracnose,0,/content/CashewData_Split/train/anthracnose/anthracnose_739.jpg
train,anthracnose,0,/content/CashewData_Split/train/anthracnose/anthracnose_74.jpg
train,anthracnose,0,/content/CashewData_Split/train/anthracnose/anthracnose_740.jpg
train,anthracnose,0,/content/CashewData_Split/train/anthracnose/anthracnose_741.jpg
train,anthracnose,0,/content/CashewData_Split/train/anthracnose/anthracnose_742.jpg
train,anthracnose,0,/content/CashewData_Split/train/anthracnose/anthracnose_743.jpg
train,anthracnose,0,/content/CashewData_Split/train/anthracnose/anthracnose_744.jpg
train,anthracnose,0,/content/CashewData_Split/train/anthracnose/anthracnose_745.jpg
train,anthracnose,0,/content/CashewData_Split/train/anthracnose/anthracnose_746.jpg
train,anthracnose,0,/content/CashewData_Split/train/anthracnose/anthracnose_747.jpg
train,anthracnose,0,/content/CashewData_Split/train/anthracnose/anthracnose_749.jpg
train,anthracnose,0,/content/CashewData_Split/train/anthracnose/anthracnose_75.jpg
train,anthracnose,0,/content/CashewData_Split/train/anthracnose/anthracnose_750.jpg
train,anthracnose,0,/content/CashewData_Split/train/anthracnose/anthracnose_751.jpg
train,anthracnose,0,/content/CashewData_Split/train/anthracnose/anthracnose_752.jpg
train,anthracnose,0,/content/CashewData_Split/train/anthracnose/anthracnose_753.jpg
train,anthracnose,0,/content/CashewData_Split/train/anthracnose/anthracnose_754.jpg
train,anthracnose,0,/content/CashewData_Split/train/anthracnose/anthracnose_755.jpg
train,anthracnose,0,/content/CashewData_Split/train/anthracnose/anthracnose_756.jpg
train,anthracnose,0,/content/CashewData_Split/train/anthracnose/anthracnose_757.jpg
train,anthracnose,0,/content/CashewData_Split/train/anthracnose/anthracnose_758.jpg
train,anthracnose,0,/content/CashewData_Split/train/anthracnose/anthracnose_759.jpg
train,anthracnose,0,/content/CashewData_Split/train/anthracnose/anthracnose_760.jpg
train,anthracnose,0,/content/CashewData_Split/train/anthracnose/anthracnose_761.jpg
train,anthracnose,0,/content/CashewData_Split/train/anthracnose/anthracnose_762.jpg
train,anthracnose,0,/content/CashewData_Split/train/anthracnose/anthracnose_763.jpg
train,anthracnose,0,/content/CashewData_Split/train/anthracnose/anthracnose_764.jpg
train,anthracnose,0,/content/CashewData_Split/train/anthracnose/anthracnose_765.jpg
train,anthracnose,0,/content/CashewData_Split/train/anthracnose/anthracnose_766.jpg
train,anthracnose,0,/content/CashewData_Split/train/anthracnose/anthracnose_767.jpg
train,anthracnose,0,/content/CashewData_Split/train/anthracnose/anthracnose_768.jpg
train,anthracnose,0,/content/CashewData_Split/train/anthracnose/anthracnose_769.jpg
train,anthracnose,0,/content/CashewData_Split/train/anthracnose/anthracnose_770.jpg
train,anthracnose,0,/content/CashewData_Split/train/anthracnose/anthracnose_771.jpg
train,anthracnose,0,/content/CashewData_Split/train/anthracnose/anthracnose_772.jpg
train,anthracnose,0,/content/CashewData_Split/train/anthracnose/anthracnose_773.jpg
train,anthracnose,0,/content/CashewData_Split/train/anthracnose/anthracnose_777.jpg
train,anthracnose,0,/content/CashewData_Split/train/anthracnose/anthracnose_779.jpg
train,anthracnose,0,/content/CashewData_Split/train/anthracnose/anthracnose_780.jpg
train,anthracnose,0,/content/CashewData_Split/train/anthracnose/anthracnose_781.jpg
train,anthracnose,0,/content/CashewData_Split/train/anthracnose/anthracnose_782.jpg
train,anthracnose,0,/content/CashewData_Split/train/anthracnose/anthracnose_783.jpg
train,anthracnose,0,/content/CashewData_Split/train/anthracnose/anthracnose_784.jpg
train,anthracnose,0,/content/CashewData_Split/train/anthracnose/anthracnose_785.jpg
train,anthracnose,0,/content/CashewData_Split/train/anthracnose/anthracnose_786.jpg
train,anthracnose,0,/content/CashewData_Split/train/anthracnose/anthracnose_787.jpg
train,anthracnose,0,/content/CashewData_Split/train/anthracnose/anthracnose_788.jpg
train,anthracnose,0,/content/CashewData_Split/train/anthracnose/anthracnose_789.jpg
train,anthracnose,0,/content/CashewData_Split/train/anthracnose/anthracnose_790.jpg
train,anthracnose,0,/content/CashewData_Split/train/anthracnose/anthracnose_791.jpg
train,anthracnose,0,/content/CashewData_Split/train/anthracnose/anthracnose_792.jpg
train,anthracnose,0,/content/CashewData_Split/train/anthracnose/anthracnose_794.jpg
train,anthracnose,0,/content/CashewData_Split/train/anthracnose/anthracnose_795.jpg
train,anthracnose,0,/content/CashewData_Split/train/anthracnose/anthracnose_796.jpg
train,anthracnose,0,/content/CashewData_Split/train/anthracnose/anthracnose_797.jpg
train,anthracnose,0,/content/CashewData_Split/train/anthracnose/anthracnose_8.jpg
train,anthracnose,0,/content/CashewData_Split/train/anthracnose/anthracnose_801.jpg
train,anthracnose,0,/content/CashewData_Split/train/anthracnose/anthracnose_802.jpg
train,anthracnose,0,/content/CashewData_Split/train/anthracnose/anthracnose_803.jpg
train,anthracnose,0,/content/CashewData_Split/train/anthracnose/anthracnose_805.jpg
train,anthracnose,0,/content/CashewData_Split/train/anthracnose/anthracnose_806.jpg
train,anthracnose,0,/content/CashewData_Split/train/anthracnose/anthracnose_808.jpg
train,anthracnose,0,/content/CashewData_Split/train/anthracnose/anthracnose_809.jpg
train,anthracnose,0,/content/CashewData_Split/train/anthracnose/anthracnose_810.jpg
train,anthracnose,0,/content/CashewData_Split/train/anthracnose/anthracnose_811.jpg
train,anthracnose,0,/content/CashewData_Split/train/anthracnose/anthracnose_812.jpg
train,anthracnose,0,/content/CashewData_Split/train/anthracnose/anthracnose_813.jpg
train,anthracnose,0,/content/CashewData_Split/train/anthracnose/anthracnose_814.jpg
train,anthracnose,0,/content/CashewData_Split/train/anthracnose/anthracnose_816.jpg
train,anthracnose,0,/content/CashewData_Split/train/anthracnose/anthracnose_817.jpg
train,anthracnose,0,/content/CashewData_Split/train/anthracnose/anthracnose_818.jpg
train,anthracnose,0,/content/CashewData_Split/train/anthracnose/anthracnose_819.jpg
train,anthracnose,0,/content/CashewData_Split/train/anthracnose/anthracnose_82.jpg
train,anthracnose,0,/content/CashewData_Split/train/anthracnose/anthracnose_820.jpg
train,anthracnose,0,/content/CashewData_Split/train/anthracnose/anthracnose_821.jpg
train,anthracnose,0,/content/CashewData_Split/train/anthracnose/anthracnose_822.jpg
train,anthracnose,0,/content/CashewData_Split/train/anthracnose/anthracnose_823.jpg
train,anthracnose,0,/content/CashewData_Split/train/anthracnose/anthracnose_824.jpg
train,anthracnose,0,/content/CashewData_Split/train/anthracnose/anthracnose_825.jpg
train,anthracnose,0,/content/CashewData_Split/train/anthracnose/anthracnose_826.jpg
train,anthracnose,0,/content/CashewData_Split/train/anthracnose/anthracnose_827.jpg
train,anthracnose,0,/content/CashewData_Split/train/anthracnose/anthracnose_831.jpg
train,anthracnose,0,/content/CashewData_Split/train/anthracnose/anthracnose_832.jpg
train,anthracnose,0,/content/CashewData_Split/train/anthracnose/anthracnose_833.jpg
train,anthracnose,0,/content/CashewData_Split/train/anthracnose/anthracnose_834.jpg
train,anthracnose,0,/content/CashewData_Split/train/anthracnose/anthracnose_837.jpg
train,anthracnose,0,/content/CashewData_Split/train/anthracnose/anthracnose_838.jpg
train,anthracnose,0,/content/CashewData_Split/train/anthracnose/anthracnose_839.jpg
train,anthracnose,0,/content/CashewData_Split/train/anthracnose/anthracnose_84.jpg
train,anthracnose,0,/content/CashewData_Split/train/anthracnose/anthracnose_842.jpg
train,anthracnose,0,/content/CashewData_Split/train/anthracnose/anthracnose_845.jpg
train,anthracnose,0,/content/CashewData_Split/train/anthracnose/anthracnose_846.jpg
train,anthracnose,0,/content/CashewData_Split/train/anthracnose/anthracnose_847.jpg
train,anthracnose,0,/content/CashewData_Split/train/anthracnose/anthracnose_848.jpg
train,anthracnose,0,/content/CashewData_Split/train/anthracnose/anthracnose_850.jpg
train,anthracnose,0,/content/CashewData_Split/train/anthracnose/anthracnose_851.jpg
train,anthracnose,0,/content/CashewData_Split/train/anthracnose/anthracnose_852.jpg
train,anthracnose,0,/content/CashewData_Split/train/anthracnose/anthracnose_853.jpg
train,anthracnose,0,/content/CashewData_Split/train/anthracnose/anthracnose_854.jpg
train,anthracnose,0,/content/CashewData_Split/train/anthracnose/anthracnose_855.jpg
train,anthracnose,0,/content/CashewData_Split/train/anthracnose/anthracnose_856.jpg
train,anthracnose,0,/content/CashewData_Split/train/anthracnose/anthracnose_857.jpg
train,anthracnose,0,/content/CashewData_Split/train/anthracnose/anthracnose_858.jpg
train,anthracnose,0,/content/CashewData_Split/train/anthracnose/anthracnose_859.jpg
train,anthracnose,0,/content/CashewData_Split/train/anthracnose/anthracnose_861.jpg
train,anthracnose,0,/content/CashewData_Split/train/anthracnose/anthracnose_862.jpg
train,anthracnose,0,/content/CashewData_Split/train/anthracnose/anthracnose_863.jpg
train,anthracnose,0,/content/CashewData_Split/train/anthracnose/anthracnose_864.jpg
train,anthracnose,0,/content/CashewData_Split/train/anthracnose/anthracnose_865.jpg
train,anthracnose,0,/content/CashewData_Split/train/anthracnose/anthracnose_866.jpg
train,anthracnose,0,/content/CashewData_Split/train/anthracnose/anthracnose_867.jpg
train,anthracnose,0,/content/CashewData_Split/train/anthracnose/anthracnose_868.jpg
train,anthracnose,0,/content/CashewData_Split/train/anthracnose/anthracnose_869.jpg
train,anthracnose,0,/content/CashewData_Split/train/anthracnose/anthracnose_87.jpg
train,anthracnose,0,/content/CashewData_Split/train/anthracnose/anthracnose_870.jpg
train,anthracnose,0,/content/CashewData_Split/train/anthracnose/anthracnose_871.jpg
train,anthracnose,0,/content/CashewData_Split/train/anthracnose/anthracnose_872.jpg
train,anthracnose,0,/content/CashewData_Split/train/anthracnose/anthracnose_873.jpg
train,anthracnose,0,/content/CashewData_Split/train/anthracnose/anthracnose_874.jpg
train,anthracnose,0,/content/CashewData_Split/train/anthracnose/anthracnose_875.jpg
train,anthracnose,0,/content/CashewData_Split/train/anthracnose/anthracnose_876.jpg
train,anthracnose,0,/content/CashewData_Split/train/anthracnose/anthracnose_877.jpg
train,anthracnose,0,/content/CashewData_Split/train/anthracnose/anthracnose_878.jpg
train,anthracnose,0,/content/CashewData_Split/train/anthracnose/anthracnose_880.jpg
train,anthracnose,0,/content/CashewData_Split/train/anthracnose/anthracnose_883.jpg
train,anthracnose,0,/content/CashewData_Split/train/anthracnose/anthracnose_885.jpg
train,anthracnose,0,/content/CashewData_Split/train/anthracnose/anthracnose_886.jpg
train,anthracnose,0,/content/CashewData_Split/train/anthracnose/anthracnose_887.jpg
train,anthracnose,0,/content/CashewData_Split/train/anthracnose/anthracnose_889.jpg
train,anthracnose,0,/content/CashewData_Split/train/anthracnose/anthracnose_89.jpg
train,anthracnose,0,/content/CashewData_Split/train/anthracnose/anthracnose_890.jpg
train,anthracnose,0,/content/CashewData_Split/train/anthracnose/anthracnose_891.jpg
train,anthracnose,0,/content/CashewData_Split/train/anthracnose/anthracnose_892.jpg
train,anthracnose,0,/content/CashewData_Split/train/anthracnose/anthracnose_893.jpg
train,anthracnose,0,/content/CashewData_Split/train/anthracnose/anthracnose_894.jpg
train,anthracnose,0,/content/CashewData_Split/train/anthracnose/anthracnose_895.jpg
train,anthracnose,0,/content/CashewData_Split/train/anthracnose/anthracnose_896.jpg
train,anthracnose,0,/content/CashewData_Split/train/anthracnose/anthracnose_897.jpg
train,anthracnose,0,/content/CashewData_Split/train/anthracnose/anthracnose_898.jpg
train,anthracnose,0,/content/CashewData_Split/train/anthracnose/anthracnose_899.jpg
train,anthracnose,0,/content/CashewData_Split/train/anthracnose/anthracnose_900.jpg
train,anthracnose,0,/content/CashewData_Split/train/anthracnose/anthracnose_901.jpg
train,anthracnose,0,/content/CashewData_Split/train/anthracnose/anthracnose_902.jpg
train,anthracnose,0,/content/CashewData_Split/train/anthracnose/anthracnose_903.jpg
train,anthracnose,0,/content/CashewData_Split/train/anthracnose/anthracnose_905.jpg
train,anthracnose,0,/content/CashewData_Split/train/anthracnose/anthracnose_906.jpg
train,anthracnose,0,/content/CashewData_Split/train/anthracnose/anthracnose_907.jpg
train,anthracnose,0,/content/CashewData_Split/train/anthracnose/anthracnose_908.jpg
train,anthracnose,0,/content/CashewData_Split/train/anthracnose/anthracnose_909.jpg
train,anthracnose,0,/content/CashewData_Split/train/anthracnose/anthracnose_910.jpg
train,anthracnose,0,/content/CashewData_Split/train/anthracnose/anthracnose_911.jpg
train,anthracnose,0,/content/CashewData_Split/train/anthracnose/anthracnose_916.jpg
train,anthracnose,0,/content/CashewData_Split/train/anthracnose/anthracnose_917.jpg
train,anthracnose,0,/content/CashewData_Split/train/anthracnose/anthracnose_918.jpg
train,anthracnose,0,/content/CashewData_Split/train/anthracnose/anthracnose_919.jpg
train,anthracnose,0,/content/CashewData_Split/train/anthracnose/anthracnose_920.jpg
train,anthracnose,0,/content/CashewData_Split/train/anthracnose/anthracnose_921.jpg
train,anthracnose,0,/content/CashewData_Split/train/anthracnose/anthracnose_922.jpg
train,anthracnose,0,/content/CashewData_Split/train/anthracnose/anthracnose_923.jpg
train,anthracnose,0,/content/CashewData_Split/train/anthracnose/anthracnose_924.jpg
train,anthracnose,0,/content/CashewData_Split/train/anthracnose/anthracnose_926.jpg
train,anthracnose,0,/content/CashewData_Split/train/anthracnose/anthracnose_927.jpg
train,anthracnose,0,/content/CashewData_Split/train/anthracnose/anthracnose_932.jpg
train,anthracnose,0,/content/CashewData_Split/train/anthracnose/anthracnose_934.jpg
train,anthracnose,0,/content/CashewData_Split/train/anthracnose/anthracnose_936.jpg
train,anthracnose,0,/content/CashewData_Split/train/anthracnose/anthracnose_937.jpg
train,anthracnose,0,/content/CashewData_Split/train/anthracnose/anthracnose_938.jpg
train,anthracnose,0,/content/CashewData_Split/train/anthracnose/anthracnose_939.jpg
train,anthracnose,0,/content/CashewData_Split/train/anthracnose/anthracnose_94.jpg
train,anthracnose,0,/content/CashewData_Split/train/anthracnose/anthracnose_941.jpg
train,anthracnose,0,/content/CashewData_Split/train/anthracnose/anthracnose_942.jpg
train,anthracnose,0,/content/CashewData_Split/train/anthracnose/anthracnose_943.jpg
train,anthracnose,0,/content/CashewData_Split/train/anthracnose/anthracnose_944.jpg
train,anthracnose,0,/content/CashewData_Split/train/anthracnose/anthracnose_945.jpg
train,anthracnose,0,/content/CashewData_Split/train/anthracnose/anthracnose_946.jpg
train,anthracnose,0,/content/CashewData_Split/train/anthracnose/anthracnose_947.jpg
train,anthracnose,0,/content/CashewData_Split/train/anthracnose/anthracnose_949.jpg
train,anthracnose,0,/content/CashewData_Split/train/anthracnose/anthracnose_95.jpg
train,anthracnose,0,/content/CashewData_Split/train/anthracnose/anthracnose_950.jpg
train,anthracnose,0,/content/CashewData_Split/train/anthracnose/anthracnose_951.jpg
train,anthracnose,0,/content/CashewData_Split/train/anthracnose/anthracnose_952.jpg
train,anthracnose,0,/content/CashewData_Split/train/anthracnose/anthracnose_953.jpg
train,anthracnose,0,/content/CashewData_Split/train/anthracnose/anthracnose_954.jpg
train,anthracnose,0,/content/CashewData_Split/train/anthracnose/anthracnose_956.jpg
train,anthracnose,0,/content/CashewData_Split/train/anthracnose/anthracnose_958.jpg
train,anthracnose,0,/content/CashewData_Split/train/anthracnose/anthracnose_959.jpg
train,anthracnose,0,/content/CashewData_Split/train/anthracnose/anthracnose_961.jpg
train,anthracnose,0,/content/CashewData_Split/train/anthracnose/anthracnose_962.jpg
train,anthracnose,0,/content/CashewData_Split/train/anthracnose/anthracnose_966.jpg
train,anthracnose,0,/content/CashewData_Split/train/anthracnose/anthracnose_968.jpg
train,anthracnose,0,/content/CashewData_Split/train/anthracnose/anthracnose_969.jpg
train,anthracnose,0,/content/CashewData_Split/train/anthracnose/anthracnose_97.jpg
train,anthracnose,0,/content/CashewData_Split/train/anthracnose/anthracnose_970.jpg
train,anthracnose,0,/content/CashewData_Split/train/anthracnose/anthracnose_971.jpg
train,anthracnose,0,/content/CashewData_Split/train/anthracnose/anthracnose_972.jpg
train,anthracnose,0,/content/CashewData_Split/train/anthracnose/anthracnose_973.jpg
train,anthracnose,0,/content/CashewData_Split/train/anthracnose/anthracnose_974.jpg
train,anthracnose,0,/content/CashewData_Split/train/anthracnose/anthracnose_976.jpg
train,anthracnose,0,/content/CashewData_Split/train/anthracnose/anthracnose_977.jpg
train,anthracnose,0,/content/CashewData_Split/train/anthracnose/anthracnose_978.jpg
train,anthracnose,0,/content/CashewData_Split/train/anthracnose/anthracnose_979.jpg
train,anthracnose,0,/content/CashewData_Split/train/anthracnose/anthracnose_98.jpg
train,anthracnose,0,/content/CashewData_Split/train/anthracnose/anthracnose_980.jpg
train,anthracnose,0,/content/CashewData_Split/train/anthracnose/anthracnose_981.jpg
train,anthracnose,0,/content/CashewData_Split/train/anthracnose/anthracnose_982.jpg
train,anthracnose,0,/content/CashewData_Split/train/anthracnose/anthracnose_983.jpg
train,anthracnose,0,/content/CashewData_Split/train/anthracnose/anthracnose_984.jpg
train,anthracnose,0,/content/CashewData_Split/train/anthracnose/anthracnose_985.jpg
train,anthracnose,0,/content/CashewData_Split/train/anthracnose/anthracnose_986.jpg
train,anthracnose,0,/content/CashewData_Split/train/anthracnose/anthracnose_987.jpg
train,anthracnose,0,/content/CashewData_Split/train/anthracnose/anthracnose_988.jpg
train,anthracnose,0,/content/CashewData_Split/train/anthracnose/anthracnose_989.jpg
train,anthracnose,0,/content/CashewData_Split/train/anthracnose/anthracnose_99.jpg
train,anthracnose,0,/content/CashewData_Split/train/anthracnose/anthracnose_990.jpg
train,anthracnose,0,/content/CashewData_Split/train/anthracnose/anthracnose_991.jpg
train,anthracnose,0,/content/CashewData_Split/train/anthracnose/anthracnose_992.jpg
train,anthracnose,0,/content/CashewData_Split/train/anthracnose/anthracnose_993.jpg
train,anthracnose,0,/content/CashewData_Split/train/anthracnose/anthracnose_994.jpg
train,anthracnose,0,/content/CashewData_Split/train/anthracnose/anthracnose_995.jpg
train,anthracnose,0,/content/CashewData_Split/train/anthracnose/anthracnose_997.jpg
train,anthracnose,0,/content/CashewData_Split/train/anthracnose/healthy_1520.jpg
train,anthracnose,0,/content/CashewData_Split/train/anthracnose/real_anthracnose_001.jpg
train,anthracnose,0,/content/CashewData_Split/train/anthracnose/real_anthracnose_002.jpg
train,anthracnose,0,/content/CashewData_Split/train/anthracnose/real_anthracnose_003.jpg
train,anthracnose,0,/content/CashewData_Split/train/anthracnose/real_anthracnose_004.jpg
train,anthracnose,0,/content/CashewData_Split/train/anthracnose/real_anthracnose_005.jpg
train,anthracnose,0,/content/CashewData_Split/train/anthracnose/real_anthracnose_006.jpg
train,anthracnose,0,/content/CashewData_Split/train/anthracnose/real_anthracnose_007.jpg
train,anthracnose,0,/content/CashewData_Split/train/anthracnose/real_anthracnose_008.jpg
train,anthracnose,0,/content/CashewData_Split/train/anthracnose/real_anthracnose_009.jpg
train,anthracnose,0,/content/CashewData_Split/train/anthracnose/real_anthracnose_010.jpg
train,anthracnose,0,/content/CashewData_Split/train/anthracnose/real_anthracnose_011.jpg
train,anthracnose,0,/content/CashewData_Split/train/anthracnose/real_anthracnose_012.jpg
train,anthracnose,0,/content/CashewData_Split/train/anthracnose/real_anthracnose_013.jpg
train,anthracnose,0,/content/CashewData_Split/train/anthracnose/real_anthracnose_014.jpg
train,anthracnose,0,/content/CashewData_Split/train/anthracnose/real_anthracnose_015.jpg
train,anthracnose,0,/content/CashewData_Split/train/anthracnose/real_anthracnose_016.jpg
train,anthracnose,0,/content/CashewData_Split/train/anthracnose/real_anthracnose_017.jpg
train,anthracnose,0,/content/CashewData_Split/train/anthracnose/real_anthracnose_018.jpg
train,anthracnose,0,/content/CashewData_Split/train/anthracnose/real_anthracnose_019.jpg
train,anthracnose,0,/content/CashewData_Split/train/anthracnose/real_anthracnose_020.jpg
train,anthracnose,0,/content/CashewData_Split/train/anthracnose/real_anthracnose_021.jpg
train,anthracnose,0,/content/CashewData_Split/train/anthracnose/real_anthracnose_022.jpg
train,anthracnose,0,/content/CashewData_Split/train/anthracnose/real_anthracnose_023.jpg
train,anthracnose,0,/content/CashewData_Split/train/anthracnose/real_anthracnose_024.jpg
train,anthracnose,0,/content/CashewData_Split/train/anthracnose/real_anthracnose_025.jpg
train,anthracnose,0,/content/CashewData_Split/train/anthracnose/real_anthracnose_026.jpg
train,anthracnose,0,/content/CashewData_Split/train/anthracnose/real_anthracnose_027.jpg
train,anthracnose,0,/content/CashewData_Split/train/anthracnose/real_anthracnose_028.jpg
train,anthracnose,0,/content/CashewData_Split/train/anthracnose/real_anthracnose_029.jpg
train,anthracnose,0,/content/CashewData_Split/train/anthracnose/real_anthracnose_030.jpg
train,anthracnose,0,/content/CashewData_Split/train/anthracnose/real_anthracnose_031.jpg
train,anthracnose,0,/content/CashewData_Split/train/anthracnose/real_anthracnose_032.jpg
train,anthracnose,0,/content/CashewData_Split/train/anthracnose/real_anthracnose_033.jpg
train,anthracnose,0,/content/CashewData_Split/train/anthracnose/real_anthracnose_034.jpg
train,anthracnose,0,/content/CashewData_Split/train/anthracnose/real_anthracnose_035.jpg
train,anthracnose,0,/content/CashewData_Split/train/anthracnose/real_anthracnose_036.jpg
train,anthracnose,0,/content/CashewData_Split/train/anthracnose/real_anthracnose_037.jpg
train,anthracnose,0,/content/CashewData_Split/train/anthracnose/real_anthracnose_038.jpg
train,anthracnose,0,/content/CashewData_Split/train/anthracnose/real_anthracnose_039.jpg
train,anthracnose,0,/content/CashewData_Split/train/anthracnose/real_anthracnose_040.jpg
train,anthracnose,0,/content/CashewData_Split/train/anthracnose/real_anthracnose_041.jpg
train,anthracnose,0,/content/CashewData_Split/train/anthracnose/real_anthracnose_042.jpg
train,anthracnose,0,/content/CashewData_Split/train/anthracnose/real_anthracnose_043.jpg
train,anthracnose,0,/content/CashewData_Split/train/anthracnose/real_anthracnose_044.jpg
train,healthy,1,/content/CashewData_Split/train/healthy/cashew-alive-leaf-114.jpg
train,healthy,1,/content/CashewData_Split/train/healthy/cashew-alive-leaf-116.jpg
train,healthy,1,/content/CashewData_Split/train/healthy/cashew-alive-leaf-260.jpg
train,healthy,1,/content/CashewData_Split/train/healthy/healthy_1.jpg
train,healthy,1,/content/CashewData_Split/train/healthy/healthy_10.jpg
train,healthy,1,/content/CashewData_Split/train/healthy/healthy_100.jpg
train,healthy,1,/content/CashewData_Split/train/healthy/healthy_101.jpg
train,healthy,1,/content/CashewData_Split/train/healthy/healthy_102.jpg
train,healthy,1,/content/CashewData_Split/train/healthy/healthy_103.jpg
train,healthy,1,/content/CashewData_Split/train/healthy/healthy_104.jpg
train,healthy,1,/content/CashewData_Split/train/healthy/healthy_105.jpg
train,healthy,1,/content/CashewData_Split/train/healthy/healthy_106.jpg
train,healthy,1,/content/CashewData_Split/train/healthy/healthy_107.jpg
train,healthy,1,/content/CashewData_Split/train/healthy/healthy_108.jpg
train,healthy,1,/content/CashewData_Split/train/healthy/healthy_109.jpg
train,healthy,1,/content/CashewData_Split/train/healthy/healthy_11.jpg
train,healthy,1,/content/CashewData_Split/train/healthy/healthy_110.jpg
train,healthy,1,/content/CashewData_Split/train/healthy/healthy_111.jpg
train,healthy,1,/content/CashewData_Split/train/healthy/healthy_112.jpg
train,healthy,1,/content/CashewData_Split/train/healthy/healthy_113.jpg
train,healthy,1,/content/CashewData_Split/train/healthy/healthy_114.jpg
train,healthy,1,/content/CashewData_Split/train/healthy/healthy_115.jpg
train,healthy,1,/content/CashewData_Split/train/healthy/healthy_117.jpg
train,healthy,1,/content/CashewData_Split/train/healthy/healthy_118.jpg
train,healthy,1,/content/CashewData_Split/train/healthy/healthy_119.jpg
train,healthy,1,/content/CashewData_Split/train/healthy/healthy_12.jpg
train,healthy,1,/content/CashewData_Split/train/healthy/healthy_120.jpg
train,healthy,1,/content/CashewData_Split/train/healthy/healthy_121.jpg
train,healthy,1,/content/CashewData_Split/train/healthy/healthy_122.jpg
train,healthy,1,/content/CashewData_Split/train/healthy/healthy_123.jpg
train,healthy,1,/content/CashewData_Split/train/healthy/healthy_124.jpg
train,healthy,1,/content/CashewData_Split/train/healthy/healthy_125.jpg
train,healthy,1,/content/CashewData_Split/train/healthy/healthy_126.jpg
train,healthy,1,/content/CashewData_Split/train/healthy/healthy_127.jpg
train,healthy,1,/content/CashewData_Split/train/healthy/healthy_128.jpg
train,healthy,1,/content/CashewData_Split/train/healthy/healthy_129.jpg
train,healthy,1,/content/CashewData_Split/train/healthy/healthy_13.jpg
train,healthy,1,/content/CashewData_Split/train/healthy/healthy_130.jpg
train,healthy,1,/content/CashewData_Split/train/healthy/healthy_131.jpg
train,healthy,1,/content/CashewData_Split/train/healthy/healthy_132.jpg
train,healthy,1,/content/CashewData_Split/train/healthy/healthy_133.jpg
train,healthy,1,/content/CashewData_Split/train/healthy/healthy_134.jpg
train,healthy,1,/content/CashewData_Split/train/healthy/healthy_135.jpg
train,healthy,1,/content/CashewData_Split/train/healthy/healthy_136.jpg
train,healthy,1,/content/CashewData_Split/train/healthy/healthy_137.jpg
train,healthy,1,/content/CashewData_Split/train/healthy/healthy_138.jpg
train,healthy,1,/content/CashewData_Split/train/healthy/healthy_139.jpg
train,healthy,1,/content/CashewData_Split/train/healthy/healthy_14.jpg
train,healthy,1,/content/CashewData_Split/train/healthy/healthy_140.jpg
train,healthy,1,/content/CashewData_Split/train/healthy/healthy_141.jpg
train,healthy,1,/content/CashewData_Split/train/healthy/healthy_142.jpg
train,healthy,1,/content/CashewData_Split/train/healthy/healthy_143.jpg
train,healthy,1,/content/CashewData_Split/train/healthy/healthy_144.jpg
train,healthy,1,/content/CashewData_Split/train/healthy/healthy_145.jpg
train,healthy,1,/content/CashewData_Split/train/healthy/healthy_146.jpg
train,healthy,1,/content/CashewData_Split/train/healthy/healthy_147.jpg
train,healthy,1,/content/CashewData_Split/train/healthy/healthy_148.jpg
train,healthy,1,/content/CashewData_Split/train/healthy/healthy_149.jpg
train,healthy,1,/content/CashewData_Split/train/healthy/healthy_15.jpg
train,healthy,1,/content/CashewData_Split/train/healthy/healthy_150.jpg
train,healthy,1,/content/CashewData_Split/train/healthy/healthy_151.jpg
train,healthy,1,/content/CashewData_Split/train/healthy/healthy_152.jpg
train,healthy,1,/content/CashewData_Split/train/healthy/healthy_153.jpg
train,healthy,1,/content/CashewData_Split/train/healthy/healthy_154.jpg
train,healthy,1,/content/CashewData_Split/train/healthy/healthy_155.jpg
train,healthy,1,/content/CashewData_Split/train/healthy/healthy_156.jpg
train,healthy,1,/content/CashewData_Split/train/healthy/healthy_157.jpg
train,healthy,1,/content/CashewData_Split/train/healthy/healthy_158.jpg
train,healthy,1,/content/CashewData_Split/train/healthy/healthy_159.jpg
train,healthy,1,/content/CashewData_Split/train/healthy/healthy_16.jpg
train,healthy,1,/content/CashewData_Split/train/healthy/healthy_160.jpg
train,healthy,1,/content/CashewData_Split/train/healthy/healthy_161.jpg
train,healthy,1,/content/CashewData_Split/train/healthy/healthy_162.jpg
train,healthy,1,/content/CashewData_Split/train/healthy/healthy_163.jpg
train,healthy,1,/content/CashewData_Split/train/healthy/healthy_164.jpg
train,healthy,1,/content/CashewData_Split/train/healthy/healthy_165.jpg
train,healthy,1,/content/CashewData_Split/train/healthy/healthy_166.jpg
train,healthy,1,/content/CashewData_Split/train/healthy/healthy_167.jpg
train,healthy,1,/content/CashewData_Split/train/healthy/healthy_168.jpg
train,healthy,1,/content/CashewData_Split/train/healthy/healthy_169.jpg
train,healthy,1,/content/CashewData_Split/train/healthy/healthy_17.jpg
train,healthy,1,/content/CashewData_Split/train/healthy/healthy_170.jpg
train,healthy,1,/content/CashewData_Split/train/healthy/healthy_171.jpg
train,healthy,1,/content/CashewData_Split/train/healthy/healthy_172.jpg
train,healthy,1,/content/CashewData_Split/train/healthy/healthy_173.jpg
train,healthy,1,/content/CashewData_Split/train/healthy/healthy_174.jpg
train,healthy,1,/content/CashewData_Split/train/healthy/healthy_175.jpg
train,healthy,1,/content/CashewData_Split/train/healthy/healthy_176.jpg
train,healthy,1,/content/CashewData_Split/train/healthy/healthy_177.jpg
train,healthy,1,/content/CashewData_Split/train/healthy/healthy_178.jpg
train,healthy,1,/content/CashewData_Split/train/healthy/healthy_179.jpg
train,healthy,1,/content/CashewData_Split/train/healthy/healthy_18.jpg
train,healthy,1,/content/CashewData_Split/train/healthy/healthy_180.jpg
train,healthy,1,/content/CashewData_Split/train/healthy/healthy_181.jpg
train,healthy,1,/content/CashewData_Split/train/healthy/healthy_182.jpg
train,healthy,1,/content/CashewData_Split/train/healthy/healthy_183.jpg
train,healthy,1,/content/CashewData_Split/train/healthy/healthy_184.jpg
train,healthy,1,/content/CashewData_Split/train/healthy/healthy_185.jpg
train,healthy,1,/content/CashewData_Split/train/healthy/healthy_186.jpg
train,healthy,1,/content/CashewData_Split/train/healthy/healthy_187.jpg
train,healthy,1,/content/CashewData_Split/train/healthy/healthy_188.jpg
train,healthy,1,/content/CashewData_Split/train/healthy/healthy_189.jpg
train,healthy,1,/content/CashewData_Split/train/healthy/healthy_19.jpg
train,healthy,1,/content/CashewData_Split/train/healthy/healthy_190.jpg
train,healthy,1,/content/CashewData_Split/train/healthy/healthy_191.jpg
train,healthy,1,/content/CashewData_Split/train/healthy/healthy_192.jpg
train,healthy,1,/content/CashewData_Split/train/healthy/healthy_193.jpg
train,healthy,1,/content/CashewData_Split/train/healthy/healthy_194.jpg
train,healthy,1,/content/CashewData_Split/train/healthy/healthy_195.jpg
train,healthy,1,/content/CashewData_Split/train/healthy/healthy_196.jpg
train,healthy,1,/content/CashewData_Split/train/healthy/healthy_197.jpg
train,healthy,1,/content/CashewData_Split/train/healthy/healthy_198.jpg
train,healthy,1,/content/CashewData_Split/train/healthy/healthy_199.jpg
train,healthy,1,/content/CashewData_Split/train/healthy/healthy_2.jpg
train,healthy,1,/content/CashewData_Split/train/healthy/healthy_20.jpg
train,healthy,1,/content/CashewData_Split/train/healthy/healthy_200.jpg
train,healthy,1,/content/CashewData_Split/train/healthy/healthy_201.jpg
train,healthy,1,/content/CashewData_Split/train/healthy/healthy_202.jpg
train,healthy,1,/content/CashewData_Split/train/healthy/healthy_203.jpg
train,healthy,1,/content/CashewData_Split/train/healthy/healthy_204.jpg
train,healthy,1,/content/CashewData_Split/train/healthy/healthy_205.jpg
train,healthy,1,/content/CashewData_Split/train/healthy/healthy_206.jpg
train,healthy,1,/content/CashewData_Split/train/healthy/healthy_207.jpg
train,healthy,1,/content/CashewData_Split/train/healthy/healthy_208.jpg
train,healthy,1,/content/CashewData_Split/train/healthy/healthy_209.jpg
train,healthy,1,/content/CashewData_Split/train/healthy/healthy_21.jpg
train,healthy,1,/content/CashewData_Split/train/healthy/healthy_210.jpg
train,healthy,1,/content/CashewData_Split/train/healthy/healthy_211.jpg
train,healthy,1,/content/CashewData_Split/train/healthy/healthy_212.jpg
train,healthy,1,/content/CashewData_Split/train/healthy/healthy_213.jpg
train,healthy,1,/content/CashewData_Split/train/healthy/healthy_214.jpg
train,healthy,1,/content/CashewData_Split/train/healthy/healthy_215.jpg
train,healthy,1,/content/CashewData_Split/train/healthy/healthy_216.jpg
train,healthy,1,/content/CashewData_Split/train/healthy/healthy_217.jpg
train,healthy,1,/content/CashewData_Split/train/healthy/healthy_218.jpg
train,healthy,1,/content/CashewData_Split/train/healthy/healthy_219.jpg
train,healthy,1,/content/CashewData_Split/train/healthy/healthy_22.jpg
train,healthy,1,/content/CashewData_Split/train/healthy/healthy_220.jpg
train,healthy,1,/content/CashewData_Split/train/healthy/healthy_221.jpg
train,healthy,1,/content/CashewData_Split/train/healthy/healthy_222.jpg
train,healthy,1,/content/CashewData_Split/train/healthy/healthy_223.jpg
train,healthy,1,/content/CashewData_Split/train/healthy/healthy_224.jpg
train,healthy,1,/content/CashewData_Split/train/healthy/healthy_225.jpg
train,healthy,1,/content/CashewData_Split/train/healthy/healthy_226.jpg
train,healthy,1,/content/CashewData_Split/train/healthy/healthy_227.jpg
train,healthy,1,/content/CashewData_Split/train/healthy/healthy_228.jpg
train,healthy,1,/content/CashewData_Split/train/healthy/healthy_229.jpg
train,healthy,1,/content/CashewData_Split/train/healthy/healthy_23.jpg
train,healthy,1,/content/CashewData_Split/train/healthy/healthy_230.jpg
train,healthy,1,/content/CashewData_Split/train/healthy/healthy_231.jpg
train,healthy,1,/content/CashewData_Split/train/healthy/healthy_232.jpg
train,healthy,1,/content/CashewData_Split/train/healthy/healthy_233.jpg
train,healthy,1,/content/CashewData_Split/train/healthy/healthy_234.jpg
train,healthy,1,/content/CashewData_Split/train/healthy/healthy_235.jpg
train,healthy,1,/content/CashewData_Split/train/healthy/healthy_236.jpg
train,healthy,1,/content/CashewData_Split/train/healthy/healthy_237.jpg
train,healthy,1,/content/CashewData_Split/train/healthy/healthy_238.jpg
train,healthy,1,/content/CashewData_Split/train/healthy/healthy_239.jpg
train,healthy,1,/content/CashewData_Split/train/healthy/healthy_24.jpg
train,healthy,1,/content/CashewData_Split/train/healthy/healthy_240.jpg
train,healthy,1,/content/CashewData_Split/train/healthy/healthy_241.jpg
train,healthy,1,/content/CashewData_Split/train/healthy/healthy_242.jpg
train,healthy,1,/content/CashewData_Split/train/healthy/healthy_243.jpg
train,healthy,1,/content/CashewData_Split/train/healthy/healthy_244.jpg
train,healthy,1,/content/CashewData_Split/train/healthy/healthy_245.jpg
train,healthy,1,/content/CashewData_Split/train/healthy/healthy_246.jpg
train,healthy,1,/content/CashewData_Split/train/healthy/healthy_247.jpg
train,healthy,1,/content/CashewData_Split/train/healthy/healthy_248.jpg
train,healthy,1,/content/CashewData_Split/train/healthy/healthy_249.jpg
train,healthy,1,/content/CashewData_Split/train/healthy/healthy_25.jpg
train,healthy,1,/content/CashewData_Split/train/healthy/healthy_250.jpg
train,healthy,1,/content/CashewData_Split/train/healthy/healthy_251.jpg
train,healthy,1,/content/CashewData_Split/train/healthy/healthy_252.jpg
train,healthy,1,/content/CashewData_Split/train/healthy/healthy_253.jpg
train,healthy,1,/content/CashewData_Split/train/healthy/healthy_254.jpg
train,healthy,1,/content/CashewData_Split/train/healthy/healthy_255.jpg
train,healthy,1,/content/CashewData_Split/train/healthy/healthy_256.jpg
train,healthy,1,/content/CashewData_Split/train/healthy/healthy_257.jpg
train,healthy,1,/content/CashewData_Split/train/healthy/healthy_258.jpg
train,healthy,1,/content/CashewData_Split/train/healthy/healthy_259.jpg
train,healthy,1,/content/CashewData_Split/train/healthy/healthy_26.jpg
train,healthy,1,/content/CashewData_Split/train/healthy/healthy_260.jpg
train,healthy,1,/content/CashewData_Split/train/healthy/healthy_261.jpg
train,healthy,1,/content/CashewData_Split/train/healthy/healthy_262.jpg
train,healthy,1,/content/CashewData_Split/train/healthy/healthy_263.jpg
train,healthy,1,/content/CashewData_Split/train/healthy/healthy_264.jpg
train,healthy,1,/content/CashewData_Split/train/healthy/healthy_265.jpg
train,healthy,1,/content/CashewData_Split/train/healthy/healthy_266.jpg
train,healthy,1,/content/CashewData_Split/train/healthy/healthy_267.jpg
train,healthy,1,/content/CashewData_Split/train/healthy/healthy_268.jpg
train,healthy,1,/content/CashewData_Split/train/healthy/healthy_269.jpg
train,healthy,1,/content/CashewData_Split/train/healthy/healthy_27.jpg
train,healthy,1,/content/CashewData_Split/train/healthy/healthy_270.jpg
train,healthy,1,/content/CashewData_Split/train/healthy/healthy_271.jpg
train,healthy,1,/content/CashewData_Split/train/healthy/healthy_272.jpg
train,healthy,1,/content/CashewData_Split/train/healthy/healthy_273.jpg
train,healthy,1,/content/CashewData_Split/train/healthy/healthy_274.jpg
train,healthy,1,/content/CashewData_Split/train/healthy/healthy_275.jpg
train,healthy,1,/content/CashewData_Split/train/healthy/healthy_276.jpg
train,healthy,1,/content/CashewData_Split/train/healthy/healthy_277.jpg
train,healthy,1,/content/CashewData_Split/train/healthy/healthy_278.jpg
train,healthy,1,/content/CashewData_Split/train/healthy/healthy_279.jpg
train,healthy,1,/content/CashewData_Split/train/healthy/healthy_28.jpg
train,healthy,1,/content/CashewData_Split/train/healthy/healthy_280.jpg
train,healthy,1,/content/CashewData_Split/train/healthy/healthy_281.jpg
train,healthy,1,/content/CashewData_Split/train/healthy/healthy_282.jpg
train,healthy,1,/content/CashewData_Split/train/healthy/healthy_283.jpg
train,healthy,1,/content/CashewData_Split/train/healthy/healthy_284.jpg
train,healthy,1,/content/CashewData_Split/train/healthy/healthy_285.jpg
train,healthy,1,/content/CashewData_Split/train/healthy/healthy_286.jpg
train,healthy,1,/content/CashewData_Split/train/healthy/healthy_287.jpg
train,healthy,1,/content/CashewData_Split/train/healthy/healthy_288.jpg
train,healthy,1,/content/CashewData_Split/train/healthy/healthy_289.jpg
train,healthy,1,/content/CashewData_Split/train/healthy/healthy_29.jpg
train,healthy,1,/content/CashewData_Split/train/healthy/healthy_290.jpg
train,healthy,1,/content/CashewData_Split/train/healthy/healthy_291.jpg
train,healthy,1,/content/CashewData_Split/train/healthy/healthy_292.jpg
train,healthy,1,/content/CashewData_Split/train/healthy/healthy_293.jpg
train,healthy,1,/content/CashewData_Split/train/healthy/healthy_294.jpg
train,healthy,1,/content/CashewData_Split/train/healthy/healthy_295.jpg
train,healthy,1,/content/CashewData_Split/train/healthy/healthy_296.jpg
train,healthy,1,/content/CashewData_Split/train/healthy/healthy_297.jpg
train,healthy,1,/content/CashewData_Split/train/healthy/healthy_298.jpg
train,healthy,1,/content/CashewData_Split/train/healthy/healthy_299.jpg
train,healthy,1,/content/CashewData_Split/train/healthy/healthy_3.jpg
train,healthy,1,/content/CashewData_Split/train/healthy/healthy_30.jpg
train,healthy,1,/content/CashewData_Split/train/healthy/healthy_300.jpg
train,healthy,1,/content/CashewData_Split/train/healthy/healthy_301.jpg
train,healthy,1,/content/CashewData_Split/train/healthy/healthy_302.jpg
train,healthy,1,/content/CashewData_Split/train/healthy/healthy_303.jpg
train,healthy,1,/content/CashewData_Split/train/healthy/healthy_304.jpg
train,healthy,1,/content/CashewData_Split/train/healthy/healthy_305.jpg
train,healthy,1,/content/CashewData_Split/train/healthy/healthy_306.jpg
train,healthy,1,/content/CashewData_Split/train/healthy/healthy_307.jpg
train,healthy,1,/content/CashewData_Split/train/healthy/healthy_308.jpg
train,healthy,1,/content/CashewData_Split/train/healthy/healthy_309.jpg
train,healthy,1,/content/CashewData_Split/train/healthy/healthy_31.jpg
train,healthy,1,/content/CashewData_Split/train/healthy/healthy_310.jpg
train,healthy,1,/content/CashewData_Split/train/healthy/healthy_311.jpg
train,healthy,1,/content/CashewData_Split/train/healthy/healthy_312.jpg
train,healthy,1,/content/CashewData_Split/train/healthy/healthy_313.jpg
train,healthy,1,/content/CashewData_Split/train/healthy/healthy_314.jpg
train,healthy,1,/content/CashewData_Split/train/healthy/healthy_315.jpg
train,healthy,1,/content/CashewData_Split/train/healthy/healthy_316.jpg
train,healthy,1,/content/CashewData_Split/train/healthy/healthy_317.jpg
train,healthy,1,/content/CashewData_Split/train/healthy/healthy_318.jpg
train,healthy,1,/content/CashewData_Split/train/healthy/healthy_319.jpg
train,healthy,1,/content/CashewData_Split/train/healthy/healthy_32.jpg
train,healthy,1,/content/CashewData_Split/train/healthy/healthy_320.jpg
train,healthy,1,/content/CashewData_Split/train/healthy/healthy_321.jpg
train,healthy,1,/content/CashewData_Split/train/healthy/healthy_322.jpg
train,healthy,1,/content/CashewData_Split/train/healthy/healthy_323.jpg
train,healthy,1,/content/CashewData_Split/train/healthy/healthy_324.jpg
train,healthy,1,/content/CashewData_Split/train/healthy/healthy_325.jpg
train,healthy,1,/content/CashewData_Split/train/healthy/healthy_326.jpg
train,healthy,1,/content/CashewData_Split/train/healthy/healthy_327.jpg
train,healthy,1,/content/CashewData_Split/train/healthy/healthy_328.jpg
train,healthy,1,/content/CashewData_Split/train/healthy/healthy_329.jpg
train,healthy,1,/content/CashewData_Split/train/healthy/healthy_33.jpg
train,healthy,1,/content/CashewData_Split/train/healthy/healthy_330.jpg
train,healthy,1,/content/CashewData_Split/train/healthy/healthy_331.jpg
train,healthy,1,/content/CashewData_Split/train/healthy/healthy_332.jpg
train,healthy,1,/content/CashewData_Split/train/healthy/healthy_333.jpg
train,healthy,1,/content/CashewData_Split/train/healthy/healthy_334.jpg
train,healthy,1,/content/CashewData_Split/train/healthy/healthy_335.jpg
train,healthy,1,/content/CashewData_Split/train/healthy/healthy_336.jpg
train,healthy,1,/content/CashewData_Split/train/healthy/healthy_337.jpg
train,healthy,1,/content/CashewData_Split/train/healthy/healthy_338.jpg
train,healthy,1,/content/CashewData_Split/train/healthy/healthy_339.jpg
train,healthy,1,/content/CashewData_Split/train/healthy/healthy_34.jpg
train,healthy,1,/content/CashewData_Split/train/healthy/healthy_340.jpg
train,healthy,1,/content/CashewData_Split/train/healthy/healthy_341.jpg
train,healthy,1,/content/CashewData_Split/train/healthy/healthy_342.jpg
train,healthy,1,/content/CashewData_Split/train/healthy/healthy_343.jpg
train,healthy,1,/content/CashewData_Split/train/healthy/healthy_344.jpg
train,healthy,1,/content/CashewData_Split/train/healthy/healthy_345.jpg
train,healthy,1,/content/CashewData_Split/train/healthy/healthy_346.jpg
train,healthy,1,/content/CashewData_Split/train/healthy/healthy_347.jpg
train,healthy,1,/content/CashewData_Split/train/healthy/healthy_348.jpg
train,healthy,1,/content/CashewData_Split/train/healthy/healthy_349.jpg
train,healthy,1,/content/CashewData_Split/train/healthy/healthy_35.jpg
train,healthy,1,/content/CashewData_Split/train/healthy/healthy_350.jpg
train,healthy,1,/content/CashewData_Split/train/healthy/healthy_351.jpg
train,healthy,1,/content/CashewData_Split/train/healthy/healthy_352.jpg
train,healthy,1,/content/CashewData_Split/train/healthy/healthy_353.jpg
train,healthy,1,/content/CashewData_Split/train/healthy/healthy_354.jpg
train,healthy,1,/content/CashewData_Split/train/healthy/healthy_355.jpg
train,healthy,1,/content/CashewData_Split/train/healthy/healthy_356.jpg
train,healthy,1,/content/CashewData_Split/train/healthy/healthy_357.jpg
train,healthy,1,/content/CashewData_Split/train/healthy/healthy_358.jpg
train,healthy,1,/content/CashewData_Split/train/healthy/healthy_359.jpg
train,healthy,1,/content/CashewData_Split/train/healthy/healthy_36.jpg
train,healthy,1,/content/CashewData_Split/train/healthy/healthy_360.jpg
train,healthy,1,/content/CashewData_Split/train/healthy/healthy_361.jpg
train,healthy,1,/content/CashewData_Split/train/healthy/healthy_362.jpg
train,healthy,1,/content/CashewData_Split/train/healthy/healthy_363.jpg
train,healthy,1,/content/CashewData_Split/train/healthy/healthy_364.jpg
train,healthy,1,/content/CashewData_Split/train/healthy/healthy_365.jpg
train,healthy,1,/content/CashewData_Split/train/healthy/healthy_366.jpg
train,healthy,1,/content/CashewData_Split/train/healthy/healthy_367.jpg
train,healthy,1,/content/CashewData_Split/train/healthy/healthy_368.jpg
train,healthy,1,/content/CashewData_Split/train/healthy/healthy_369.jpg
train,healthy,1,/content/CashewData_Split/train/healthy/healthy_37.jpg
train,healthy,1,/content/CashewData_Split/train/healthy/healthy_370.jpg
train,healthy,1,/content/CashewData_Split/train/healthy/healthy_371.jpg
train,healthy,1,/content/CashewData_Split/train/healthy/healthy_372.jpg
train,healthy,1,/content/CashewData_Split/train/healthy/healthy_373.jpg
train,healthy,1,/content/CashewData_Split/train/healthy/healthy_374.jpg
train,healthy,1,/content/CashewData_Split/train/healthy/healthy_375.jpg
train,healthy,1,/content/CashewData_Split/train/healthy/healthy_376.jpg
train,healthy,1,/content/CashewData_Split/train/healthy/healthy_377.jpg
train,healthy,1,/content/CashewData_Split/train/healthy/healthy_378.jpg
train,healthy,1,/content/CashewData_Split/train/healthy/healthy_379.jpg
train,healthy,1,/content/CashewData_Split/train/healthy/healthy_38.jpg
train,healthy,1,/content/CashewData_Split/train/healthy/healthy_380.jpg
train,healthy,1,/content/CashewData_Split/train/healthy/healthy_381.jpg
train,healthy,1,/content/CashewData_Split/train/healthy/healthy_382.jpg
train,healthy,1,/content/CashewData_Split/train/healthy/healthy_383.jpg
train,healthy,1,/content/CashewData_Split/train/healthy/healthy_384.jpg
train,healthy,1,/content/CashewData_Split/train/healthy/healthy_385.jpg
train,healthy,1,/content/CashewData_Split/train/healthy/healthy_386.jpg
train,healthy,1,/content/CashewData_Split/train/healthy/healthy_387.jpg
train,healthy,1,/content/CashewData_Split/train/healthy/healthy_388.jpg
train,healthy,1,/content/CashewData_Split/train/healthy/healthy_389.jpg
train,healthy,1,/content/CashewData_Split/train/healthy/healthy_39.jpg
train,healthy,1,/content/CashewData_Split/train/healthy/healthy_390.jpg
train,healthy,1,/content/CashewData_Split/train/healthy/healthy_391.jpg
train,healthy,1,/content/CashewData_Split/train/healthy/healthy_392.jpg
train,healthy,1,/content/CashewData_Split/train/healthy/healthy_393.jpg
train,healthy,1,/content/CashewData_Split/train/healthy/healthy_394.jpg
train,healthy,1,/content/CashewData_Split/train/healthy/healthy_395.jpg
train,healthy,1,/content/CashewData_Split/train/healthy/healthy_396.jpg
train,healthy,1,/content/CashewData_Split/train/healthy/healthy_397.jpg
train,healthy,1,/content/CashewData_Split/train/healthy/healthy_398.jpg
train,healthy,1,/content/CashewData_Split/train/healthy/healthy_399.jpg
train,healthy,1,/content/CashewData_Split/train/healthy/healthy_4.jpg
train,healthy,1,/content/CashewData_Split/train/healthy/healthy_40.jpg
train,healthy,1,/content/CashewData_Split/train/healthy/healthy_400.jpg
train,healthy,1,/content/CashewData_Split/train/healthy/healthy_401.jpg
train,healthy,1,/content/CashewData_Split/train/healthy/healthy_402.jpg
train,healthy,1,/content/CashewData_Split/train/healthy/healthy_403.jpg
train,healthy,1,/content/CashewData_Split/train/healthy/healthy_404.jpg
train,healthy,1,/content/CashewData_Split/train/healthy/healthy_405.jpg
train,healthy,1,/content/CashewData_Split/train/healthy/healthy_406.jpg
train,healthy,1,/content/CashewData_Split/train/healthy/healthy_407.jpg
train,healthy,1,/content/CashewData_Split/train/healthy/healthy_408.jpg
train,healthy,1,/content/CashewData_Split/train/healthy/healthy_409.jpg
train,healthy,1,/content/CashewData_Split/train/healthy/healthy_41.jpg
train,healthy,1,/content/CashewData_Split/train/healthy/healthy_410.jpg
train,healthy,1,/content/CashewData_Split/train/healthy/healthy_411.jpg
train,healthy,1,/content/CashewData_Split/train/healthy/healthy_412.jpg
train,healthy,1,/content/CashewData_Split/train/healthy/healthy_413.jpg
train,healthy,1,/content/CashewData_Split/train/healthy/healthy_414.jpg
train,healthy,1,/content/CashewData_Split/train/healthy/healthy_415.jpg
train,healthy,1,/content/CashewData_Split/train/healthy/healthy_416.jpg
train,healthy,1,/content/CashewData_Split/train/healthy/healthy_417.jpg
train,healthy,1,/content/CashewData_Split/train/healthy/healthy_418.jpg
train,healthy,1,/content/CashewData_Split/train/healthy/healthy_419.jpg
train,healthy,1,/content/CashewData_Split/train/healthy/healthy_42.jpg
train,healthy,1,/content/CashewData_Split/train/healthy/healthy_420.jpg
train,healthy,1,/content/CashewData_Split/train/healthy/healthy_421.jpg
train,healthy,1,/content/CashewData_Split/train/healthy/healthy_422.jpg
train,healthy,1,/content/CashewData_Split/train/healthy/healthy_423.jpg
train,healthy,1,/content/CashewData_Split/train/healthy/healthy_424.jpg
train,healthy,1,/content/CashewData_Split/train/healthy/healthy_425.jpg
train,healthy,1,/content/CashewData_Split/train/healthy/healthy_426.jpg
train,healthy,1,/content/CashewData_Split/train/healthy/healthy_427.jpg
train,healthy,1,/content/CashewData_Split/train/healthy/healthy_428.jpg
train,healthy,1,/content/CashewData_Split/train/healthy/healthy_429.jpg
train,healthy,1,/content/CashewData_Split/train/healthy/healthy_43.jpg
train,healthy,1,/content/CashewData_Split/train/healthy/healthy_430.jpg
train,healthy,1,/content/CashewData_Split/train/healthy/healthy_431.jpg
train,healthy,1,/content/CashewData_Split/train/healthy/healthy_432.jpg
train,healthy,1,/content/CashewData_Split/train/healthy/healthy_433.jpg
train,healthy,1,/content/CashewData_Split/train/healthy/healthy_434.jpg
train,healthy,1,/content/CashewData_Split/train/healthy/healthy_435.jpg
train,healthy,1,/content/CashewData_Split/train/healthy/healthy_436.jpg
train,healthy,1,/content/CashewData_Split/train/healthy/healthy_437.jpg
train,healthy,1,/content/CashewData_Split/train/healthy/healthy_438.jpg
train,healthy,1,/content/CashewData_Split/train/healthy/healthy_439.jpg
train,healthy,1,/content/CashewData_Split/train/healthy/healthy_44.jpg
train,healthy,1,/content/CashewData_Split/train/healthy/healthy_440.jpg
train,healthy,1,/content/CashewData_Split/train/healthy/healthy_441.jpg
train,healthy,1,/content/CashewData_Split/train/healthy/healthy_442.jpg
train,healthy,1,/content/CashewData_Split/train/healthy/healthy_443.jpg
train,healthy,1,/content/CashewData_Split/train/healthy/healthy_444.jpg
train,healthy,1,/content/CashewData_Split/train/healthy/healthy_445.jpg
train,healthy,1,/content/CashewData_Split/train/healthy/healthy_446.jpg
train,healthy,1,/content/CashewData_Split/train/healthy/healthy_447.jpg
train,healthy,1,/content/CashewData_Split/train/healthy/healthy_448.jpg
train,healthy,1,/content/CashewData_Split/train/healthy/healthy_449.jpg
train,healthy,1,/content/CashewData_Split/train/healthy/healthy_45.jpg
train,healthy,1,/content/CashewData_Split/train/healthy/healthy_450.jpg
train,healthy,1,/content/CashewData_Split/train/healthy/healthy_451.jpg
train,healthy,1,/content/CashewData_Split/train/healthy/healthy_452.jpg
train,healthy,1,/content/CashewData_Split/train/healthy/healthy_453.jpg
train,healthy,1,/content/CashewData_Split/train/healthy/healthy_454.jpg
train,healthy,1,/content/CashewData_Split/train/healthy/healthy_455.jpg
train,healthy,1,/content/CashewData_Split/train/healthy/healthy_456.jpg
train,healthy,1,/content/CashewData_Split/train/healthy/healthy_457.jpg
train,healthy,1,/content/CashewData_Split/train/healthy/healthy_458.jpg
train,healthy,1,/content/CashewData_Split/train/healthy/healthy_459.jpg
train,healthy,1,/content/CashewData_Split/train/healthy/healthy_46.jpg
train,healthy,1,/content/CashewData_Split/train/healthy/healthy_460.jpg
train,healthy,1,/content/CashewData_Split/train/healthy/healthy_461.jpg
train,healthy,1,/content/CashewData_Split/train/healthy/healthy_462.jpg
train,healthy,1,/content/CashewData_Split/train/healthy/healthy_463.jpg
train,healthy,1,/content/CashewData_Split/train/healthy/healthy_464.jpg
train,healthy,1,/content/CashewData_Split/train/healthy/healthy_465.jpg
train,healthy,1,/content/CashewData_Split/train/healthy/healthy_466.jpg
train,healthy,1,/content/CashewData_Split/train/healthy/healthy_467.jpg
train,healthy,1,/content/CashewData_Split/train/healthy/healthy_468.jpg
train,healthy,1,/content/CashewData_Split/train/healthy/healthy_469.jpg
train,healthy,1,/content/CashewData_Split/train/healthy/healthy_47.jpg
train,healthy,1,/content/CashewData_Split/train/healthy/healthy_470.jpg
train,healthy,1,/content/CashewData_Split/train/healthy/healthy_471.jpg
train,healthy,1,/content/CashewData_Split/train/healthy/healthy_472.jpg
train,healthy,1,/content/CashewData_Split/train/healthy/healthy_473.jpg
train,healthy,1,/content/CashewData_Split/train/healthy/healthy_474.jpg
train,healthy,1,/content/CashewData_Split/train/healthy/healthy_475.jpg
train,healthy,1,/content/CashewData_Split/train/healthy/healthy_476.jpg
train,healthy,1,/content/CashewData_Split/train/healthy/healthy_477.jpg
train,healthy,1,/content/CashewData_Split/train/healthy/healthy_478.jpg
train,healthy,1,/content/CashewData_Split/train/healthy/healthy_479.jpg
train,healthy,1,/content/CashewData_Split/train/healthy/healthy_48.jpg
train,healthy,1,/content/CashewData_Split/train/healthy/healthy_480.jpg
train,healthy,1,/content/CashewData_Split/train/healthy/healthy_481.jpg
train,healthy,1,/content/CashewData_Split/train/healthy/healthy_482.jpg
train,healthy,1,/content/CashewData_Split/train/healthy/healthy_483.jpg
train,healthy,1,/content/CashewData_Split/train/healthy/healthy_484.jpg
train,healthy,1,/content/CashewData_Split/train/healthy/healthy_485.jpg
train,healthy,1,/content/CashewData_Split/train/healthy/healthy_486.jpg
train,healthy,1,/content/CashewData_Split/train/healthy/healthy_487.jpg
train,healthy,1,/content/CashewData_Split/train/healthy/healthy_488.jpg
train,healthy,1,/content/CashewData_Split/train/healthy/healthy_489.jpg
train,healthy,1,/content/CashewData_Split/train/healthy/healthy_49.jpg
train,healthy,1,/content/CashewData_Split/train/healthy/healthy_490.jpg
train,healthy,1,/content/CashewData_Split/train/healthy/healthy_491.jpg
train,healthy,1,/content/CashewData_Split/train/healthy/healthy_492.jpg
train,healthy,1,/content/CashewData_Split/train/healthy/healthy_493.jpg
train,healthy,1,/content/CashewData_Split/train/healthy/healthy_494.jpg
train,healthy,1,/content/CashewData_Split/train/healthy/healthy_495.jpg
train,healthy,1,/content/CashewData_Split/train/healthy/healthy_496.jpg
train,healthy,1,/content/CashewData_Split/train/healthy/healthy_497.jpg
train,healthy,1,/content/CashewData_Split/train/healthy/healthy_498.jpg
train,healthy,1,/content/CashewData_Split/train/healthy/healthy_499.jpg
train,healthy,1,/content/CashewData_Split/train/healthy/healthy_5.jpg
train,healthy,1,/content/CashewData_Split/train/healthy/healthy_50.jpg
train,healthy,1,/content/CashewData_Split/train/healthy/healthy_500.jpg
train,healthy,1,/content/CashewData_Split/train/healthy/healthy_501.jpg
train,healthy,1,/content/CashewData_Split/train/healthy/healthy_502.jpg
train,healthy,1,/content/CashewData_Split/train/healthy/healthy_503.jpg
train,healthy,1,/content/CashewData_Split/train/healthy/healthy_504.jpg
train,healthy,1,/content/CashewData_Split/train/healthy/healthy_505.jpg
train,healthy,1,/content/CashewData_Split/train/healthy/healthy_506.jpg
train,healthy,1,/content/CashewData_Split/train/healthy/healthy_507.jpg
train,healthy,1,/content/CashewData_Split/train/healthy/healthy_508.jpg
train,healthy,1,/content/CashewData_Split/train/healthy/healthy_509.jpg
train,healthy,1,/content/CashewData_Split/train/healthy/healthy_51.jpg
train,healthy,1,/content/CashewData_Split/train/healthy/healthy_510.jpg
train,healthy,1,/content/CashewData_Split/train/healthy/healthy_511.jpg
train,healthy,1,/content/CashewData_Split/train/healthy/healthy_512.jpg
train,healthy,1,/content/CashewData_Split/train/healthy/healthy_513.jpg
train,healthy,1,/content/CashewData_Split/train/healthy/healthy_514.jpg
train,healthy,1,/content/CashewData_Split/train/healthy/healthy_515.jpg
train,healthy,1,/content/CashewData_Split/train/healthy/healthy_516.jpg
train,healthy,1,/content/CashewData_Split/train/healthy/healthy_517.jpg
train,healthy,1,/content/CashewData_Split/train/healthy/healthy_518.jpg
train,healthy,1,/content/CashewData_Split/train/healthy/healthy_519.jpg
train,healthy,1,/content/CashewData_Split/train/healthy/healthy_52.jpg
train,healthy,1,/content/CashewData_Split/train/healthy/healthy_520.jpg
train,healthy,1,/content/CashewData_Split/train/healthy/healthy_521.jpg
train,healthy,1,/content/CashewData_Split/train/healthy/healthy_522.jpg
train,healthy,1,/content/CashewData_Split/train/healthy/healthy_523.jpg
train,healthy,1,/content/CashewData_Split/train/healthy/healthy_524.jpg
train,healthy,1,/content/CashewData_Split/train/healthy/healthy_525.jpg
train,healthy,1,/content/CashewData_Split/train/healthy/healthy_526.jpg
train,healthy,1,/content/CashewData_Split/train/healthy/healthy_527.jpg
train,healthy,1,/content/CashewData_Split/train/healthy/healthy_528.jpg
train,healthy,1,/content/CashewData_Split/train/healthy/healthy_529.jpg
train,healthy,1,/content/CashewData_Split/train/healthy/healthy_53.jpg
train,healthy,1,/content/CashewData_Split/train/healthy/healthy_530.jpg
train,healthy,1,/content/CashewData_Split/train/healthy/healthy_531.jpg
train,healthy,1,/content/CashewData_Split/train/healthy/healthy_532.jpg
train,healthy,1,/content/CashewData_Split/train/healthy/healthy_533.jpg
train,healthy,1,/content/CashewData_Split/train/healthy/healthy_534.jpg
train,healthy,1,/content/CashewData_Split/train/healthy/healthy_535.jpg
train,healthy,1,/content/CashewData_Split/train/healthy/healthy_536.jpg
train,healthy,1,/content/CashewData_Split/train/healthy/healthy_537.jpg
train,healthy,1,/content/CashewData_Split/train/healthy/healthy_538.jpg
train,healthy,1,/content/CashewData_Split/train/healthy/healthy_539.jpg
train,healthy,1,/content/CashewData_Split/train/healthy/healthy_54.jpg
train,healthy,1,/content/CashewData_Split/train/healthy/healthy_540.jpg
train,healthy,1,/content/CashewData_Split/train/healthy/healthy_541.jpg
train,healthy,1,/content/CashewData_Split/train/healthy/healthy_542.jpg
train,healthy,1,/content/CashewData_Split/train/healthy/healthy_543.jpg
train,healthy,1,/content/CashewData_Split/train/healthy/healthy_544.jpg
train,healthy,1,/content/CashewData_Split/train/healthy/healthy_545.jpg
train,healthy,1,/content/CashewData_Split/train/healthy/healthy_546.jpg
train,healthy,1,/content/CashewData_Split/train/healthy/healthy_547.jpg
train,healthy,1,/content/CashewData_Split/train/healthy/healthy_549.jpg
train,healthy,1,/content/CashewData_Split/train/healthy/healthy_55.jpg
train,healthy,1,/content/CashewData_Split/train/healthy/healthy_550.jpg
train,healthy,1,/content/CashewData_Split/train/healthy/healthy_551.jpg
train,healthy,1,/content/CashewData_Split/train/healthy/healthy_552.jpg
train,healthy,1,/content/CashewData_Split/train/healthy/healthy_553.jpg
train,healthy,1,/content/CashewData_Split/train/healthy/healthy_554.jpg
train,healthy,1,/content/CashewData_Split/train/healthy/healthy_555.jpg
train,healthy,1,/content/CashewData_Split/train/healthy/healthy_556.jpg
train,healthy,1,/content/CashewData_Split/train/healthy/healthy_557.jpg
train,healthy,1,/content/CashewData_Split/train/healthy/healthy_558.jpg
train,healthy,1,/content/CashewData_Split/train/healthy/healthy_559.jpg
train,healthy,1,/content/CashewData_Split/train/healthy/healthy_56.jpg
train,healthy,1,/content/CashewData_Split/train/healthy/healthy_560.jpg
train,healthy,1,/content/CashewData_Split/train/healthy/healthy_561.jpg
train,healthy,1,/content/CashewData_Split/train/healthy/healthy_562.jpg
train,healthy,1,/content/CashewData_Split/train/healthy/healthy_563.jpg
train,healthy,1,/content/CashewData_Split/train/healthy/healthy_564.jpg
train,healthy,1,/content/CashewData_Split/train/healthy/healthy_565.jpg
train,healthy,1,/content/CashewData_Split/train/healthy/healthy_566.jpg
train,healthy,1,/content/CashewData_Split/train/healthy/healthy_567.jpg
train,healthy,1,/content/CashewData_Split/train/healthy/healthy_568.jpg
train,healthy,1,/content/CashewData_Split/train/healthy/healthy_569.jpg
train,healthy,1,/content/CashewData_Split/train/healthy/healthy_57.jpg
train,healthy,1,/content/CashewData_Split/train/healthy/healthy_570.jpg
train,healthy,1,/content/CashewData_Split/train/healthy/healthy_571.jpg
train,healthy,1,/content/CashewData_Split/train/healthy/healthy_572.jpg
train,healthy,1,/content/CashewData_Split/train/healthy/healthy_573.jpg
train,healthy,1,/content/CashewData_Split/train/healthy/healthy_574.jpg
train,healthy,1,/content/CashewData_Split/train/healthy/healthy_575.jpg
train,healthy,1,/content/CashewData_Split/train/healthy/healthy_576.jpg
train,healthy,1,/content/CashewData_Split/train/healthy/healthy_577.jpg
train,healthy,1,/content/CashewData_Split/train/healthy/healthy_578.jpg
train,healthy,1,/content/CashewData_Split/train/healthy/healthy_579.jpg
train,healthy,1,/content/CashewData_Split/train/healthy/healthy_58.jpg
train,healthy,1,/content/CashewData_Split/train/healthy/healthy_580.jpg
train,healthy,1,/content/CashewData_Split/train/healthy/healthy_581.jpg
train,healthy,1,/content/CashewData_Split/train/healthy/healthy_582.jpg
train,healthy,1,/content/CashewData_Split/train/healthy/healthy_583.jpg
train,healthy,1,/content/CashewData_Split/train/healthy/healthy_584.jpg
train,healthy,1,/content/CashewData_Split/train/healthy/healthy_585.jpg
train,healthy,1,/content/CashewData_Split/train/healthy/healthy_586.jpg
train,healthy,1,/content/CashewData_Split/train/healthy/healthy_587.jpg
train,healthy,1,/content/CashewData_Split/train/healthy/healthy_588.jpg
train,healthy,1,/content/CashewData_Split/train/healthy/healthy_589.jpg
train,healthy,1,/content/CashewData_Split/train/healthy/healthy_59.jpg
train,healthy,1,/content/CashewData_Split/train/healthy/healthy_590.jpg
train,healthy,1,/content/CashewData_Split/train/healthy/healthy_591.jpg
train,healthy,1,/content/CashewData_Split/train/healthy/healthy_592.jpg
train,healthy,1,/content/CashewData_Split/train/healthy/healthy_593.jpg
train,healthy,1,/content/CashewData_Split/train/healthy/healthy_594.jpg
train,healthy,1,/content/CashewData_Split/train/healthy/healthy_595.jpg
train,healthy,1,/content/CashewData_Split/train/healthy/healthy_596.jpg
train,healthy,1,/content/CashewData_Split/train/healthy/healthy_597.jpg
train,healthy,1,/content/CashewData_Split/train/healthy/healthy_598.jpg
train,healthy,1,/content/CashewData_Split/train/healthy/healthy_599.jpg
train,healthy,1,/content/CashewData_Split/train/healthy/healthy_6.jpg
train,healthy,1,/content/CashewData_Split/train/healthy/healthy_60.jpg
train,healthy,1,/content/CashewData_Split/train/healthy/healthy_600.jpg
train,healthy,1,/content/CashewData_Split/train/healthy/healthy_601.jpg
train,healthy,1,/content/CashewData_Split/train/healthy/healthy_602.jpg
train,healthy,1,/content/CashewData_Split/train/healthy/healthy_603.jpg
train,healthy,1,/content/CashewData_Split/train/healthy/healthy_604.jpg
train,healthy,1,/content/CashewData_Split/train/healthy/healthy_605.jpg
train,healthy,1,/content/CashewData_Split/train/healthy/healthy_606.jpg
train,healthy,1,/content/CashewData_Split/train/healthy/healthy_607.jpg
train,healthy,1,/content/CashewData_Split/train/healthy/healthy_608.jpg
train,healthy,1,/content/CashewData_Split/train/healthy/healthy_609.jpg
train,healthy,1,/content/CashewData_Split/train/healthy/healthy_61.jpg
train,healthy,1,/content/CashewData_Split/train/healthy/healthy_610.jpg
train,healthy,1,/content/CashewData_Split/train/healthy/healthy_611.jpg
train,healthy,1,/content/CashewData_Split/train/healthy/healthy_612.jpg
train,healthy,1,/content/CashewData_Split/train/healthy/healthy_613.jpg
train,healthy,1,/content/CashewData_Split/train/healthy/healthy_614.jpg
train,healthy,1,/content/CashewData_Split/train/healthy/healthy_615.jpg
train,healthy,1,/content/CashewData_Split/train/healthy/healthy_616.jpg
train,healthy,1,/content/CashewData_Split/train/healthy/healthy_617.jpg
train,healthy,1,/content/CashewData_Split/train/healthy/healthy_618.jpg
train,healthy,1,/content/CashewData_Split/train/healthy/healthy_619.jpg
train,healthy,1,/content/CashewData_Split/train/healthy/healthy_62.jpg
train,healthy,1,/content/CashewData_Split/train/healthy/healthy_620.jpg
train,healthy,1,/content/CashewData_Split/train/healthy/healthy_621.jpg
train,healthy,1,/content/CashewData_Split/train/healthy/healthy_622.jpg
train,healthy,1,/content/CashewData_Split/train/healthy/healthy_623.jpg
train,healthy,1,/content/CashewData_Split/train/healthy/healthy_624.jpg
train,healthy,1,/content/CashewData_Split/train/healthy/healthy_625.jpg
train,healthy,1,/content/CashewData_Split/train/healthy/healthy_626.jpg
train,healthy,1,/content/CashewData_Split/train/healthy/healthy_627.jpg
train,healthy,1,/content/CashewData_Split/train/healthy/healthy_628.jpg
train,healthy,1,/content/CashewData_Split/train/healthy/healthy_629.jpg
train,healthy,1,/content/CashewData_Split/train/healthy/healthy_63.jpg
train,healthy,1,/content/CashewData_Split/train/healthy/healthy_630.jpg
train,healthy,1,/content/CashewData_Split/train/healthy/healthy_631.jpg
train,healthy,1,/content/CashewData_Split/train/healthy/healthy_632.jpg
train,healthy,1,/content/CashewData_Split/train/healthy/healthy_633.jpg
train,healthy,1,/content/CashewData_Split/train/healthy/healthy_634.jpg
train,healthy,1,/content/CashewData_Split/train/healthy/healthy_635.jpg
train,healthy,1,/content/CashewData_Split/train/healthy/healthy_636.jpg
train,healthy,1,/content/CashewData_Split/train/healthy/healthy_637.jpg
train,healthy,1,/content/CashewData_Split/train/healthy/healthy_638.jpg
train,healthy,1,/content/CashewData_Split/train/healthy/healthy_639.jpg
train,healthy,1,/content/CashewData_Split/train/healthy/healthy_64.jpg
train,healthy,1,/content/CashewData_Split/train/healthy/healthy_641.jpg
train,healthy,1,/content/CashewData_Split/train/healthy/healthy_642.jpg
train,healthy,1,/content/CashewData_Split/train/healthy/healthy_643.jpg
train,healthy,1,/content/CashewData_Split/train/healthy/healthy_644.jpg
train,healthy,1,/content/CashewData_Split/train/healthy/healthy_645.jpg
train,healthy,1,/content/CashewData_Split/train/healthy/healthy_646.jpg
train,healthy,1,/content/CashewData_Split/train/healthy/healthy_647.jpg
train,healthy,1,/content/CashewData_Split/train/healthy/healthy_648.jpg
train,healthy,1,/content/CashewData_Split/train/healthy/healthy_649.jpg
train,healthy,1,/content/CashewData_Split/train/healthy/healthy_65.jpg
train,healthy,1,/content/CashewData_Split/train/healthy/healthy_650.jpg
train,healthy,1,/content/CashewData_Split/train/healthy/healthy_652.jpg
train,healthy,1,/content/CashewData_Split/train/healthy/healthy_653.jpg
train,healthy,1,/content/CashewData_Split/train/healthy/healthy_654.jpg
train,healthy,1,/content/CashewData_Split/train/healthy/healthy_655.jpg
train,healthy,1,/content/CashewData_Split/train/healthy/healthy_656.jpg
train,healthy,1,/content/CashewData_Split/train/healthy/healthy_657.jpg
train,healthy,1,/content/CashewData_Split/train/healthy/healthy_658.jpg
train,healthy,1,/content/CashewData_Split/train/healthy/healthy_659.jpg
train,healthy,1,/content/CashewData_Split/train/healthy/healthy_66.jpg
train,healthy,1,/content/CashewData_Split/train/healthy/healthy_660.jpg
train,healthy,1,/content/CashewData_Split/train/healthy/healthy_661.jpg
train,healthy,1,/content/CashewData_Split/train/healthy/healthy_663.jpg
train,healthy,1,/content/CashewData_Split/train/healthy/healthy_664.jpg
train,healthy,1,/content/CashewData_Split/train/healthy/healthy_665.jpg
train,healthy,1,/content/CashewData_Split/train/healthy/healthy_666.jpg
train,healthy,1,/content/CashewData_Split/train/healthy/healthy_667.jpg
train,healthy,1,/content/CashewData_Split/train/healthy/healthy_668.jpg
train,healthy,1,/content/CashewData_Split/train/healthy/healthy_669.jpg
train,healthy,1,/content/CashewData_Split/train/healthy/healthy_67.jpg
train,healthy,1,/content/CashewData_Split/train/healthy/healthy_670.jpg
train,healthy,1,/content/CashewData_Split/train/healthy/healthy_671.jpg
train,healthy,1,/content/CashewData_Split/train/healthy/healthy_672.jpg
train,healthy,1,/content/CashewData_Split/train/healthy/healthy_674.jpg
train,healthy,1,/content/CashewData_Split/train/healthy/healthy_675.jpg
train,healthy,1,/content/CashewData_Split/train/healthy/healthy_676.jpg
train,healthy,1,/content/CashewData_Split/train/healthy/healthy_677.jpg
train,healthy,1,/content/CashewData_Split/train/healthy/healthy_678.jpg
train,healthy,1,/content/CashewData_Split/train/healthy/healthy_679.jpg
train,healthy,1,/content/CashewData_Split/train/healthy/healthy_68.jpg
train,healthy,1,/content/CashewData_Split/train/healthy/healthy_680.jpg
train,healthy,1,/content/CashewData_Split/train/healthy/healthy_681.jpg
train,healthy,1,/content/CashewData_Split/train/healthy/healthy_682.jpg
train,healthy,1,/content/CashewData_Split/train/healthy/healthy_683.jpg
train,healthy,1,/content/CashewData_Split/train/healthy/healthy_684.jpg
train,healthy,1,/content/CashewData_Split/train/healthy/healthy_685.jpg
train,healthy,1,/content/CashewData_Split/train/healthy/healthy_686.jpg
train,healthy,1,/content/CashewData_Split/train/healthy/healthy_687.jpg
train,healthy,1,/content/CashewData_Split/train/healthy/healthy_688.jpg
train,healthy,1,/content/CashewData_Split/train/healthy/healthy_689.jpg
train,healthy,1,/content/CashewData_Split/train/healthy/healthy_69.jpg
train,healthy,1,/content/CashewData_Split/train/healthy/healthy_690.jpg
train,healthy,1,/content/CashewData_Split/train/healthy/healthy_691.jpg
train,healthy,1,/content/CashewData_Split/train/healthy/healthy_692.jpg
train,healthy,1,/content/CashewData_Split/train/healthy/healthy_693.jpg
train,healthy,1,/content/CashewData_Split/train/healthy/healthy_694.jpg
train,healthy,1,/content/CashewData_Split/train/healthy/healthy_696.jpg
train,healthy,1,/content/CashewData_Split/train/healthy/healthy_697.jpg
train,healthy,1,/content/CashewData_Split/train/healthy/healthy_698.jpg
train,healthy,1,/content/CashewData_Split/train/healthy/healthy_699.jpg
train,healthy,1,/content/CashewData_Split/train/healthy/healthy_7.jpg
train,healthy,1,/content/CashewData_Split/train/healthy/healthy_70.jpg
train,healthy,1,/content/CashewData_Split/train/healthy/healthy_700.jpg
train,healthy,1,/content/CashewData_Split/train/healthy/healthy_701.jpg
train,healthy,1,/content/CashewData_Split/train/healthy/healthy_702.jpg
train,healthy,1,/content/CashewData_Split/train/healthy/healthy_703.jpg
train,healthy,1,/content/CashewData_Split/train/healthy/healthy_704.jpg
train,healthy,1,/content/CashewData_Split/train/healthy/healthy_705.jpg
train,healthy,1,/content/CashewData_Split/train/healthy/healthy_706.jpg
train,healthy,1,/content/CashewData_Split/train/healthy/healthy_708.jpg
train,healthy,1,/content/CashewData_Split/train/healthy/healthy_709.jpg
train,healthy,1,/content/CashewData_Split/train/healthy/healthy_71.jpg
train,healthy,1,/content/CashewData_Split/train/healthy/healthy_710.jpg
train,healthy,1,/content/CashewData_Split/train/healthy/healthy_711.jpg
train,healthy,1,/content/CashewData_Split/train/healthy/healthy_712.jpg
train,healthy,1,/content/CashewData_Split/train/healthy/healthy_713.jpg
train,healthy,1,/content/CashewData_Split/train/healthy/healthy_714.jpg
train,healthy,1,/content/CashewData_Split/train/healthy/healthy_715.jpg
train,healthy,1,/content/CashewData_Split/train/healthy/healthy_716.jpg
train,healthy,1,/content/CashewData_Split/train/healthy/healthy_717.jpg
train,healthy,1,/content/CashewData_Split/train/healthy/healthy_719.jpg
train,healthy,1,/content/CashewData_Split/train/healthy/healthy_72.jpg
train,healthy,1,/content/CashewData_Split/train/healthy/healthy_720.jpg
train,healthy,1,/content/CashewData_Split/train/healthy/healthy_721.jpg
train,healthy,1,/content/CashewData_Split/train/healthy/healthy_722.jpg
train,healthy,1,/content/CashewData_Split/train/healthy/healthy_723.jpg
train,healthy,1,/content/CashewData_Split/train/healthy/healthy_724.jpg
train,healthy,1,/content/CashewData_Split/train/healthy/healthy_725.jpg
train,healthy,1,/content/CashewData_Split/train/healthy/healthy_726.jpg
train,healthy,1,/content/CashewData_Split/train/healthy/healthy_727.jpg
train,healthy,1,/content/CashewData_Split/train/healthy/healthy_728.jpg
train,healthy,1,/content/CashewData_Split/train/healthy/healthy_73.jpg
train,healthy,1,/content/CashewData_Split/train/healthy/healthy_730.jpg
train,healthy,1,/content/CashewData_Split/train/healthy/healthy_731.jpg
train,healthy,1,/content/CashewData_Split/train/healthy/healthy_732.jpg
train,healthy,1,/content/CashewData_Split/train/healthy/healthy_733.jpg
train,healthy,1,/content/CashewData_Split/train/healthy/healthy_734.jpg
train,healthy,1,/content/CashewData_Split/train/healthy/healthy_735.jpg
train,healthy,1,/content/CashewData_Split/train/healthy/healthy_736.jpg
train,healthy,1,/content/CashewData_Split/train/healthy/healthy_738.jpg
train,healthy,1,/content/CashewData_Split/train/healthy/healthy_739.jpg
train,healthy,1,/content/CashewData_Split/train/healthy/healthy_74.jpg
train,healthy,1,/content/CashewData_Split/train/healthy/healthy_741.jpg
train,healthy,1,/content/CashewData_Split/train/healthy/healthy_742.jpg
train,healthy,1,/content/CashewData_Split/train/healthy/healthy_743.jpg
train,healthy,1,/content/CashewData_Split/train/healthy/healthy_744.jpg
train,healthy,1,/content/CashewData_Split/train/healthy/healthy_745.jpg
train,healthy,1,/content/CashewData_Split/train/healthy/healthy_746.jpg
train,healthy,1,/content/CashewData_Split/train/healthy/healthy_747.jpg
train,healthy,1,/content/CashewData_Split/train/healthy/healthy_748.jpg
train,healthy,1,/content/CashewData_Split/train/healthy/healthy_749.jpg
train,healthy,1,/content/CashewData_Split/train/healthy/healthy_75.jpg
train,healthy,1,/content/CashewData_Split/train/healthy/healthy_750.jpg
train,healthy,1,/content/CashewData_Split/train/healthy/healthy_752.jpg
train,healthy,1,/content/CashewData_Split/train/healthy/healthy_753.jpg
train,healthy,1,/content/CashewData_Split/train/healthy/healthy_754.jpg
train,healthy,1,/content/CashewData_Split/train/healthy/healthy_755.jpg
train,healthy,1,/content/CashewData_Split/train/healthy/healthy_756.jpg
train,healthy,1,/content/CashewData_Split/train/healthy/healthy_757.jpg
train,healthy,1,/content/CashewData_Split/train/healthy/healthy_758.jpg
train,healthy,1,/content/CashewData_Split/train/healthy/healthy_759.jpg
train,healthy,1,/content/CashewData_Split/train/healthy/healthy_76.jpg
train,healthy,1,/content/CashewData_Split/train/healthy/healthy_760.jpg
train,healthy,1,/content/CashewData_Split/train/healthy/healthy_761.jpg
train,healthy,1,/content/CashewData_Split/train/healthy/healthy_763.jpg
train,healthy,1,/content/CashewData_Split/train/healthy/healthy_764.jpg
train,healthy,1,/content/CashewData_Split/train/healthy/healthy_765.jpg
train,healthy,1,/content/CashewData_Split/train/healthy/healthy_766.jpg
train,healthy,1,/content/CashewData_Split/train/healthy/healthy_767.jpg
train,healthy,1,/content/CashewData_Split/train/healthy/healthy_768.jpg
train,healthy,1,/content/CashewData_Split/train/healthy/healthy_769.jpg
train,healthy,1,/content/CashewData_Split/train/healthy/healthy_77.jpg
train,healthy,1,/content/CashewData_Split/train/healthy/healthy_770.jpg
train,healthy,1,/content/CashewData_Split/train/healthy/healthy_771.jpg
train,healthy,1,/content/CashewData_Split/train/healthy/healthy_772.jpg
train,healthy,1,/content/CashewData_Split/train/healthy/healthy_774.jpg
train,healthy,1,/content/CashewData_Split/train/healthy/healthy_775.jpg
train,healthy,1,/content/CashewData_Split/train/healthy/healthy_776.jpg
train,healthy,1,/content/CashewData_Split/train/healthy/healthy_777.jpg
train,healthy,1,/content/CashewData_Split/train/healthy/healthy_778.jpg
train,healthy,1,/content/CashewData_Split/train/healthy/healthy_779.jpg
train,healthy,1,/content/CashewData_Split/train/healthy/healthy_78.jpg
train,healthy,1,/content/CashewData_Split/train/healthy/healthy_780.jpg
train,healthy,1,/content/CashewData_Split/train/healthy/healthy_781.jpg
train,healthy,1,/content/CashewData_Split/train/healthy/healthy_782.jpg
train,healthy,1,/content/CashewData_Split/train/healthy/healthy_783.jpg
train,healthy,1,/content/CashewData_Split/train/healthy/healthy_785.jpg
train,healthy,1,/content/CashewData_Split/train/healthy/healthy_786.jpg
train,healthy,1,/content/CashewData_Split/train/healthy/healthy_787.jpg
train,healthy,1,/content/CashewData_Split/train/healthy/healthy_788.jpg
train,healthy,1,/content/CashewData_Split/train/healthy/healthy_789.jpg
train,healthy,1,/content/CashewData_Split/train/healthy/healthy_79.jpg
train,healthy,1,/content/CashewData_Split/train/healthy/healthy_790.jpg
train,healthy,1,/content/CashewData_Split/train/healthy/healthy_791.jpg
train,healthy,1,/content/CashewData_Split/train/healthy/healthy_792.jpg
train,healthy,1,/content/CashewData_Split/train/healthy/healthy_793.jpg
train,healthy,1,/content/CashewData_Split/train/healthy/healthy_794.jpg
train,healthy,1,/content/CashewData_Split/train/healthy/healthy_796.jpg
train,healthy,1,/content/CashewData_Split/train/healthy/healthy_797.jpg
train,healthy,1,/content/CashewData_Split/train/healthy/healthy_798.jpg
train,healthy,1,/content/CashewData_Split/train/healthy/healthy_799.jpg
train,healthy,1,/content/CashewData_Split/train/healthy/healthy_8.jpg
train,healthy,1,/content/CashewData_Split/train/healthy/healthy_80.jpg
train,healthy,1,/content/CashewData_Split/train/healthy/healthy_800.jpg
train,healthy,1,/content/CashewData_Split/train/healthy/healthy_801.jpg
train,healthy,1,/content/CashewData_Split/train/healthy/healthy_802.jpg
train,healthy,1,/content/CashewData_Split/train/healthy/healthy_803.jpg
train,healthy,1,/content/CashewData_Split/train/healthy/healthy_804.jpg
train,healthy,1,/content/CashewData_Split/train/healthy/healthy_805.jpg
train,healthy,1,/content/CashewData_Split/train/healthy/healthy_806.jpg
train,healthy,1,/content/CashewData_Split/train/healthy/healthy_81.jpg
train,healthy,1,/content/CashewData_Split/train/healthy/healthy_82.jpg
train,healthy,1,/content/CashewData_Split/train/healthy/healthy_83.jpg
train,healthy,1,/content/CashewData_Split/train/healthy/healthy_84.jpg
train,healthy,1,/content/CashewData_Split/train/healthy/healthy_85.jpg
train,healthy,1,/content/CashewData_Split/train/healthy/healthy_86.jpg
train,healthy,1,/content/CashewData_Split/train/healthy/healthy_87.jpg
train,healthy,1,/content/CashewData_Split/train/healthy/healthy_88.jpg
train,healthy,1,/content/CashewData_Split/train/healthy/healthy_89.jpg
train,healthy,1,/content/CashewData_Split/train/healthy/healthy_9.jpg
train,healthy,1,/content/CashewData_Split/train/healthy/healthy_90.jpg
train,healthy,1,/content/CashewData_Split/train/healthy/healthy_91.jpg
train,healthy,1,/content/CashewData_Split/train/healthy/healthy_92.jpg
train,healthy,1,/content/CashewData_Split/train/healthy/healthy_93.jpg
train,healthy,1,/content/CashewData_Split/train/healthy/healthy_94.jpg
train,healthy,1,/content/CashewData_Split/train/healthy/healthy_95.jpg
train,healthy,1,/content/CashewData_Split/train/healthy/healthy_96.jpg
train,healthy,1,/content/CashewData_Split/train/healthy/healthy_97.jpg
train,healthy,1,/content/CashewData_Split/train/healthy/healthy_98.jpg
train,healthy,1,/content/CashewData_Split/train/healthy/healthy_99.jpg
train,healthy,1,/content/CashewData_Split/train/healthy/real_healthy_001.jpg
train,healthy,1,/content/CashewData_Split/train/healthy/real_healthy_002.jpg
train,healthy,1,/content/CashewData_Split/train/healthy/real_healthy_003.jpg
train,healthy,1,/content/CashewData_Split/train/healthy/real_healthy_004.jpg
train,healthy,1,/content/CashewData_Split/train/healthy/real_healthy_005.jpg
train,healthy,1,/content/CashewData_Split/train/healthy/real_healthy_006.jpg
train,healthy,1,/content/CashewData_Split/train/healthy/real_healthy_007.jpg
train,healthy,1,/content/CashewData_Split/train/healthy/real_healthy_008.jpg
train,healthy,1,/content/CashewData_Split/train/healthy/real_healthy_009.jpg
train,healthy,1,/content/CashewData_Split/train/healthy/real_healthy_010.jpg
train,healthy,1,/content/CashewData_Split/train/healthy/real_healthy_011.jpg
train,healthy,1,/content/CashewData_Split/train/healthy/real_healthy_012.jpg
train,healthy,1,/content/CashewData_Split/train/healthy/real_healthy_013.jpg
train,healthy,1,/content/CashewData_Split/train/healthy/real_healthy_014.jpg
train,leaf_miner,2,/content/CashewData_Split/train/leaf_miner/leaf_miner4985.jpg
train,leaf_miner,2,/content/CashewData_Split/train/leaf_miner/leaf_miner4986.jpg
train,leaf_miner,2,/content/CashewData_Split/train/leaf_miner/leaf_miner4987.jpg
train,leaf_miner,2,/content/CashewData_Split/train/leaf_miner/leaf_miner4988.jpg
train,leaf_miner,2,/content/CashewData_Split/train/leaf_miner/leaf_miner4989.jpg
train,leaf_miner,2,/content/CashewData_Split/train/leaf_miner/leaf_miner_1.jpg
train,leaf_miner,2,/content/CashewData_Split/train/leaf_miner/leaf_miner_10.jpg
train,leaf_miner,2,/content/CashewData_Split/train/leaf_miner/leaf_miner_100.jpg
train,leaf_miner,2,/content/CashewData_Split/train/leaf_miner/leaf_miner_1005.jpg
train,leaf_miner,2,/content/CashewData_Split/train/leaf_miner/leaf_miner_101.jpg
train,leaf_miner,2,/content/CashewData_Split/train/leaf_miner/leaf_miner_1016.jpg
train,leaf_miner,2,/content/CashewData_Split/train/leaf_miner/leaf_miner_102.jpg
train,leaf_miner,2,/content/CashewData_Split/train/leaf_miner/leaf_miner_1027.jpg
train,leaf_miner,2,/content/CashewData_Split/train/leaf_miner/leaf_miner_1038.jpg
train,leaf_miner,2,/content/CashewData_Split/train/leaf_miner/leaf_miner_104.jpg
train,leaf_miner,2,/content/CashewData_Split/train/leaf_miner/leaf_miner_105.jpg
train,leaf_miner,2,/content/CashewData_Split/train/leaf_miner/leaf_miner_106.jpg
train,leaf_miner,2,/content/CashewData_Split/train/leaf_miner/leaf_miner_107.jpg
train,leaf_miner,2,/content/CashewData_Split/train/leaf_miner/leaf_miner_1071.jpg
train,leaf_miner,2,/content/CashewData_Split/train/leaf_miner/leaf_miner_108.jpg
train,leaf_miner,2,/content/CashewData_Split/train/leaf_miner/leaf_miner_1082.jpg
train,leaf_miner,2,/content/CashewData_Split/train/leaf_miner/leaf_miner_109.jpg
train,leaf_miner,2,/content/CashewData_Split/train/leaf_miner/leaf_miner_1098.jpg
train,leaf_miner,2,/content/CashewData_Split/train/leaf_miner/leaf_miner_1105.jpg
train,leaf_miner,2,/content/CashewData_Split/train/leaf_miner/leaf_miner_1116.jpg
train,leaf_miner,2,/content/CashewData_Split/train/leaf_miner/leaf_miner_112.jpg
train,leaf_miner,2,/content/CashewData_Split/train/leaf_miner/leaf_miner_1127.jpg
train,leaf_miner,2,/content/CashewData_Split/train/leaf_miner/leaf_miner_113.jpg
train,leaf_miner,2,/content/CashewData_Split/train/leaf_miner/leaf_miner_1138.jpg
train,leaf_miner,2,/content/CashewData_Split/train/leaf_miner/leaf_miner_114.jpg
train,leaf_miner,2,/content/CashewData_Split/train/leaf_miner/leaf_miner_1145.jpg
train,leaf_miner,2,/content/CashewData_Split/train/leaf_miner/leaf_miner_1149.jpg
train,leaf_miner,2,/content/CashewData_Split/train/leaf_miner/leaf_miner_115.jpg
train,leaf_miner,2,/content/CashewData_Split/train/leaf_miner/leaf_miner_116.jpg
train,leaf_miner,2,/content/CashewData_Split/train/leaf_miner/leaf_miner_1160.jpg
train,leaf_miner,2,/content/CashewData_Split/train/leaf_miner/leaf_miner_117.jpg
train,leaf_miner,2,/content/CashewData_Split/train/leaf_miner/leaf_miner_1171.jpg
train,leaf_miner,2,/content/CashewData_Split/train/leaf_miner/leaf_miner_118.jpg
train,leaf_miner,2,/content/CashewData_Split/train/leaf_miner/leaf_miner_119.jpg
train,leaf_miner,2,/content/CashewData_Split/train/leaf_miner/leaf_miner_12.jpg
train,leaf_miner,2,/content/CashewData_Split/train/leaf_miner/leaf_miner_120.jpg
train,leaf_miner,2,/content/CashewData_Split/train/leaf_miner/leaf_miner_1204.jpg
train,leaf_miner,2,/content/CashewData_Split/train/leaf_miner/leaf_miner_122.jpg
train,leaf_miner,2,/content/CashewData_Split/train/leaf_miner/leaf_miner_123.jpg
train,leaf_miner,2,/content/CashewData_Split/train/leaf_miner/leaf_miner_124.jpg
train,leaf_miner,2,/content/CashewData_Split/train/leaf_miner/leaf_miner_126.jpg
train,leaf_miner,2,/content/CashewData_Split/train/leaf_miner/leaf_miner_127.jpg
train,leaf_miner,2,/content/CashewData_Split/train/leaf_miner/leaf_miner_128.jpg
train,leaf_miner,2,/content/CashewData_Split/train/leaf_miner/leaf_miner_129.jpg
train,leaf_miner,2,/content/CashewData_Split/train/leaf_miner/leaf_miner_13.jpg
train,leaf_miner,2,/content/CashewData_Split/train/leaf_miner/leaf_miner_130.jpg
train,leaf_miner,2,/content/CashewData_Split/train/leaf_miner/leaf_miner_131.jpg
train,leaf_miner,2,/content/CashewData_Split/train/leaf_miner/leaf_miner_132.jpg
train,leaf_miner,2,/content/CashewData_Split/train/leaf_miner/leaf_miner_133.jpg
train,leaf_miner,2,/content/CashewData_Split/train/leaf_miner/leaf_miner_134.jpg
train,leaf_miner,2,/content/CashewData_Split/train/leaf_miner/leaf_miner_135.jpg
train,leaf_miner,2,/content/CashewData_Split/train/leaf_miner/leaf_miner_136.jpg
train,leaf_miner,2,/content/CashewData_Split/train/leaf_miner/leaf_miner_137.jpg
train,leaf_miner,2,/content/CashewData_Split/train/leaf_miner/leaf_miner_138.jpg
train,leaf_miner,2,/content/CashewData_Split/train/leaf_miner/leaf_miner_139.jpg
train,leaf_miner,2,/content/CashewData_Split/train/leaf_miner/leaf_miner_140.jpg
train,leaf_miner,2,/content/CashewData_Split/train/leaf_miner/leaf_miner_141.jpg
train,leaf_miner,2,/content/CashewData_Split/train/leaf_miner/leaf_miner_142.jpg
train,leaf_miner,2,/content/CashewData_Split/train/leaf_miner/leaf_miner_143.jpg
train,leaf_miner,2,/content/CashewData_Split/train/leaf_miner/leaf_miner_144.jpg
train,leaf_miner,2,/content/CashewData_Split/train/leaf_miner/leaf_miner_145.jpg
train,leaf_miner,2,/content/CashewData_Split/train/leaf_miner/leaf_miner_146.jpg
train,leaf_miner,2,/content/CashewData_Split/train/leaf_miner/leaf_miner_147.jpg
train,leaf_miner,2,/content/CashewData_Split/train/leaf_miner/leaf_miner_148.jpg
train,leaf_miner,2,/content/CashewData_Split/train/leaf_miner/leaf_miner_149.jpg
train,leaf_miner,2,/content/CashewData_Split/train/leaf_miner/leaf_miner_15.jpg
train,leaf_miner,2,/content/CashewData_Split/train/leaf_miner/leaf_miner_150.jpg
train,leaf_miner,2,/content/CashewData_Split/train/leaf_miner/leaf_miner_152.jpg
train,leaf_miner,2,/content/CashewData_Split/train/leaf_miner/leaf_miner_153.jpg
train,leaf_miner,2,/content/CashewData_Split/train/leaf_miner/leaf_miner_154.jpg
train,leaf_miner,2,/content/CashewData_Split/train/leaf_miner/leaf_miner_156.jpg
train,leaf_miner,2,/content/CashewData_Split/train/leaf_miner/leaf_miner_157.jpg
train,leaf_miner,2,/content/CashewData_Split/train/leaf_miner/leaf_miner_158.jpg
train,leaf_miner,2,/content/CashewData_Split/train/leaf_miner/leaf_miner_159.jpg
train,leaf_miner,2,/content/CashewData_Split/train/leaf_miner/leaf_miner_16.jpg
train,leaf_miner,2,/content/CashewData_Split/train/leaf_miner/leaf_miner_160.jpg
train,leaf_miner,2,/content/CashewData_Split/train/leaf_miner/leaf_miner_161.jpg
train,leaf_miner,2,/content/CashewData_Split/train/leaf_miner/leaf_miner_162.jpg
train,leaf_miner,2,/content/CashewData_Split/train/leaf_miner/leaf_miner_163.jpg
train,leaf_miner,2,/content/CashewData_Split/train/leaf_miner/leaf_miner_164.jpg
train,leaf_miner,2,/content/CashewData_Split/train/leaf_miner/leaf_miner_165.jpg
train,leaf_miner,2,/content/CashewData_Split/train/leaf_miner/leaf_miner_166.jpg
train,leaf_miner,2,/content/CashewData_Split/train/leaf_miner/leaf_miner_167.jpg
train,leaf_miner,2,/content/CashewData_Split/train/leaf_miner/leaf_miner_168.jpg
train,leaf_miner,2,/content/CashewData_Split/train/leaf_miner/leaf_miner_169.jpg
train,leaf_miner,2,/content/CashewData_Split/train/leaf_miner/leaf_miner_17.jpg
train,leaf_miner,2,/content/CashewData_Split/train/leaf_miner/leaf_miner_170.jpg
train,leaf_miner,2,/content/CashewData_Split/train/leaf_miner/leaf_miner_171.jpg
train,leaf_miner,2,/content/CashewData_Split/train/leaf_miner/leaf_miner_172.jpg
train,leaf_miner,2,/content/CashewData_Split/train/leaf_miner/leaf_miner_173.jpg
train,leaf_miner,2,/content/CashewData_Split/train/leaf_miner/leaf_miner_174.jpg
train,leaf_miner,2,/content/CashewData_Split/train/leaf_miner/leaf_miner_175.jpg
train,leaf_miner,2,/content/CashewData_Split/train/leaf_miner/leaf_miner_176.jpg
train,leaf_miner,2,/content/CashewData_Split/train/leaf_miner/leaf_miner_177.jpg
train,leaf_miner,2,/content/CashewData_Split/train/leaf_miner/leaf_miner_178.jpg
train,leaf_miner,2,/content/CashewData_Split/train/leaf_miner/leaf_miner_179.jpg
train,leaf_miner,2,/content/CashewData_Split/train/leaf_miner/leaf_miner_18.jpg
train,leaf_miner,2,/content/CashewData_Split/train/leaf_miner/leaf_miner_180.jpg
train,leaf_miner,2,/content/CashewData_Split/train/leaf_miner/leaf_miner_181.jpg
train,leaf_miner,2,/content/CashewData_Split/train/leaf_miner/leaf_miner_182.jpg
train,leaf_miner,2,/content/CashewData_Split/train/leaf_miner/leaf_miner_183.jpg
train,leaf_miner,2,/content/CashewData_Split/train/leaf_miner/leaf_miner_184.jpg
train,leaf_miner,2,/content/CashewData_Split/train/leaf_miner/leaf_miner_185.jpg
train,leaf_miner,2,/content/CashewData_Split/train/leaf_miner/leaf_miner_186.jpg
train,leaf_miner,2,/content/CashewData_Split/train/leaf_miner/leaf_miner_187.jpg
train,leaf_miner,2,/content/CashewData_Split/train/leaf_miner/leaf_miner_188.jpg
train,leaf_miner,2,/content/CashewData_Split/train/leaf_miner/leaf_miner_189.jpg
train,leaf_miner,2,/content/CashewData_Split/train/leaf_miner/leaf_miner_19.jpg
train,leaf_miner,2,/content/CashewData_Split/train/leaf_miner/leaf_miner_190.jpg
train,leaf_miner,2,/content/CashewData_Split/train/leaf_miner/leaf_miner_191.jpg
train,leaf_miner,2,/content/CashewData_Split/train/leaf_miner/leaf_miner_192.jpg
train,leaf_miner,2,/content/CashewData_Split/train/leaf_miner/leaf_miner_193.jpg
train,leaf_miner,2,/content/CashewData_Split/train/leaf_miner/leaf_miner_194.jpg
train,leaf_miner,2,/content/CashewData_Split/train/leaf_miner/leaf_miner_196.jpg
train,leaf_miner,2,/content/CashewData_Split/train/leaf_miner/leaf_miner_197.jpg
train,leaf_miner,2,/content/CashewData_Split/train/leaf_miner/leaf_miner_198.jpg
train,leaf_miner,2,/content/CashewData_Split/train/leaf_miner/leaf_miner_199.jpg
train,leaf_miner,2,/content/CashewData_Split/train/leaf_miner/leaf_miner_2.jpg
train,leaf_miner,2,/content/CashewData_Split/train/leaf_miner/leaf_miner_20.jpg
train,leaf_miner,2,/content/CashewData_Split/train/leaf_miner/leaf_miner_200.jpg
train,leaf_miner,2,/content/CashewData_Split/train/leaf_miner/leaf_miner_201.jpg
train,leaf_miner,2,/content/CashewData_Split/train/leaf_miner/leaf_miner_202.jpg
train,leaf_miner,2,/content/CashewData_Split/train/leaf_miner/leaf_miner_203.jpg
train,leaf_miner,2,/content/CashewData_Split/train/leaf_miner/leaf_miner_204.jpg
train,leaf_miner,2,/content/CashewData_Split/train/leaf_miner/leaf_miner_205.jpg
train,leaf_miner,2,/content/CashewData_Split/train/leaf_miner/leaf_miner_206.jpg
train,leaf_miner,2,/content/CashewData_Split/train/leaf_miner/leaf_miner_207.jpg
train,leaf_miner,2,/content/CashewData_Split/train/leaf_miner/leaf_miner_209.jpg
train,leaf_miner,2,/content/CashewData_Split/train/leaf_miner/leaf_miner_210.jpg
train,leaf_miner,2,/content/CashewData_Split/train/leaf_miner/leaf_miner_211.jpg
train,leaf_miner,2,/content/CashewData_Split/train/leaf_miner/leaf_miner_212.jpg
train,leaf_miner,2,/content/CashewData_Split/train/leaf_miner/leaf_miner_213.jpg
train,leaf_miner,2,/content/CashewData_Split/train/leaf_miner/leaf_miner_214.jpg
train,leaf_miner,2,/content/CashewData_Split/train/leaf_miner/leaf_miner_215.jpg
train,leaf_miner,2,/content/CashewData_Split/train/leaf_miner/leaf_miner_216.jpg
train,leaf_miner,2,/content/CashewData_Split/train/leaf_miner/leaf_miner_217.jpg
train,leaf_miner,2,/content/CashewData_Split/train/leaf_miner/leaf_miner_218.jpg
train,leaf_miner,2,/content/CashewData_Split/train/leaf_miner/leaf_miner_219.jpg
train,leaf_miner,2,/content/CashewData_Split/train/leaf_miner/leaf_miner_22.jpg
train,leaf_miner,2,/content/CashewData_Split/train/leaf_miner/leaf_miner_220.jpg
train,leaf_miner,2,/content/CashewData_Split/train/leaf_miner/leaf_miner_221.jpg
train,leaf_miner,2,/content/CashewData_Split/train/leaf_miner/leaf_miner_222.jpg
train,leaf_miner,2,/content/CashewData_Split/train/leaf_miner/leaf_miner_223.jpg
train,leaf_miner,2,/content/CashewData_Split/train/leaf_miner/leaf_miner_224.jpg
train,leaf_miner,2,/content/CashewData_Split/train/leaf_miner/leaf_miner_225.jpg
train,leaf_miner,2,/content/CashewData_Split/train/leaf_miner/leaf_miner_226.jpg
train,leaf_miner,2,/content/CashewData_Split/train/leaf_miner/leaf_miner_227.jpg
train,leaf_miner,2,/content/CashewData_Split/train/leaf_miner/leaf_miner_228.jpg
train,leaf_miner,2,/content/CashewData_Split/train/leaf_miner/leaf_miner_229.jpg
train,leaf_miner,2,/content/CashewData_Split/train/leaf_miner/leaf_miner_23.jpg
train,leaf_miner,2,/content/CashewData_Split/train/leaf_miner/leaf_miner_230.jpg
train,leaf_miner,2,/content/CashewData_Split/train/leaf_miner/leaf_miner_231.jpg
train,leaf_miner,2,/content/CashewData_Split/train/leaf_miner/leaf_miner_232.jpg
train,leaf_miner,2,/content/CashewData_Split/train/leaf_miner/leaf_miner_233.jpg
train,leaf_miner,2,/content/CashewData_Split/train/leaf_miner/leaf_miner_234.jpg
train,leaf_miner,2,/content/CashewData_Split/train/leaf_miner/leaf_miner_235.jpg
train,leaf_miner,2,/content/CashewData_Split/train/leaf_miner/leaf_miner_236.jpg
train,leaf_miner,2,/content/CashewData_Split/train/leaf_miner/leaf_miner_238.jpg
train,leaf_miner,2,/content/CashewData_Split/train/leaf_miner/leaf_miner_24.jpg
train,leaf_miner,2,/content/CashewData_Split/train/leaf_miner/leaf_miner_241.jpg
train,leaf_miner,2,/content/CashewData_Split/train/leaf_miner/leaf_miner_243.jpg
train,leaf_miner,2,/content/CashewData_Split/train/leaf_miner/leaf_miner_244.jpg
train,leaf_miner,2,/content/CashewData_Split/train/leaf_miner/leaf_miner_245.jpg
train,leaf_miner,2,/content/CashewData_Split/train/leaf_miner/leaf_miner_246.jpg
train,leaf_miner,2,/content/CashewData_Split/train/leaf_miner/leaf_miner_247.jpg
train,leaf_miner,2,/content/CashewData_Split/train/leaf_miner/leaf_miner_248.jpg
train,leaf_miner,2,/content/CashewData_Split/train/leaf_miner/leaf_miner_249.jpg
train,leaf_miner,2,/content/CashewData_Split/train/leaf_miner/leaf_miner_25.jpg
train,leaf_miner,2,/content/CashewData_Split/train/leaf_miner/leaf_miner_250.jpg
train,leaf_miner,2,/content/CashewData_Split/train/leaf_miner/leaf_miner_251.jpg
train,leaf_miner,2,/content/CashewData_Split/train/leaf_miner/leaf_miner_252.jpg
train,leaf_miner,2,/content/CashewData_Split/train/leaf_miner/leaf_miner_253.jpg
train,leaf_miner,2,/content/CashewData_Split/train/leaf_miner/leaf_miner_254.jpg
train,leaf_miner,2,/content/CashewData_Split/train/leaf_miner/leaf_miner_255.jpg
train,leaf_miner,2,/content/CashewData_Split/train/leaf_miner/leaf_miner_256.jpg
train,leaf_miner,2,/content/CashewData_Split/train/leaf_miner/leaf_miner_257.jpg
train,leaf_miner,2,/content/CashewData_Split/train/leaf_miner/leaf_miner_258.jpg
train,leaf_miner,2,/content/CashewData_Split/train/leaf_miner/leaf_miner_259.jpg
train,leaf_miner,2,/content/CashewData_Split/train/leaf_miner/leaf_miner_26.jpg
train,leaf_miner,2,/content/CashewData_Split/train/leaf_miner/leaf_miner_260.jpg
train,leaf_miner,2,/content/CashewData_Split/train/leaf_miner/leaf_miner_261.jpg
train,leaf_miner,2,/content/CashewData_Split/train/leaf_miner/leaf_miner_262.jpg
train,leaf_miner,2,/content/CashewData_Split/train/leaf_miner/leaf_miner_263.jpg
train,leaf_miner,2,/content/CashewData_Split/train/leaf_miner/leaf_miner_264.jpg
train,leaf_miner,2,/content/CashewData_Split/train/leaf_miner/leaf_miner_265.jpg
train,leaf_miner,2,/content/CashewData_Split/train/leaf_miner/leaf_miner_266.jpg
train,leaf_miner,2,/content/CashewData_Split/train/leaf_miner/leaf_miner_267.jpg
train,leaf_miner,2,/content/CashewData_Split/train/leaf_miner/leaf_miner_268.jpg
train,leaf_miner,2,/content/CashewData_Split/train/leaf_miner/leaf_miner_269.jpg
train,leaf_miner,2,/content/CashewData_Split/train/leaf_miner/leaf_miner_27.jpg
train,leaf_miner,2,/content/CashewData_Split/train/leaf_miner/leaf_miner_270.jpg
train,leaf_miner,2,/content/CashewData_Split/train/leaf_miner/leaf_miner_271.jpg
train,leaf_miner,2,/content/CashewData_Split/train/leaf_miner/leaf_miner_272.jpg
train,leaf_miner,2,/content/CashewData_Split/train/leaf_miner/leaf_miner_274.jpg
train,leaf_miner,2,/content/CashewData_Split/train/leaf_miner/leaf_miner_275.jpg
train,leaf_miner,2,/content/CashewData_Split/train/leaf_miner/leaf_miner_276.jpg
train,leaf_miner,2,/content/CashewData_Split/train/leaf_miner/leaf_miner_277.jpg
train,leaf_miner,2,/content/CashewData_Split/train/leaf_miner/leaf_miner_278.jpg
train,leaf_miner,2,/content/CashewData_Split/train/leaf_miner/leaf_miner_279.jpg
train,leaf_miner,2,/content/CashewData_Split/train/leaf_miner/leaf_miner_28.jpg
train,leaf_miner,2,/content/CashewData_Split/train/leaf_miner/leaf_miner_280.jpg
train,leaf_miner,2,/content/CashewData_Split/train/leaf_miner/leaf_miner_281.jpg
train,leaf_miner,2,/content/CashewData_Split/train/leaf_miner/leaf_miner_283.jpg
train,leaf_miner,2,/content/CashewData_Split/train/leaf_miner/leaf_miner_284.jpg
train,leaf_miner,2,/content/CashewData_Split/train/leaf_miner/leaf_miner_285.jpg
train,leaf_miner,2,/content/CashewData_Split/train/leaf_miner/leaf_miner_286.jpg
train,leaf_miner,2,/content/CashewData_Split/train/leaf_miner/leaf_miner_287.jpg
train,leaf_miner,2,/content/CashewData_Split/train/leaf_miner/leaf_miner_288.jpg
train,leaf_miner,2,/content/CashewData_Split/train/leaf_miner/leaf_miner_29.jpg
train,leaf_miner,2,/content/CashewData_Split/train/leaf_miner/leaf_miner_290.jpg
train,leaf_miner,2,/content/CashewData_Split/train/leaf_miner/leaf_miner_291.jpg
train,leaf_miner,2,/content/CashewData_Split/train/leaf_miner/leaf_miner_292.jpg
train,leaf_miner,2,/content/CashewData_Split/train/leaf_miner/leaf_miner_293.jpg
train,leaf_miner,2,/content/CashewData_Split/train/leaf_miner/leaf_miner_294.jpg
train,leaf_miner,2,/content/CashewData_Split/train/leaf_miner/leaf_miner_295.jpg
train,leaf_miner,2,/content/CashewData_Split/train/leaf_miner/leaf_miner_296.jpg
train,leaf_miner,2,/content/CashewData_Split/train/leaf_miner/leaf_miner_297.jpg
train,leaf_miner,2,/content/CashewData_Split/train/leaf_miner/leaf_miner_298.jpg
train,leaf_miner,2,/content/CashewData_Split/train/leaf_miner/leaf_miner_3.jpg
train,leaf_miner,2,/content/CashewData_Split/train/leaf_miner/leaf_miner_30.jpg
train,leaf_miner,2,/content/CashewData_Split/train/leaf_miner/leaf_miner_300.jpg
train,leaf_miner,2,/content/CashewData_Split/train/leaf_miner/leaf_miner_301.jpg
train,leaf_miner,2,/content/CashewData_Split/train/leaf_miner/leaf_miner_302.jpg
train,leaf_miner,2,/content/CashewData_Split/train/leaf_miner/leaf_miner_303.jpg
train,leaf_miner,2,/content/CashewData_Split/train/leaf_miner/leaf_miner_304.jpg
train,leaf_miner,2,/content/CashewData_Split/train/leaf_miner/leaf_miner_305.jpg
train,leaf_miner,2,/content/CashewData_Split/train/leaf_miner/leaf_miner_306.jpg
train,leaf_miner,2,/content/CashewData_Split/train/leaf_miner/leaf_miner_308.jpg
train,leaf_miner,2,/content/CashewData_Split/train/leaf_miner/leaf_miner_309.jpg
train,leaf_miner,2,/content/CashewData_Split/train/leaf_miner/leaf_miner_31.jpg
train,leaf_miner,2,/content/CashewData_Split/train/leaf_miner/leaf_miner_310.jpg
train,leaf_miner,2,/content/CashewData_Split/train/leaf_miner/leaf_miner_311.jpg
train,leaf_miner,2,/content/CashewData_Split/train/leaf_miner/leaf_miner_312.jpg
train,leaf_miner,2,/content/CashewData_Split/train/leaf_miner/leaf_miner_313.jpg
train,leaf_miner,2,/content/CashewData_Split/train/leaf_miner/leaf_miner_315.jpg
train,leaf_miner,2,/content/CashewData_Split/train/leaf_miner/leaf_miner_316.jpg
train,leaf_miner,2,/content/CashewData_Split/train/leaf_miner/leaf_miner_317.jpg
train,leaf_miner,2,/content/CashewData_Split/train/leaf_miner/leaf_miner_318.jpg
train,leaf_miner,2,/content/CashewData_Split/train/leaf_miner/leaf_miner_319.jpg
train,leaf_miner,2,/content/CashewData_Split/train/leaf_miner/leaf_miner_320.jpg
train,leaf_miner,2,/content/CashewData_Split/train/leaf_miner/leaf_miner_321.jpg
train,leaf_miner,2,/content/CashewData_Split/train/leaf_miner/leaf_miner_323.jpg
train,leaf_miner,2,/content/CashewData_Split/train/leaf_miner/leaf_miner_324.jpg
train,leaf_miner,2,/content/CashewData_Split/train/leaf_miner/leaf_miner_325.jpg
train,leaf_miner,2,/content/CashewData_Split/train/leaf_miner/leaf_miner_326.jpg
train,leaf_miner,2,/content/CashewData_Split/train/leaf_miner/leaf_miner_327.jpg
train,leaf_miner,2,/content/CashewData_Split/train/leaf_miner/leaf_miner_328.jpg
train,leaf_miner,2,/content/CashewData_Split/train/leaf_miner/leaf_miner_329.jpg
train,leaf_miner,2,/content/CashewData_Split/train/leaf_miner/leaf_miner_33.jpg
train,leaf_miner,2,/content/CashewData_Split/train/leaf_miner/leaf_miner_330.jpg
train,leaf_miner,2,/content/CashewData_Split/train/leaf_miner/leaf_miner_331.jpg
train,leaf_miner,2,/content/CashewData_Split/train/leaf_miner/leaf_miner_332.jpg
train,leaf_miner,2,/content/CashewData_Split/train/leaf_miner/leaf_miner_333.jpg
train,leaf_miner,2,/content/CashewData_Split/train/leaf_miner/leaf_miner_334.jpg
train,leaf_miner,2,/content/CashewData_Split/train/leaf_miner/leaf_miner_335.jpg
train,leaf_miner,2,/content/CashewData_Split/train/leaf_miner/leaf_miner_336.jpg
train,leaf_miner,2,/content/CashewData_Split/train/leaf_miner/leaf_miner_337.jpg
train,leaf_miner,2,/content/CashewData_Split/train/leaf_miner/leaf_miner_338.jpg
train,leaf_miner,2,/content/CashewData_Split/train/leaf_miner/leaf_miner_339.jpg
train,leaf_miner,2,/content/CashewData_Split/train/leaf_miner/leaf_miner_34.jpg
train,leaf_miner,2,/content/CashewData_Split/train/leaf_miner/leaf_miner_340.jpg
train,leaf_miner,2,/content/CashewData_Split/train/leaf_miner/leaf_miner_341.jpg
train,leaf_miner,2,/content/CashewData_Split/train/leaf_miner/leaf_miner_342.jpg
train,leaf_miner,2,/content/CashewData_Split/train/leaf_miner/leaf_miner_343.jpg
train,leaf_miner,2,/content/CashewData_Split/train/leaf_miner/leaf_miner_344.jpg
train,leaf_miner,2,/content/CashewData_Split/train/leaf_miner/leaf_miner_345.jpg
train,leaf_miner,2,/content/CashewData_Split/train/leaf_miner/leaf_miner_346.jpg
train,leaf_miner,2,/content/CashewData_Split/train/leaf_miner/leaf_miner_347.jpg
train,leaf_miner,2,/content/CashewData_Split/train/leaf_miner/leaf_miner_348.jpg
train,leaf_miner,2,/content/CashewData_Split/train/leaf_miner/leaf_miner_349.jpg
train,leaf_miner,2,/content/CashewData_Split/train/leaf_miner/leaf_miner_35.jpg
train,leaf_miner,2,/content/CashewData_Split/train/leaf_miner/leaf_miner_350.jpg
train,leaf_miner,2,/content/CashewData_Split/train/leaf_miner/leaf_miner_352.jpg
train,leaf_miner,2,/content/CashewData_Split/train/leaf_miner/leaf_miner_353.jpg
train,leaf_miner,2,/content/CashewData_Split/train/leaf_miner/leaf_miner_354.jpg
train,leaf_miner,2,/content/CashewData_Split/train/leaf_miner/leaf_miner_355.jpg
train,leaf_miner,2,/content/CashewData_Split/train/leaf_miner/leaf_miner_356.jpg
train,leaf_miner,2,/content/CashewData_Split/train/leaf_miner/leaf_miner_357.jpg
train,leaf_miner,2,/content/CashewData_Split/train/leaf_miner/leaf_miner_358.jpg
train,leaf_miner,2,/content/CashewData_Split/train/leaf_miner/leaf_miner_36.jpg
train,leaf_miner,2,/content/CashewData_Split/train/leaf_miner/leaf_miner_360.jpg
train,leaf_miner,2,/content/CashewData_Split/train/leaf_miner/leaf_miner_361.jpg
train,leaf_miner,2,/content/CashewData_Split/train/leaf_miner/leaf_miner_362.jpg
train,leaf_miner,2,/content/CashewData_Split/train/leaf_miner/leaf_miner_363.jpg
train,leaf_miner,2,/content/CashewData_Split/train/leaf_miner/leaf_miner_364.jpg
train,leaf_miner,2,/content/CashewData_Split/train/leaf_miner/leaf_miner_365.jpg
train,leaf_miner,2,/content/CashewData_Split/train/leaf_miner/leaf_miner_366.jpg
train,leaf_miner,2,/content/CashewData_Split/train/leaf_miner/leaf_miner_367.jpg
train,leaf_miner,2,/content/CashewData_Split/train/leaf_miner/leaf_miner_368.jpg
train,leaf_miner,2,/content/CashewData_Split/train/leaf_miner/leaf_miner_369.jpg
train,leaf_miner,2,/content/CashewData_Split/train/leaf_miner/leaf_miner_37.jpg
train,leaf_miner,2,/content/CashewData_Split/train/leaf_miner/leaf_miner_370.jpg
train,leaf_miner,2,/content/CashewData_Split/train/leaf_miner/leaf_miner_371.jpg
train,leaf_miner,2,/content/CashewData_Split/train/leaf_miner/leaf_miner_372.jpg
train,leaf_miner,2,/content/CashewData_Split/train/leaf_miner/leaf_miner_373.jpg
train,leaf_miner,2,/content/CashewData_Split/train/leaf_miner/leaf_miner_374.jpg
train,leaf_miner,2,/content/CashewData_Split/train/leaf_miner/leaf_miner_375.jpg
train,leaf_miner,2,/content/CashewData_Split/train/leaf_miner/leaf_miner_376.jpg
train,leaf_miner,2,/content/CashewData_Split/train/leaf_miner/leaf_miner_377.jpg
train,leaf_miner,2,/content/CashewData_Split/train/leaf_miner/leaf_miner_378.jpg
train,leaf_miner,2,/content/CashewData_Split/train/leaf_miner/leaf_miner_379.jpg
train,leaf_miner,2,/content/CashewData_Split/train/leaf_miner/leaf_miner_38.jpg
train,leaf_miner,2,/content/CashewData_Split/train/leaf_miner/leaf_miner_380.jpg
train,leaf_miner,2,/content/CashewData_Split/train/leaf_miner/leaf_miner_381.jpg
train,leaf_miner,2,/content/CashewData_Split/train/leaf_miner/leaf_miner_382.jpg
train,leaf_miner,2,/content/CashewData_Split/train/leaf_miner/leaf_miner_383.jpg
train,leaf_miner,2,/content/CashewData_Split/train/leaf_miner/leaf_miner_384.jpg
train,leaf_miner,2,/content/CashewData_Split/train/leaf_miner/leaf_miner_385.jpg
train,leaf_miner,2,/content/CashewData_Split/train/leaf_miner/leaf_miner_386.jpg
train,leaf_miner,2,/content/CashewData_Split/train/leaf_miner/leaf_miner_387.jpg
train,leaf_miner,2,/content/CashewData_Split/train/leaf_miner/leaf_miner_388.jpg
train,leaf_miner,2,/content/CashewData_Split/train/leaf_miner/leaf_miner_389.jpg
train,leaf_miner,2,/content/CashewData_Split/train/leaf_miner/leaf_miner_39.jpg
train,leaf_miner,2,/content/CashewData_Split/train/leaf_miner/leaf_miner_390.jpg
train,leaf_miner,2,/content/CashewData_Split/train/leaf_miner/leaf_miner_391.jpg
train,leaf_miner,2,/content/CashewData_Split/train/leaf_miner/leaf_miner_392.jpg
train,leaf_miner,2,/content/CashewData_Split/train/leaf_miner/leaf_miner_393.jpg
train,leaf_miner,2,/content/CashewData_Split/train/leaf_miner/leaf_miner_394.jpg
train,leaf_miner,2,/content/CashewData_Split/train/leaf_miner/leaf_miner_395.jpg
train,leaf_miner,2,/content/CashewData_Split/train/leaf_miner/leaf_miner_396.jpg
train,leaf_miner,2,/content/CashewData_Split/train/leaf_miner/leaf_miner_397.jpg
train,leaf_miner,2,/content/CashewData_Split/train/leaf_miner/leaf_miner_398.jpg
train,leaf_miner,2,/content/CashewData_Split/train/leaf_miner/leaf_miner_399.jpg
train,leaf_miner,2,/content/CashewData_Split/train/leaf_miner/leaf_miner_40.jpg
train,leaf_miner,2,/content/CashewData_Split/train/leaf_miner/leaf_miner_401.jpg
train,leaf_miner,2,/content/CashewData_Split/train/leaf_miner/leaf_miner_402.jpg
train,leaf_miner,2,/content/CashewData_Split/train/leaf_miner/leaf_miner_403.jpg
train,leaf_miner,2,/content/CashewData_Split/train/leaf_miner/leaf_miner_404.jpg
train,leaf_miner,2,/content/CashewData_Split/train/leaf_miner/leaf_miner_405.jpg
train,leaf_miner,2,/content/CashewData_Split/train/leaf_miner/leaf_miner_406.jpg
train,leaf_miner,2,/content/CashewData_Split/train/leaf_miner/leaf_miner_407.jpg
train,leaf_miner,2,/content/CashewData_Split/train/leaf_miner/leaf_miner_408.jpg
train,leaf_miner,2,/content/CashewData_Split/train/leaf_miner/leaf_miner_409.jpg
train,leaf_miner,2,/content/CashewData_Split/train/leaf_miner/leaf_miner_41.jpg
train,leaf_miner,2,/content/CashewData_Split/train/leaf_miner/leaf_miner_410.jpg
train,leaf_miner,2,/content/CashewData_Split/train/leaf_miner/leaf_miner_412.jpg
train,leaf_miner,2,/content/CashewData_Split/train/leaf_miner/leaf_miner_413.jpg
train,leaf_miner,2,/content/CashewData_Split/train/leaf_miner/leaf_miner_414.jpg
train,leaf_miner,2,/content/CashewData_Split/train/leaf_miner/leaf_miner_415.jpg
train,leaf_miner,2,/content/CashewData_Split/train/leaf_miner/leaf_miner_416.jpg
train,leaf_miner,2,/content/CashewData_Split/train/leaf_miner/leaf_miner_417.jpg
train,leaf_miner,2,/content/CashewData_Split/train/leaf_miner/leaf_miner_418.jpg
train,leaf_miner,2,/content/CashewData_Split/train/leaf_miner/leaf_miner_419.jpg
train,leaf_miner,2,/content/CashewData_Split/train/leaf_miner/leaf_miner_42.jpg
train,leaf_miner,2,/content/CashewData_Split/train/leaf_miner/leaf_miner_420.jpg
train,leaf_miner,2,/content/CashewData_Split/train/leaf_miner/leaf_miner_421.jpg
train,leaf_miner,2,/content/CashewData_Split/train/leaf_miner/leaf_miner_422.jpg
train,leaf_miner,2,/content/CashewData_Split/train/leaf_miner/leaf_miner_423.jpg
train,leaf_miner,2,/content/CashewData_Split/train/leaf_miner/leaf_miner_424.jpg
train,leaf_miner,2,/content/CashewData_Split/train/leaf_miner/leaf_miner_425.jpg
train,leaf_miner,2,/content/CashewData_Split/train/leaf_miner/leaf_miner_427.jpg
train,leaf_miner,2,/content/CashewData_Split/train/leaf_miner/leaf_miner_428.jpg
train,leaf_miner,2,/content/CashewData_Split/train/leaf_miner/leaf_miner_429.jpg
train,leaf_miner,2,/content/CashewData_Split/train/leaf_miner/leaf_miner_43.jpg
train,leaf_miner,2,/content/CashewData_Split/train/leaf_miner/leaf_miner_430.jpg
train,leaf_miner,2,/content/CashewData_Split/train/leaf_miner/leaf_miner_431.jpg
train,leaf_miner,2,/content/CashewData_Split/train/leaf_miner/leaf_miner_432.jpg
train,leaf_miner,2,/content/CashewData_Split/train/leaf_miner/leaf_miner_433.jpg
train,leaf_miner,2,/content/CashewData_Split/train/leaf_miner/leaf_miner_434.jpg
train,leaf_miner,2,/content/CashewData_Split/train/leaf_miner/leaf_miner_435.jpg
train,leaf_miner,2,/content/CashewData_Split/train/leaf_miner/leaf_miner_436.jpg
train,leaf_miner,2,/content/CashewData_Split/train/leaf_miner/leaf_miner_437.jpg
train,leaf_miner,2,/content/CashewData_Split/train/leaf_miner/leaf_miner_438.jpg
train,leaf_miner,2,/content/CashewData_Split/train/leaf_miner/leaf_miner_439.jpg
train,leaf_miner,2,/content/CashewData_Split/train/leaf_miner/leaf_miner_44.jpg
train,leaf_miner,2,/content/CashewData_Split/train/leaf_miner/leaf_miner_440.jpg
train,leaf_miner,2,/content/CashewData_Split/train/leaf_miner/leaf_miner_441.jpg
train,leaf_miner,2,/content/CashewData_Split/train/leaf_miner/leaf_miner_442.jpg
train,leaf_miner,2,/content/CashewData_Split/train/leaf_miner/leaf_miner_443.jpg
train,leaf_miner,2,/content/CashewData_Split/train/leaf_miner/leaf_miner_444.jpg
train,leaf_miner,2,/content/CashewData_Split/train/leaf_miner/leaf_miner_445.jpg
train,leaf_miner,2,/content/CashewData_Split/train/leaf_miner/leaf_miner_446.jpg
train,leaf_miner,2,/content/CashewData_Split/train/leaf_miner/leaf_miner_447.jpg
train,leaf_miner,2,/content/CashewData_Split/train/leaf_miner/leaf_miner_448.jpg
train,leaf_miner,2,/content/CashewData_Split/train/leaf_miner/leaf_miner_449.jpg
train,leaf_miner,2,/content/CashewData_Split/train/leaf_miner/leaf_miner_45.jpg
train,leaf_miner,2,/content/CashewData_Split/train/leaf_miner/leaf_miner_450.jpg
train,leaf_miner,2,/content/CashewData_Split/train/leaf_miner/leaf_miner_451.jpg
train,leaf_miner,2,/content/CashewData_Split/train/leaf_miner/leaf_miner_452.jpg
train,leaf_miner,2,/content/CashewData_Split/train/leaf_miner/leaf_miner_453.jpg
train,leaf_miner,2,/content/CashewData_Split/train/leaf_miner/leaf_miner_454.jpg
train,leaf_miner,2,/content/CashewData_Split/train/leaf_miner/leaf_miner_455.jpg
train,leaf_miner,2,/content/CashewData_Split/train/leaf_miner/leaf_miner_456.jpg
train,leaf_miner,2,/content/CashewData_Split/train/leaf_miner/leaf_miner_457.jpg
train,leaf_miner,2,/content/CashewData_Split/train/leaf_miner/leaf_miner_458.jpg
train,leaf_miner,2,/content/CashewData_Split/train/leaf_miner/leaf_miner_459.jpg
train,leaf_miner,2,/content/CashewData_Split/train/leaf_miner/leaf_miner_46.jpg
train,leaf_miner,2,/content/CashewData_Split/train/leaf_miner/leaf_miner_460.jpg
train,leaf_miner,2,/content/CashewData_Split/train/leaf_miner/leaf_miner_461.jpg
train,leaf_miner,2,/content/CashewData_Split/train/leaf_miner/leaf_miner_462.jpg
train,leaf_miner,2,/content/CashewData_Split/train/leaf_miner/leaf_miner_464.jpg
train,leaf_miner,2,/content/CashewData_Split/train/leaf_miner/leaf_miner_465.jpg
train,leaf_miner,2,/content/CashewData_Split/train/leaf_miner/leaf_miner_466.jpg
train,leaf_miner,2,/content/CashewData_Split/train/leaf_miner/leaf_miner_467.jpg
train,leaf_miner,2,/content/CashewData_Split/train/leaf_miner/leaf_miner_468.jpg
train,leaf_miner,2,/content/CashewData_Split/train/leaf_miner/leaf_miner_469.jpg
train,leaf_miner,2,/content/CashewData_Split/train/leaf_miner/leaf_miner_47.jpg
train,leaf_miner,2,/content/CashewData_Split/train/leaf_miner/leaf_miner_470.jpg
train,leaf_miner,2,/content/CashewData_Split/train/leaf_miner/leaf_miner_471.jpg
train,leaf_miner,2,/content/CashewData_Split/train/leaf_miner/leaf_miner_472.jpg
train,leaf_miner,2,/content/CashewData_Split/train/leaf_miner/leaf_miner_473.jpg
train,leaf_miner,2,/content/CashewData_Split/train/leaf_miner/leaf_miner_474.jpg
train,leaf_miner,2,/content/CashewData_Split/train/leaf_miner/leaf_miner_479.jpg
train,leaf_miner,2,/content/CashewData_Split/train/leaf_miner/leaf_miner_48.jpg
train,leaf_miner,2,/content/CashewData_Split/train/leaf_miner/leaf_miner_480.jpg
train,leaf_miner,2,/content/CashewData_Split/train/leaf_miner/leaf_miner_481.jpg
train,leaf_miner,2,/content/CashewData_Split/train/leaf_miner/leaf_miner_482.jpg
train,leaf_miner,2,/content/CashewData_Split/train/leaf_miner/leaf_miner_483.jpg
train,leaf_miner,2,/content/CashewData_Split/train/leaf_miner/leaf_miner_484.jpg
train,leaf_miner,2,/content/CashewData_Split/train/leaf_miner/leaf_miner_485.jpg
train,leaf_miner,2,/content/CashewData_Split/train/leaf_miner/leaf_miner_486.jpg
train,leaf_miner,2,/content/CashewData_Split/train/leaf_miner/leaf_miner_487.jpg
train,leaf_miner,2,/content/CashewData_Split/train/leaf_miner/leaf_miner_488.jpg
train,leaf_miner,2,/content/CashewData_Split/train/leaf_miner/leaf_miner_489.jpg
train,leaf_miner,2,/content/CashewData_Split/train/leaf_miner/leaf_miner_49.jpg
train,leaf_miner,2,/content/CashewData_Split/train/leaf_miner/leaf_miner_490.jpg
train,leaf_miner,2,/content/CashewData_Split/train/leaf_miner/leaf_miner_491.jpg
train,leaf_miner,2,/content/CashewData_Split/train/leaf_miner/leaf_miner_492.jpg
train,leaf_miner,2,/content/CashewData_Split/train/leaf_miner/leaf_miner_493.jpg
train,leaf_miner,2,/content/CashewData_Split/train/leaf_miner/leaf_miner_494.jpg
train,leaf_miner,2,/content/CashewData_Split/train/leaf_miner/leaf_miner_495.jpg
train,leaf_miner,2,/content/CashewData_Split/train/leaf_miner/leaf_miner_497.jpg
train,leaf_miner,2,/content/CashewData_Split/train/leaf_miner/leaf_miner_498.jpg
train,leaf_miner,2,/content/CashewData_Split/train/leaf_miner/leaf_miner_4980.jpg
train,leaf_miner,2,/content/CashewData_Split/train/leaf_miner/leaf_miner_4981.jpg
train,leaf_miner,2,/content/CashewData_Split/train/leaf_miner/leaf_miner_4982.jpg
train,leaf_miner,2,/content/CashewData_Split/train/leaf_miner/leaf_miner_4983.jpg
train,leaf_miner,2,/content/CashewData_Split/train/leaf_miner/leaf_miner_4984.jpg
train,leaf_miner,2,/content/CashewData_Split/train/leaf_miner/leaf_miner_4986.jpg
train,leaf_miner,2,/content/CashewData_Split/train/leaf_miner/leaf_miner_4987.jpg
train,leaf_miner,2,/content/CashewData_Split/train/leaf_miner/leaf_miner_499.jpg
train,leaf_miner,2,/content/CashewData_Split/train/leaf_miner/leaf_miner_5.jpg
train,leaf_miner,2,/content/CashewData_Split/train/leaf_miner/leaf_miner_50.jpg
train,leaf_miner,2,/content/CashewData_Split/train/leaf_miner/leaf_miner_500.jpg
train,leaf_miner,2,/content/CashewData_Split/train/leaf_miner/leaf_miner_501.jpg
train,leaf_miner,2,/content/CashewData_Split/train/leaf_miner/leaf_miner_502.jpg
train,leaf_miner,2,/content/CashewData_Split/train/leaf_miner/leaf_miner_503.jpg
train,leaf_miner,2,/content/CashewData_Split/train/leaf_miner/leaf_miner_504.jpg
train,leaf_miner,2,/content/CashewData_Split/train/leaf_miner/leaf_miner_505.jpg
train,leaf_miner,2,/content/CashewData_Split/train/leaf_miner/leaf_miner_506.jpg
train,leaf_miner,2,/content/CashewData_Split/train/leaf_miner/leaf_miner_507.jpg
train,leaf_miner,2,/content/CashewData_Split/train/leaf_miner/leaf_miner_508.jpg
train,leaf_miner,2,/content/CashewData_Split/train/leaf_miner/leaf_miner_509.jpg
train,leaf_miner,2,/content/CashewData_Split/train/leaf_miner/leaf_miner_51.jpg
train,leaf_miner,2,/content/CashewData_Split/train/leaf_miner/leaf_miner_510.jpg
train,leaf_miner,2,/content/CashewData_Split/train/leaf_miner/leaf_miner_511.jpg
train,leaf_miner,2,/content/CashewData_Split/train/leaf_miner/leaf_miner_512.jpg
train,leaf_miner,2,/content/CashewData_Split/train/leaf_miner/leaf_miner_513.jpg
train,leaf_miner,2,/content/CashewData_Split/train/leaf_miner/leaf_miner_514.jpg
train,leaf_miner,2,/content/CashewData_Split/train/leaf_miner/leaf_miner_515.jpg
train,leaf_miner,2,/content/CashewData_Split/train/leaf_miner/leaf_miner_516.jpg
train,leaf_miner,2,/content/CashewData_Split/train/leaf_miner/leaf_miner_517.jpg
train,leaf_miner,2,/content/CashewData_Split/train/leaf_miner/leaf_miner_518.jpg
train,leaf_miner,2,/content/CashewData_Split/train/leaf_miner/leaf_miner_519.jpg
train,leaf_miner,2,/content/CashewData_Split/train/leaf_miner/leaf_miner_52.jpg
train,leaf_miner,2,/content/CashewData_Split/train/leaf_miner/leaf_miner_520.jpg
train,leaf_miner,2,/content/CashewData_Split/train/leaf_miner/leaf_miner_521.jpg
train,leaf_miner,2,/content/CashewData_Split/train/leaf_miner/leaf_miner_522.jpg
train,leaf_miner,2,/content/CashewData_Split/train/leaf_miner/leaf_miner_523.jpg
train,leaf_miner,2,/content/CashewData_Split/train/leaf_miner/leaf_miner_524.jpg
train,leaf_miner,2,/content/CashewData_Split/train/leaf_miner/leaf_miner_525.jpg
train,leaf_miner,2,/content/CashewData_Split/train/leaf_miner/leaf_miner_526.jpg
train,leaf_miner,2,/content/CashewData_Split/train/leaf_miner/leaf_miner_527.jpg
train,leaf_miner,2,/content/CashewData_Split/train/leaf_miner/leaf_miner_528.jpg
train,leaf_miner,2,/content/CashewData_Split/train/leaf_miner/leaf_miner_529.jpg
train,leaf_miner,2,/content/CashewData_Split/train/leaf_miner/leaf_miner_53.jpg
train,leaf_miner,2,/content/CashewData_Split/train/leaf_miner/leaf_miner_530.jpg
train,leaf_miner,2,/content/CashewData_Split/train/leaf_miner/leaf_miner_531.jpg
train,leaf_miner,2,/content/CashewData_Split/train/leaf_miner/leaf_miner_532.jpg
train,leaf_miner,2,/content/CashewData_Split/train/leaf_miner/leaf_miner_533.jpg
train,leaf_miner,2,/content/CashewData_Split/train/leaf_miner/leaf_miner_534.jpg
train,leaf_miner,2,/content/CashewData_Split/train/leaf_miner/leaf_miner_535.jpg
train,leaf_miner,2,/content/CashewData_Split/train/leaf_miner/leaf_miner_536.jpg
train,leaf_miner,2,/content/CashewData_Split/train/leaf_miner/leaf_miner_537.jpg
train,leaf_miner,2,/content/CashewData_Split/train/leaf_miner/leaf_miner_538.jpg
train,leaf_miner,2,/content/CashewData_Split/train/leaf_miner/leaf_miner_539.jpg
train,leaf_miner,2,/content/CashewData_Split/train/leaf_miner/leaf_miner_54.jpg
train,leaf_miner,2,/content/CashewData_Split/train/leaf_miner/leaf_miner_540.jpg
train,leaf_miner,2,/content/CashewData_Split/train/leaf_miner/leaf_miner_541.jpg
train,leaf_miner,2,/content/CashewData_Split/train/leaf_miner/leaf_miner_542.jpg
train,leaf_miner,2,/content/CashewData_Split/train/leaf_miner/leaf_miner_543.jpg
train,leaf_miner,2,/content/CashewData_Split/train/leaf_miner/leaf_miner_544.jpg
train,leaf_miner,2,/content/CashewData_Split/train/leaf_miner/leaf_miner_545.jpg
train,leaf_miner,2,/content/CashewData_Split/train/leaf_miner/leaf_miner_546.jpg
train,leaf_miner,2,/content/CashewData_Split/train/leaf_miner/leaf_miner_547.jpg
train,leaf_miner,2,/content/CashewData_Split/train/leaf_miner/leaf_miner_548.jpg
train,leaf_miner,2,/content/CashewData_Split/train/leaf_miner/leaf_miner_549.jpg
train,leaf_miner,2,/content/CashewData_Split/train/leaf_miner/leaf_miner_55.jpg
train,leaf_miner,2,/content/CashewData_Split/train/leaf_miner/leaf_miner_550.jpg
train,leaf_miner,2,/content/CashewData_Split/train/leaf_miner/leaf_miner_551.jpg
train,leaf_miner,2,/content/CashewData_Split/train/leaf_miner/leaf_miner_552.jpg
train,leaf_miner,2,/content/CashewData_Split/train/leaf_miner/leaf_miner_553.jpg
train,leaf_miner,2,/content/CashewData_Split/train/leaf_miner/leaf_miner_554.jpg
train,leaf_miner,2,/content/CashewData_Split/train/leaf_miner/leaf_miner_555.jpg
train,leaf_miner,2,/content/CashewData_Split/train/leaf_miner/leaf_miner_556.jpg
train,leaf_miner,2,/content/CashewData_Split/train/leaf_miner/leaf_miner_557.jpg
train,leaf_miner,2,/content/CashewData_Split/train/leaf_miner/leaf_miner_558.jpg
train,leaf_miner,2,/content/CashewData_Split/train/leaf_miner/leaf_miner_559.jpg
train,leaf_miner,2,/content/CashewData_Split/train/leaf_miner/leaf_miner_56.jpg
train,leaf_miner,2,/content/CashewData_Split/train/leaf_miner/leaf_miner_560.jpg
train,leaf_miner,2,/content/CashewData_Split/train/leaf_miner/leaf_miner_561.jpg
train,leaf_miner,2,/content/CashewData_Split/train/leaf_miner/leaf_miner_562.jpg
train,leaf_miner,2,/content/CashewData_Split/train/leaf_miner/leaf_miner_563.jpg
train,leaf_miner,2,/content/CashewData_Split/train/leaf_miner/leaf_miner_564.jpg
train,leaf_miner,2,/content/CashewData_Split/train/leaf_miner/leaf_miner_565.jpg
train,leaf_miner,2,/content/CashewData_Split/train/leaf_miner/leaf_miner_566.jpg
train,leaf_miner,2,/content/CashewData_Split/train/leaf_miner/leaf_miner_567.jpg
train,leaf_miner,2,/content/CashewData_Split/train/leaf_miner/leaf_miner_568.jpg
train,leaf_miner,2,/content/CashewData_Split/train/leaf_miner/leaf_miner_569.jpg
train,leaf_miner,2,/content/CashewData_Split/train/leaf_miner/leaf_miner_57.jpg
train,leaf_miner,2,/content/CashewData_Split/train/leaf_miner/leaf_miner_570.jpg
train,leaf_miner,2,/content/CashewData_Split/train/leaf_miner/leaf_miner_571.jpg
train,leaf_miner,2,/content/CashewData_Split/train/leaf_miner/leaf_miner_572.jpg
train,leaf_miner,2,/content/CashewData_Split/train/leaf_miner/leaf_miner_573.jpg
train,leaf_miner,2,/content/CashewData_Split/train/leaf_miner/leaf_miner_574.jpg
train,leaf_miner,2,/content/CashewData_Split/train/leaf_miner/leaf_miner_575.jpg
train,leaf_miner,2,/content/CashewData_Split/train/leaf_miner/leaf_miner_576.jpg
train,leaf_miner,2,/content/CashewData_Split/train/leaf_miner/leaf_miner_577.jpg
train,leaf_miner,2,/content/CashewData_Split/train/leaf_miner/leaf_miner_578.jpg
train,leaf_miner,2,/content/CashewData_Split/train/leaf_miner/leaf_miner_579.jpg
train,leaf_miner,2,/content/CashewData_Split/train/leaf_miner/leaf_miner_58.jpg
train,leaf_miner,2,/content/CashewData_Split/train/leaf_miner/leaf_miner_580.jpg
train,leaf_miner,2,/content/CashewData_Split/train/leaf_miner/leaf_miner_581.jpg
train,leaf_miner,2,/content/CashewData_Split/train/leaf_miner/leaf_miner_582.jpg
train,leaf_miner,2,/content/CashewData_Split/train/leaf_miner/leaf_miner_583.jpg
train,leaf_miner,2,/content/CashewData_Split/train/leaf_miner/leaf_miner_584.jpg
train,leaf_miner,2,/content/CashewData_Split/train/leaf_miner/leaf_miner_585.jpg
train,leaf_miner,2,/content/CashewData_Split/train/leaf_miner/leaf_miner_586.jpg
train,leaf_miner,2,/content/CashewData_Split/train/leaf_miner/leaf_miner_587.jpg
train,leaf_miner,2,/content/CashewData_Split/train/leaf_miner/leaf_miner_588.jpg
train,leaf_miner,2,/content/CashewData_Split/train/leaf_miner/leaf_miner_589.jpg
train,leaf_miner,2,/content/CashewData_Split/train/leaf_miner/leaf_miner_59.jpg
train,leaf_miner,2,/content/CashewData_Split/train/leaf_miner/leaf_miner_590.jpg
train,leaf_miner,2,/content/CashewData_Split/train/leaf_miner/leaf_miner_591.jpg
train,leaf_miner,2,/content/CashewData_Split/train/leaf_miner/leaf_miner_592.jpg
train,leaf_miner,2,/content/CashewData_Split/train/leaf_miner/leaf_miner_593.jpg
train,leaf_miner,2,/content/CashewData_Split/train/leaf_miner/leaf_miner_594.jpg
train,leaf_miner,2,/content/CashewData_Split/train/leaf_miner/leaf_miner_595.jpg
train,leaf_miner,2,/content/CashewData_Split/train/leaf_miner/leaf_miner_596.jpg
train,leaf_miner,2,/content/CashewData_Split/train/leaf_miner/leaf_miner_597.jpg
train,leaf_miner,2,/content/CashewData_Split/train/leaf_miner/leaf_miner_598.jpg
train,leaf_miner,2,/content/CashewData_Split/train/leaf_miner/leaf_miner_599.jpg
train,leaf_miner,2,/content/CashewData_Split/train/leaf_miner/leaf_miner_6.jpg
train,leaf_miner,2,/content/CashewData_Split/train/leaf_miner/leaf_miner_60.jpg
train,leaf_miner,2,/content/CashewData_Split/train/leaf_miner/leaf_miner_600.jpg
train,leaf_miner,2,/content/CashewData_Split/train/leaf_miner/leaf_miner_601.jpg
train,leaf_miner,2,/content/CashewData_Split/train/leaf_miner/leaf_miner_602.jpg
train,leaf_miner,2,/content/CashewData_Split/train/leaf_miner/leaf_miner_603.jpg
train,leaf_miner,2,/content/CashewData_Split/train/leaf_miner/leaf_miner_604.jpg
train,leaf_miner,2,/content/CashewData_Split/train/leaf_miner/leaf_miner_605.jpg
train,leaf_miner,2,/content/CashewData_Split/train/leaf_miner/leaf_miner_606.jpg
train,leaf_miner,2,/content/CashewData_Split/train/leaf_miner/leaf_miner_607.jpg
train,leaf_miner,2,/content/CashewData_Split/train/leaf_miner/leaf_miner_608.jpg
train,leaf_miner,2,/content/CashewData_Split/train/leaf_miner/leaf_miner_609.jpg
train,leaf_miner,2,/content/CashewData_Split/train/leaf_miner/leaf_miner_61.jpg
train,leaf_miner,2,/content/CashewData_Split/train/leaf_miner/leaf_miner_610.jpg
train,leaf_miner,2,/content/CashewData_Split/train/leaf_miner/leaf_miner_611.jpg
train,leaf_miner,2,/content/CashewData_Split/train/leaf_miner/leaf_miner_612.jpg
train,leaf_miner,2,/content/CashewData_Split/train/leaf_miner/leaf_miner_613.jpg
train,leaf_miner,2,/content/CashewData_Split/train/leaf_miner/leaf_miner_614.jpg
train,leaf_miner,2,/content/CashewData_Split/train/leaf_miner/leaf_miner_615.jpg
train,leaf_miner,2,/content/CashewData_Split/train/leaf_miner/leaf_miner_616.jpg
train,leaf_miner,2,/content/CashewData_Split/train/leaf_miner/leaf_miner_617.jpg
train,leaf_miner,2,/content/CashewData_Split/train/leaf_miner/leaf_miner_618.jpg
train,leaf_miner,2,/content/CashewData_Split/train/leaf_miner/leaf_miner_62.jpg
train,leaf_miner,2,/content/CashewData_Split/train/leaf_miner/leaf_miner_620.jpg
train,leaf_miner,2,/content/CashewData_Split/train/leaf_miner/leaf_miner_621.jpg
train,leaf_miner,2,/content/CashewData_Split/train/leaf_miner/leaf_miner_622.jpg
train,leaf_miner,2,/content/CashewData_Split/train/leaf_miner/leaf_miner_623.jpg
train,leaf_miner,2,/content/CashewData_Split/train/leaf_miner/leaf_miner_624.jpg
train,leaf_miner,2,/content/CashewData_Split/train/leaf_miner/leaf_miner_625.jpg
train,leaf_miner,2,/content/CashewData_Split/train/leaf_miner/leaf_miner_627.jpg
train,leaf_miner,2,/content/CashewData_Split/train/leaf_miner/leaf_miner_628.jpg
train,leaf_miner,2,/content/CashewData_Split/train/leaf_miner/leaf_miner_629.jpg
train,leaf_miner,2,/content/CashewData_Split/train/leaf_miner/leaf_miner_63.jpg
train,leaf_miner,2,/content/CashewData_Split/train/leaf_miner/leaf_miner_630.jpg
train,leaf_miner,2,/content/CashewData_Split/train/leaf_miner/leaf_miner_631.jpg
train,leaf_miner,2,/content/CashewData_Split/train/leaf_miner/leaf_miner_632.jpg
train,leaf_miner,2,/content/CashewData_Split/train/leaf_miner/leaf_miner_633.jpg
train,leaf_miner,2,/content/CashewData_Split/train/leaf_miner/leaf_miner_634.jpg
train,leaf_miner,2,/content/CashewData_Split/train/leaf_miner/leaf_miner_635.jpg
train,leaf_miner,2,/content/CashewData_Split/train/leaf_miner/leaf_miner_636.jpg
train,leaf_miner,2,/content/CashewData_Split/train/leaf_miner/leaf_miner_637.jpg
train,leaf_miner,2,/content/CashewData_Split/train/leaf_miner/leaf_miner_638.jpg
train,leaf_miner,2,/content/CashewData_Split/train/leaf_miner/leaf_miner_639.jpg
train,leaf_miner,2,/content/CashewData_Split/train/leaf_miner/leaf_miner_64.jpg
train,leaf_miner,2,/content/CashewData_Split/train/leaf_miner/leaf_miner_640.jpg
train,leaf_miner,2,/content/CashewData_Split/train/leaf_miner/leaf_miner_641.jpg
train,leaf_miner,2,/content/CashewData_Split/train/leaf_miner/leaf_miner_642.jpg
train,leaf_miner,2,/content/CashewData_Split/train/leaf_miner/leaf_miner_643.jpg
train,leaf_miner,2,/content/CashewData_Split/train/leaf_miner/leaf_miner_644.jpg
train,leaf_miner,2,/content/CashewData_Split/train/leaf_miner/leaf_miner_645.jpg
train,leaf_miner,2,/content/CashewData_Split/train/leaf_miner/leaf_miner_646.jpg
train,leaf_miner,2,/content/CashewData_Split/train/leaf_miner/leaf_miner_647.jpg
train,leaf_miner,2,/content/CashewData_Split/train/leaf_miner/leaf_miner_648.jpg
train,leaf_miner,2,/content/CashewData_Split/train/leaf_miner/leaf_miner_649.jpg
train,leaf_miner,2,/content/CashewData_Split/train/leaf_miner/leaf_miner_65.jpg
train,leaf_miner,2,/content/CashewData_Split/train/leaf_miner/leaf_miner_650.jpg
train,leaf_miner,2,/content/CashewData_Split/train/leaf_miner/leaf_miner_651.jpg
train,leaf_miner,2,/content/CashewData_Split/train/leaf_miner/leaf_miner_652.jpg
train,leaf_miner,2,/content/CashewData_Split/train/leaf_miner/leaf_miner_653.jpg
train,leaf_miner,2,/content/CashewData_Split/train/leaf_miner/leaf_miner_654.jpg
train,leaf_miner,2,/content/CashewData_Split/train/leaf_miner/leaf_miner_655.jpg
train,leaf_miner,2,/content/CashewData_Split/train/leaf_miner/leaf_miner_656.jpg
train,leaf_miner,2,/content/CashewData_Split/train/leaf_miner/leaf_miner_657.jpg
train,leaf_miner,2,/content/CashewData_Split/train/leaf_miner/leaf_miner_658.jpg
train,leaf_miner,2,/content/CashewData_Split/train/leaf_miner/leaf_miner_659.jpg
train,leaf_miner,2,/content/CashewData_Split/train/leaf_miner/leaf_miner_66.jpg
train,leaf_miner,2,/content/CashewData_Split/train/leaf_miner/leaf_miner_660.jpg
train,leaf_miner,2,/content/CashewData_Split/train/leaf_miner/leaf_miner_661.jpg
train,leaf_miner,2,/content/CashewData_Split/train/leaf_miner/leaf_miner_662.jpg
train,leaf_miner,2,/content/CashewData_Split/train/leaf_miner/leaf_miner_663.jpg
train,leaf_miner,2,/content/CashewData_Split/train/leaf_miner/leaf_miner_664.jpg
train,leaf_miner,2,/content/CashewData_Split/train/leaf_miner/leaf_miner_665.jpg
train,leaf_miner,2,/content/CashewData_Split/train/leaf_miner/leaf_miner_666.jpg
train,leaf_miner,2,/content/CashewData_Split/train/leaf_miner/leaf_miner_667.jpg
train,leaf_miner,2,/content/CashewData_Split/train/leaf_miner/leaf_miner_668.jpg
train,leaf_miner,2,/content/CashewData_Split/train/leaf_miner/leaf_miner_669.jpg
train,leaf_miner,2,/content/CashewData_Split/train/leaf_miner/leaf_miner_67.jpg
train,leaf_miner,2,/content/CashewData_Split/train/leaf_miner/leaf_miner_670.jpg
train,leaf_miner,2,/content/CashewData_Split/train/leaf_miner/leaf_miner_671.jpg
train,leaf_miner,2,/content/CashewData_Split/train/leaf_miner/leaf_miner_672.jpg
train,leaf_miner,2,/content/CashewData_Split/train/leaf_miner/leaf_miner_673.jpg
train,leaf_miner,2,/content/CashewData_Split/train/leaf_miner/leaf_miner_674.jpg
train,leaf_miner,2,/content/CashewData_Split/train/leaf_miner/leaf_miner_675.jpg
train,leaf_miner,2,/content/CashewData_Split/train/leaf_miner/leaf_miner_676.jpg
train,leaf_miner,2,/content/CashewData_Split/train/leaf_miner/leaf_miner_677.jpg
train,leaf_miner,2,/content/CashewData_Split/train/leaf_miner/leaf_miner_678.jpg
train,leaf_miner,2,/content/CashewData_Split/train/leaf_miner/leaf_miner_679.jpg
train,leaf_miner,2,/content/CashewData_Split/train/leaf_miner/leaf_miner_68.jpg
train,leaf_miner,2,/content/CashewData_Split/train/leaf_miner/leaf_miner_680.jpg
train,leaf_miner,2,/content/CashewData_Split/train/leaf_miner/leaf_miner_681.jpg
train,leaf_miner,2,/content/CashewData_Split/train/leaf_miner/leaf_miner_682.jpg
train,leaf_miner,2,/content/CashewData_Split/train/leaf_miner/leaf_miner_683.jpg
train,leaf_miner,2,/content/CashewData_Split/train/leaf_miner/leaf_miner_684.jpg
train,leaf_miner,2,/content/CashewData_Split/train/leaf_miner/leaf_miner_685.jpg
train,leaf_miner,2,/content/CashewData_Split/train/leaf_miner/leaf_miner_686.jpg
train,leaf_miner,2,/content/CashewData_Split/train/leaf_miner/leaf_miner_687.jpg
train,leaf_miner,2,/content/CashewData_Split/train/leaf_miner/leaf_miner_688.jpg
train,leaf_miner,2,/content/CashewData_Split/train/leaf_miner/leaf_miner_689.jpg
train,leaf_miner,2,/content/CashewData_Split/train/leaf_miner/leaf_miner_69.jpg
train,leaf_miner,2,/content/CashewData_Split/train/leaf_miner/leaf_miner_690.jpg
train,leaf_miner,2,/content/CashewData_Split/train/leaf_miner/leaf_miner_691.jpg
train,leaf_miner,2,/content/CashewData_Split/train/leaf_miner/leaf_miner_692.jpg
train,leaf_miner,2,/content/CashewData_Split/train/leaf_miner/leaf_miner_693.jpg
train,leaf_miner,2,/content/CashewData_Split/train/leaf_miner/leaf_miner_694.jpg
train,leaf_miner,2,/content/CashewData_Split/train/leaf_miner/leaf_miner_695.jpg
train,leaf_miner,2,/content/CashewData_Split/train/leaf_miner/leaf_miner_696.jpg
train,leaf_miner,2,/content/CashewData_Split/train/leaf_miner/leaf_miner_697.jpg
train,leaf_miner,2,/content/CashewData_Split/train/leaf_miner/leaf_miner_698.jpg
train,leaf_miner,2,/content/CashewData_Split/train/leaf_miner/leaf_miner_699.jpg
train,leaf_miner,2,/content/CashewData_Split/train/leaf_miner/leaf_miner_7.jpg
train,leaf_miner,2,/content/CashewData_Split/train/leaf_miner/leaf_miner_70.jpg
train,leaf_miner,2,/content/CashewData_Split/train/leaf_miner/leaf_miner_700.jpg
train,leaf_miner,2,/content/CashewData_Split/train/leaf_miner/leaf_miner_701.jpg
train,leaf_miner,2,/content/CashewData_Split/train/leaf_miner/leaf_miner_702.jpg
train,leaf_miner,2,/content/CashewData_Split/train/leaf_miner/leaf_miner_703.jpg
train,leaf_miner,2,/content/CashewData_Split/train/leaf_miner/leaf_miner_704.jpg
train,leaf_miner,2,/content/CashewData_Split/train/leaf_miner/leaf_miner_705.jpg
train,leaf_miner,2,/content/CashewData_Split/train/leaf_miner/leaf_miner_707.jpg
train,leaf_miner,2,/content/CashewData_Split/train/leaf_miner/leaf_miner_708.jpg
train,leaf_miner,2,/content/CashewData_Split/train/leaf_miner/leaf_miner_709.jpg
train,leaf_miner,2,/content/CashewData_Split/train/leaf_miner/leaf_miner_71.jpg
train,leaf_miner,2,/content/CashewData_Split/train/leaf_miner/leaf_miner_710.jpg
train,leaf_miner,2,/content/CashewData_Split/train/leaf_miner/leaf_miner_711.jpg
train,leaf_miner,2,/content/CashewData_Split/train/leaf_miner/leaf_miner_712.jpg
train,leaf_miner,2,/content/CashewData_Split/train/leaf_miner/leaf_miner_714.jpg
train,leaf_miner,2,/content/CashewData_Split/train/leaf_miner/leaf_miner_715.jpg
train,leaf_miner,2,/content/CashewData_Split/train/leaf_miner/leaf_miner_716.jpg
train,leaf_miner,2,/content/CashewData_Split/train/leaf_miner/leaf_miner_717.jpg
train,leaf_miner,2,/content/CashewData_Split/train/leaf_miner/leaf_miner_718.jpg
train,leaf_miner,2,/content/CashewData_Split/train/leaf_miner/leaf_miner_719.jpg
train,leaf_miner,2,/content/CashewData_Split/train/leaf_miner/leaf_miner_72.jpg
train,leaf_miner,2,/content/CashewData_Split/train/leaf_miner/leaf_miner_720.jpg
train,leaf_miner,2,/content/CashewData_Split/train/leaf_miner/leaf_miner_721.jpg
train,leaf_miner,2,/content/CashewData_Split/train/leaf_miner/leaf_miner_722.jpg
train,leaf_miner,2,/content/CashewData_Split/train/leaf_miner/leaf_miner_723.jpg
train,leaf_miner,2,/content/CashewData_Split/train/leaf_miner/leaf_miner_724.jpg
train,leaf_miner,2,/content/CashewData_Split/train/leaf_miner/leaf_miner_725.jpg
train,leaf_miner,2,/content/CashewData_Split/train/leaf_miner/leaf_miner_726.jpg
train,leaf_miner,2,/content/CashewData_Split/train/leaf_miner/leaf_miner_727.jpg
train,leaf_miner,2,/content/CashewData_Split/train/leaf_miner/leaf_miner_728.jpg
train,leaf_miner,2,/content/CashewData_Split/train/leaf_miner/leaf_miner_729.jpg
train,leaf_miner,2,/content/CashewData_Split/train/leaf_miner/leaf_miner_73.jpg
train,leaf_miner,2,/content/CashewData_Split/train/leaf_miner/leaf_miner_730.jpg
train,leaf_miner,2,/content/CashewData_Split/train/leaf_miner/leaf_miner_731.jpg
train,leaf_miner,2,/content/CashewData_Split/train/leaf_miner/leaf_miner_732.jpg
train,leaf_miner,2,/content/CashewData_Split/train/leaf_miner/leaf_miner_733.jpg
train,leaf_miner,2,/content/CashewData_Split/train/leaf_miner/leaf_miner_734.jpg
train,leaf_miner,2,/content/CashewData_Split/train/leaf_miner/leaf_miner_735.jpg
train,leaf_miner,2,/content/CashewData_Split/train/leaf_miner/leaf_miner_736.jpg
train,leaf_miner,2,/content/CashewData_Split/train/leaf_miner/leaf_miner_737.jpg
train,leaf_miner,2,/content/CashewData_Split/train/leaf_miner/leaf_miner_738.jpg
train,leaf_miner,2,/content/CashewData_Split/train/leaf_miner/leaf_miner_739.jpg
train,leaf_miner,2,/content/CashewData_Split/train/leaf_miner/leaf_miner_74.jpg
train,leaf_miner,2,/content/CashewData_Split/train/leaf_miner/leaf_miner_740.jpg
train,leaf_miner,2,/content/CashewData_Split/train/leaf_miner/leaf_miner_741.jpg
train,leaf_miner,2,/content/CashewData_Split/train/leaf_miner/leaf_miner_742.jpg
train,leaf_miner,2,/content/CashewData_Split/train/leaf_miner/leaf_miner_743.jpg
train,leaf_miner,2,/content/CashewData_Split/train/leaf_miner/leaf_miner_744.jpg
train,leaf_miner,2,/content/CashewData_Split/train/leaf_miner/leaf_miner_745.jpg
train,leaf_miner,2,/content/CashewData_Split/train/leaf_miner/leaf_miner_746.jpg
train,leaf_miner,2,/content/CashewData_Split/train/leaf_miner/leaf_miner_747.jpg
train,leaf_miner,2,/content/CashewData_Split/train/leaf_miner/leaf_miner_748.jpg
train,leaf_miner,2,/content/CashewData_Split/train/leaf_miner/leaf_miner_749.jpg
train,leaf_miner,2,/content/CashewData_Split/train/leaf_miner/leaf_miner_75.jpg
train,leaf_miner,2,/content/CashewData_Split/train/leaf_miner/leaf_miner_750.jpg
train,leaf_miner,2,/content/CashewData_Split/train/leaf_miner/leaf_miner_751.jpg
train,leaf_miner,2,/content/CashewData_Split/train/leaf_miner/leaf_miner_752.jpg
train,leaf_miner,2,/content/CashewData_Split/train/leaf_miner/leaf_miner_753.jpg
train,leaf_miner,2,/content/CashewData_Split/train/leaf_miner/leaf_miner_754.jpg
train,leaf_miner,2,/content/CashewData_Split/train/leaf_miner/leaf_miner_755.jpg
train,leaf_miner,2,/content/CashewData_Split/train/leaf_miner/leaf_miner_756.jpg
train,leaf_miner,2,/content/CashewData_Split/train/leaf_miner/leaf_miner_757.jpg
train,leaf_miner,2,/content/CashewData_Split/train/leaf_miner/leaf_miner_758.jpg
train,leaf_miner,2,/content/CashewData_Split/train/leaf_miner/leaf_miner_759.jpg
train,leaf_miner,2,/content/CashewData_Split/train/leaf_miner/leaf_miner_76.jpg
train,leaf_miner,2,/content/CashewData_Split/train/leaf_miner/leaf_miner_760.jpg
train,leaf_miner,2,/content/CashewData_Split/train/leaf_miner/leaf_miner_761.jpg
train,leaf_miner,2,/content/CashewData_Split/train/leaf_miner/leaf_miner_762.jpg
train,leaf_miner,2,/content/CashewData_Split/train/leaf_miner/leaf_miner_763.jpg
train,leaf_miner,2,/content/CashewData_Split/train/leaf_miner/leaf_miner_765.jpg
train,leaf_miner,2,/content/CashewData_Split/train/leaf_miner/leaf_miner_766.jpg
train,leaf_miner,2,/content/CashewData_Split/train/leaf_miner/leaf_miner_767.jpg
train,leaf_miner,2,/content/CashewData_Split/train/leaf_miner/leaf_miner_768.jpg
train,leaf_miner,2,/content/CashewData_Split/train/leaf_miner/leaf_miner_769.jpg
train,leaf_miner,2,/content/CashewData_Split/train/leaf_miner/leaf_miner_77.jpg
train,leaf_miner,2,/content/CashewData_Split/train/leaf_miner/leaf_miner_770.jpg
train,leaf_miner,2,/content/CashewData_Split/train/leaf_miner/leaf_miner_771.jpg
train,leaf_miner,2,/content/CashewData_Split/train/leaf_miner/leaf_miner_772.jpg
train,leaf_miner,2,/content/CashewData_Split/train/leaf_miner/leaf_miner_773.jpg
train,leaf_miner,2,/content/CashewData_Split/train/leaf_miner/leaf_miner_774.jpg
train,leaf_miner,2,/content/CashewData_Split/train/leaf_miner/leaf_miner_775.jpg
train,leaf_miner,2,/content/CashewData_Split/train/leaf_miner/leaf_miner_777.jpg
train,leaf_miner,2,/content/CashewData_Split/train/leaf_miner/leaf_miner_78.jpg
train,leaf_miner,2,/content/CashewData_Split/train/leaf_miner/leaf_miner_79.jpg
train,leaf_miner,2,/content/CashewData_Split/train/leaf_miner/leaf_miner_791.jpg
train,leaf_miner,2,/content/CashewData_Split/train/leaf_miner/leaf_miner_792.jpg
train,leaf_miner,2,/content/CashewData_Split/train/leaf_miner/leaf_miner_793.jpg
train,leaf_miner,2,/content/CashewData_Split/train/leaf_miner/leaf_miner_794.jpg
train,leaf_miner,2,/content/CashewData_Split/train/leaf_miner/leaf_miner_795.jpg
train,leaf_miner,2,/content/CashewData_Split/train/leaf_miner/leaf_miner_796.jpg
train,leaf_miner,2,/content/CashewData_Split/train/leaf_miner/leaf_miner_797.jpg
train,leaf_miner,2,/content/CashewData_Split/train/leaf_miner/leaf_miner_798.jpg
train,leaf_miner,2,/content/CashewData_Split/train/leaf_miner/leaf_miner_799.jpg
train,leaf_miner,2,/content/CashewData_Split/train/leaf_miner/leaf_miner_8.jpg
train,leaf_miner,2,/content/CashewData_Split/train/leaf_miner/leaf_miner_80.jpg
train,leaf_miner,2,/content/CashewData_Split/train/leaf_miner/leaf_miner_800.jpg
train,leaf_miner,2,/content/CashewData_Split/train/leaf_miner/leaf_miner_801.jpg
train,leaf_miner,2,/content/CashewData_Split/train/leaf_miner/leaf_miner_802.jpg
train,leaf_miner,2,/content/CashewData_Split/train/leaf_miner/leaf_miner_803.jpg
train,leaf_miner,2,/content/CashewData_Split/train/leaf_miner/leaf_miner_804.jpg
train,leaf_miner,2,/content/CashewData_Split/train/leaf_miner/leaf_miner_805.jpg
train,leaf_miner,2,/content/CashewData_Split/train/leaf_miner/leaf_miner_806.jpg
train,leaf_miner,2,/content/CashewData_Split/train/leaf_miner/leaf_miner_807.jpg
train,leaf_miner,2,/content/CashewData_Split/train/leaf_miner/leaf_miner_808.jpg
train,leaf_miner,2,/content/CashewData_Split/train/leaf_miner/leaf_miner_809.jpg
train,leaf_miner,2,/content/CashewData_Split/train/leaf_miner/leaf_miner_81.jpg
train,leaf_miner,2,/content/CashewData_Split/train/leaf_miner/leaf_miner_810.jpg
train,leaf_miner,2,/content/CashewData_Split/train/leaf_miner/leaf_miner_811.jpg
train,leaf_miner,2,/content/CashewData_Split/train/leaf_miner/leaf_miner_812.jpg
train,leaf_miner,2,/content/CashewData_Split/train/leaf_miner/leaf_miner_813.jpg
train,leaf_miner,2,/content/CashewData_Split/train/leaf_miner/leaf_miner_814.jpg
train,leaf_miner,2,/content/CashewData_Split/train/leaf_miner/leaf_miner_815.jpg
train,leaf_miner,2,/content/CashewData_Split/train/leaf_miner/leaf_miner_816.jpg
train,leaf_miner,2,/content/CashewData_Split/train/leaf_miner/leaf_miner_817.jpg
train,leaf_miner,2,/content/CashewData_Split/train/leaf_miner/leaf_miner_818.jpg
train,leaf_miner,2,/content/CashewData_Split/train/leaf_miner/leaf_miner_82.jpg
train,leaf_miner,2,/content/CashewData_Split/train/leaf_miner/leaf_miner_820.jpg
train,leaf_miner,2,/content/CashewData_Split/train/leaf_miner/leaf_miner_821.jpg
train,leaf_miner,2,/content/CashewData_Split/train/leaf_miner/leaf_miner_822.jpg
train,leaf_miner,2,/content/CashewData_Split/train/leaf_miner/leaf_miner_823.jpg
train,leaf_miner,2,/content/CashewData_Split/train/leaf_miner/leaf_miner_824.jpg
train,leaf_miner,2,/content/CashewData_Split/train/leaf_miner/leaf_miner_825.jpg
train,leaf_miner,2,/content/CashewData_Split/train/leaf_miner/leaf_miner_826.jpg
train,leaf_miner,2,/content/CashewData_Split/train/leaf_miner/leaf_miner_827.jpg
train,leaf_miner,2,/content/CashewData_Split/train/leaf_miner/leaf_miner_828.jpg
train,leaf_miner,2,/content/CashewData_Split/train/leaf_miner/leaf_miner_829.jpg
train,leaf_miner,2,/content/CashewData_Split/train/leaf_miner/leaf_miner_83.jpg
train,leaf_miner,2,/content/CashewData_Split/train/leaf_miner/leaf_miner_830.jpg
train,leaf_miner,2,/content/CashewData_Split/train/leaf_miner/leaf_miner_84.jpg
train,leaf_miner,2,/content/CashewData_Split/train/leaf_miner/leaf_miner_85.jpg
train,leaf_miner,2,/content/CashewData_Split/train/leaf_miner/leaf_miner_86.jpg
train,leaf_miner,2,/content/CashewData_Split/train/leaf_miner/leaf_miner_87.jpg
train,leaf_miner,2,/content/CashewData_Split/train/leaf_miner/leaf_miner_88.jpg
train,leaf_miner,2,/content/CashewData_Split/train/leaf_miner/leaf_miner_89.jpg
train,leaf_miner,2,/content/CashewData_Split/train/leaf_miner/leaf_miner_9.jpg
train,leaf_miner,2,/content/CashewData_Split/train/leaf_miner/leaf_miner_90.jpg
train,leaf_miner,2,/content/CashewData_Split/train/leaf_miner/leaf_miner_91.jpg
train,leaf_miner,2,/content/CashewData_Split/train/leaf_miner/leaf_miner_92.jpg
train,leaf_miner,2,/content/CashewData_Split/train/leaf_miner/leaf_miner_93.jpg
train,leaf_miner,2,/content/CashewData_Split/train/leaf_miner/leaf_miner_94.jpg
train,leaf_miner,2,/content/CashewData_Split/train/leaf_miner/leaf_miner_95.jpg
train,leaf_miner,2,/content/CashewData_Split/train/leaf_miner/leaf_miner_96.jpg
train,leaf_miner,2,/content/CashewData_Split/train/leaf_miner/leaf_miner_960.jpg
train,leaf_miner,2,/content/CashewData_Split/train/leaf_miner/leaf_miner_97.jpg
train,leaf_miner,2,/content/CashewData_Split/train/leaf_miner/leaf_miner_971.jpg
train,leaf_miner,2,/content/CashewData_Split/train/leaf_miner/leaf_miner_98.jpg
train,leaf_miner,2,/content/CashewData_Split/train/leaf_miner/leaf_miner_99.jpg
train,leaf_miner,2,/content/CashewData_Split/train/leaf_miner/real_leaf_miner_001.jpg
train,leaf_miner,2,/content/CashewData_Split/train/leaf_miner/real_leaf_miner_002.jpg
train,leaf_miner,2,/content/CashewData_Split/train/leaf_miner/real_leaf_miner_003.jpg
train,leaf_miner,2,/content/CashewData_Split/train/leaf_miner/real_leaf_miner_004.jpg
train,leaf_miner,2,/content/CashewData_Split/train/leaf_miner/real_leaf_miner_005.jpg
train,leaf_miner,2,/content/CashewData_Split/train/leaf_miner/real_leaf_miner_006.jpg
train,leaf_miner,2,/content/CashewData_Split/train/leaf_miner/real_leaf_miner_007.jpg
train,leaf_miner,2,/content/CashewData_Split/train/leaf_miner/real_leaf_miner_008.jpg
train,leaf_miner,2,/content/CashewData_Split/train/leaf_miner/real_leaf_miner_009.jpg
train,leaf_miner,2,/content/CashewData_Split/train/leaf_miner/real_leaf_miner_010.jpg
train,leaf_miner,2,/content/CashewData_Split/train/leaf_miner/real_leaf_miner_011.jpg
train,leaf_miner,2,/content/CashewData_Split/train/leaf_miner/real_leaf_miner_012.jpg
train,leaf_miner,2,/content/CashewData_Split/train/leaf_miner/real_leaf_miner_013.jpg
train,leaf_miner,2,/content/CashewData_Split/train/leaf_miner/real_leaf_miner_014.jpg
train,leaf_miner,2,/content/CashewData_Split/train/leaf_miner/real_leaf_miner_015.jpg
train,leaf_miner,2,/content/CashewData_Split/train/leaf_miner/real_leaf_miner_016.jpg
train,leaf_miner,2,/content/CashewData_Split/train/leaf_miner/real_leaf_miner_017.jpg
train,leaf_miner,2,/content/CashewData_Split/train/leaf_miner/real_leaf_miner_018.jpg
train,leaf_miner,2,/content/CashewData_Split/train/leaf_miner/real_leaf_miner_019.jpg
train,leaf_miner,2,/content/CashewData_Split/train/leaf_miner/real_leaf_miner_020.jpg
train,leaf_miner,2,/content/CashewData_Split/train/leaf_miner/real_leaf_miner_021.jpg
train,leaf_miner,2,/content/CashewData_Split/train/leaf_miner/real_leaf_miner_022.jpg
train,leaf_miner,2,/content/CashewData_Split/train/leaf_miner/real_leaf_miner_023.jpg
train,leaf_miner,2,/content/CashewData_Split/train/leaf_miner/real_leaf_miner_024.jpg
train,leaf_miner,2,/content/CashewData_Split/train/leaf_miner/real_leaf_miner_025.jpg
train,leaf_miner,2,/content/CashewData_Split/train/leaf_miner/real_leaf_miner_026.jpg
train,leaf_miner,2,/content/CashewData_Split/train/leaf_miner/real_leaf_miner_027.jpg
train,leaf_miner,2,/content/CashewData_Split/train/leaf_miner/real_leaf_miner_028.jpg
train,leaf_miner,2,/content/CashewData_Split/train/leaf_miner/real_leaf_miner_029.jpg
train,leaf_miner,2,/content/CashewData_Split/train/leaf_miner/real_leaf_miner_030.jpg
train,leaf_miner,2,/content/CashewData_Split/train/leaf_miner/real_leaf_miner_031.jpg
train,leaf_miner,2,/content/CashewData_Split/train/leaf_miner/real_leaf_miner_032.jpg
train,leaf_miner,2,/content/CashewData_Split/train/leaf_miner/real_leaf_miner_033.jpg
train,leaf_miner,2,/content/CashewData_Split/train/leaf_miner/real_leaf_miner_034.jpg
train,leaf_miner,2,/content/CashewData_Split/train/leaf_miner/real_leaf_miner_035.jpg
train,leaf_miner,2,/content/CashewData_Split/train/leaf_miner/real_leaf_miner_036.jpg
train,leaf_miner,2,/content/CashewData_Split/train/leaf_miner/real_leaf_miner_037.jpg
train,leaf_miner,2,/content/CashewData_Split/train/leaf_miner/real_leaf_miner_038.jpg
train,leaf_miner,2,/content/CashewData_Split/train/leaf_miner/real_leaf_miner_039.jpg
train,leaf_miner,2,/content/CashewData_Split/train/leaf_miner/real_leaf_miner_040.jpg
train,leaf_miner,2,/content/CashewData_Split/train/leaf_miner/real_leaf_miner_041.jpg
train,leaf_miner,2,/content/CashewData_Split/train/leaf_miner/real_leaf_miner_042.jpg
train,leaf_miner,2,/content/CashewData_Split/train/leaf_miner/real_leaf_miner_043.jpg
train,leaf_miner,2,/content/CashewData_Split/train/leaf_miner/real_leaf_miner_044.jpg
train,leaf_miner,2,/content/CashewData_Split/train/leaf_miner/real_leaf_miner_045.jpg
train,leaf_miner,2,/content/CashewData_Split/train/leaf_miner/real_leaf_miner_046.jpg
train,leaf_miner,2,/content/CashewData_Split/train/leaf_miner/real_leaf_miner_047.jpg
train,leaf_miner,2,/content/CashewData_Split/train/leaf_miner/real_leaf_miner_048.jpg
train,leaf_miner,2,/content/CashewData_Split/train/leaf_miner/real_leaf_miner_049.jpg
train,leaf_miner,2,/content/CashewData_Split/train/leaf_miner/real_leaf_miner_050.jpg
train,leaf_miner,2,/content/CashewData_Split/train/leaf_miner/real_leaf_miner_051.jpg
train,leaf_miner,2,/content/CashewData_Split/train/leaf_miner/real_leaf_miner_052.jpg
train,leaf_miner,2,/content/CashewData_Split/train/leaf_miner/real_leaf_miner_053.jpg
train,leaf_miner,2,/content/CashewData_Split/train/leaf_miner/real_leaf_miner_054.jpg
train,leaf_miner,2,/content/CashewData_Split/train/leaf_miner/real_leaf_miner_055.jpg
train,leaf_miner,2,/content/CashewData_Split/train/leaf_miner/real_leaf_miner_056.jpg
train,leaf_miner,2,/content/CashewData_Split/train/leaf_miner/real_leaf_miner_057.jpg
train,leaf_miner,2,/content/CashewData_Split/train/leaf_miner/real_leaf_miner_058.jpg
train,leaf_miner,2,/content/CashewData_Split/train/leaf_miner/real_leaf_miner_059.jpg
train,leaf_miner,2,/content/CashewData_Split/train/leaf_miner/real_leaf_miner_060.jpg
train,leaf_miner,2,/content/CashewData_Split/train/leaf_miner/real_leaf_miner_061.jpg
train,leaf_miner,2,/content/CashewData_Split/train/leaf_miner/real_leaf_miner_062.jpg
train,leaf_miner,2,/content/CashewData_Split/train/leaf_miner/real_leaf_miner_063.jpg
train,leaf_miner,2,/content/CashewData_Split/train/leaf_miner/real_leaf_miner_064.jpg
train,leaf_miner,2,/content/CashewData_Split/train/leaf_miner/real_leaf_miner_065.jpg
train,leaf_miner,2,/content/CashewData_Split/train/leaf_miner/real_leaf_miner_066.jpg
train,leaf_miner,2,/content/CashewData_Split/train/leaf_miner/real_leaf_miner_067.jpg
train,leaf_miner,2,/content/CashewData_Split/train/leaf_miner/real_leaf_miner_068.jpg
train,leaf_miner,2,/content/CashewData_Split/train/leaf_miner/real_leaf_miner_069.jpg
train,leaf_miner,2,/content/CashewData_Split/train/leaf_miner/real_leaf_miner_070.jpg
train,leaf_miner,2,/content/CashewData_Split/train/leaf_miner/real_leaf_miner_071.jpg
train,leaf_miner,2,/content/CashewData_Split/train/leaf_miner/real_leaf_miner_072.jpg
train,leaf_miner,2,/content/CashewData_Split/train/leaf_miner/real_leaf_miner_073.jpg
train,leaf_miner,2,/content/CashewData_Split/train/leaf_miner/real_leaf_miner_074.jpg
train,leaf_miner,2,/content/CashewData_Split/train/leaf_miner/real_leaf_miner_075.jpg
train,leaf_miner,2,/content/CashewData_Split/train/leaf_miner/real_leaf_miner_076.jpg
train,leaf_miner,2,/content/CashewData_Split/train/leaf_miner/real_leaf_miner_077.jpg
train,leaf_miner,2,/content/CashewData_Split/train/leaf_miner/real_leaf_miner_078.jpg
train,leaf_miner,2,/content/CashewData_Split/train/leaf_miner/real_leaf_miner_079.jpg
train,leaf_miner,2,/content/CashewData_Split/train/leaf_miner/real_leaf_miner_080.jpg
train,leaf_miner,2,/content/CashewData_Split/train/leaf_miner/real_leaf_miner_081.jpg
train,leaf_miner,2,/content/CashewData_Split/train/leaf_miner/real_leaf_miner_082.jpg
train,leaf_miner,2,/content/CashewData_Split/train/leaf_miner/real_leaf_miner_083.jpg
train,leaf_miner,2,/content/CashewData_Split/train/leaf_miner/real_leaf_miner_084.jpg
train,leaf_miner,2,/content/CashewData_Split/train/leaf_miner/real_leaf_miner_085.jpg
train,leaf_miner,2,/content/CashewData_Split/train/leaf_miner/real_leaf_miner_086.jpg
train,leaf_miner,2,/content/CashewData_Split/train/leaf_miner/real_leaf_miner_087.jpg
train,leaf_miner,2,/content/CashewData_Split/train/leaf_miner/real_leaf_miner_088.jpg
train,leaf_miner,2,/content/CashewData_Split/train/leaf_miner/real_leaf_miner_089.jpg
train,not_cashew_leaf,3,/content/CashewData_Split/train/not_cashew_leaf/not_cashew_leaf_1.JPG
train,not_cashew_leaf,3,/content/CashewData_Split/train/not_cashew_leaf/not_cashew_leaf_10.jpg
train,not_cashew_leaf,3,/content/CashewData_Split/train/not_cashew_leaf/not_cashew_leaf_100.jpg
train,not_cashew_leaf,3,/content/CashewData_Split/train/not_cashew_leaf/not_cashew_leaf_1000.jpg
train,not_cashew_leaf,3,/content/CashewData_Split/train/not_cashew_leaf/not_cashew_leaf_1001.jpg
train,not_cashew_leaf,3,/content/CashewData_Split/train/not_cashew_leaf/not_cashew_leaf_1002.jpg
train,not_cashew_leaf,3,/content/CashewData_Split/train/not_cashew_leaf/not_cashew_leaf_1003.jpg
train,not_cashew_leaf,3,/content/CashewData_Split/train/not_cashew_leaf/not_cashew_leaf_1004.jpg
train,not_cashew_leaf,3,/content/CashewData_Split/train/not_cashew_leaf/not_cashew_leaf_1005.jpg
train,not_cashew_leaf,3,/content/CashewData_Split/train/not_cashew_leaf/not_cashew_leaf_1006.jpg
train,not_cashew_leaf,3,/content/CashewData_Split/train/not_cashew_leaf/not_cashew_leaf_1007.jpg
train,not_cashew_leaf,3,/content/CashewData_Split/train/not_cashew_leaf/not_cashew_leaf_1008.jpg
train,not_cashew_leaf,3,/content/CashewData_Split/train/not_cashew_leaf/not_cashew_leaf_1009.jpg
train,not_cashew_leaf,3,/content/CashewData_Split/train/not_cashew_leaf/not_cashew_leaf_101.jpg
train,not_cashew_leaf,3,/content/CashewData_Split/train/not_cashew_leaf/not_cashew_leaf_1010.jpg
train,not_cashew_leaf,3,/content/CashewData_Split/train/not_cashew_leaf/not_cashew_leaf_1011.jpg
train,not_cashew_leaf,3,/content/CashewData_Split/train/not_cashew_leaf/not_cashew_leaf_1012.jpg
train,not_cashew_leaf,3,/content/CashewData_Split/train/not_cashew_leaf/not_cashew_leaf_1013.jpg
train,not_cashew_leaf,3,/content/CashewData_Split/train/not_cashew_leaf/not_cashew_leaf_1014.jpg
train,not_cashew_leaf,3,/content/CashewData_Split/train/not_cashew_leaf/not_cashew_leaf_1015.jpg
train,not_cashew_leaf,3,/content/CashewData_Split/train/not_cashew_leaf/not_cashew_leaf_1016.jpg
train,not_cashew_leaf,3,/content/CashewData_Split/train/not_cashew_leaf/not_cashew_leaf_1017.jpg
train,not_cashew_leaf,3,/content/CashewData_Split/train/not_cashew_leaf/not_cashew_leaf_1018.jpg
train,not_cashew_leaf,3,/content/CashewData_Split/train/not_cashew_leaf/not_cashew_leaf_1019.jpg
train,not_cashew_leaf,3,/content/CashewData_Split/train/not_cashew_leaf/not_cashew_leaf_102.JPG
train,not_cashew_leaf,3,/content/CashewData_Split/train/not_cashew_leaf/not_cashew_leaf_1020.jpg
train,not_cashew_leaf,3,/content/CashewData_Split/train/not_cashew_leaf/not_cashew_leaf_1021.jpg
train,not_cashew_leaf,3,/content/CashewData_Split/train/not_cashew_leaf/not_cashew_leaf_1022.jpg
train,not_cashew_leaf,3,/content/CashewData_Split/train/not_cashew_leaf/not_cashew_leaf_1023.jpg
train,not_cashew_leaf,3,/content/CashewData_Split/train/not_cashew_leaf/not_cashew_leaf_1024.jpg
train,not_cashew_leaf,3,/content/CashewData_Split/train/not_cashew_leaf/not_cashew_leaf_1025.jpg
train,not_cashew_leaf,3,/content/CashewData_Split/train/not_cashew_leaf/not_cashew_leaf_1026.jpg
train,not_cashew_leaf,3,/content/CashewData_Split/train/not_cashew_leaf/not_cashew_leaf_1027.jpg
train,not_cashew_leaf,3,/content/CashewData_Split/train/not_cashew_leaf/not_cashew_leaf_1028.jpg
train,not_cashew_leaf,3,/content/CashewData_Split/train/not_cashew_leaf/not_cashew_leaf_1029.jpg
train,not_cashew_leaf,3,/content/CashewData_Split/train/not_cashew_leaf/not_cashew_leaf_103.jpg
train,not_cashew_leaf,3,/content/CashewData_Split/train/not_cashew_leaf/not_cashew_leaf_1030.jpg
train,not_cashew_leaf,3,/content/CashewData_Split/train/not_cashew_leaf/not_cashew_leaf_1031.jpg
train,not_cashew_leaf,3,/content/CashewData_Split/train/not_cashew_leaf/not_cashew_leaf_1032.jpg
train,not_cashew_leaf,3,/content/CashewData_Split/train/not_cashew_leaf/not_cashew_leaf_1033.jpg
train,not_cashew_leaf,3,/content/CashewData_Split/train/not_cashew_leaf/not_cashew_leaf_1034.JPG
train,not_cashew_leaf,3,/content/CashewData_Split/train/not_cashew_leaf/not_cashew_leaf_1035.jpg
train,not_cashew_leaf,3,/content/CashewData_Split/train/not_cashew_leaf/not_cashew_leaf_1036.jpg
train,not_cashew_leaf,3,/content/CashewData_Split/train/not_cashew_leaf/not_cashew_leaf_1037.jpg
train,not_cashew_leaf,3,/content/CashewData_Split/train/not_cashew_leaf/not_cashew_leaf_1038.jpg
train,not_cashew_leaf,3,/content/CashewData_Split/train/not_cashew_leaf/not_cashew_leaf_1039.jpg
train,not_cashew_leaf,3,/content/CashewData_Split/train/not_cashew_leaf/not_cashew_leaf_104.jpg
train,not_cashew_leaf,3,/content/CashewData_Split/train/not_cashew_leaf/not_cashew_leaf_1040.jpg
train,not_cashew_leaf,3,/content/CashewData_Split/train/not_cashew_leaf/not_cashew_leaf_1041.jpg
train,not_cashew_leaf,3,/content/CashewData_Split/train/not_cashew_leaf/not_cashew_leaf_1042.jpg
train,not_cashew_leaf,3,/content/CashewData_Split/train/not_cashew_leaf/not_cashew_leaf_1043.jpg
train,not_cashew_leaf,3,/content/CashewData_Split/train/not_cashew_leaf/not_cashew_leaf_1044.jpg
train,not_cashew_leaf,3,/content/CashewData_Split/train/not_cashew_leaf/not_cashew_leaf_1045.jpg
train,not_cashew_leaf,3,/content/CashewData_Split/train/not_cashew_leaf/not_cashew_leaf_1046.jpg
train,not_cashew_leaf,3,/content/CashewData_Split/train/not_cashew_leaf/not_cashew_leaf_1047.jpg
train,not_cashew_leaf,3,/content/CashewData_Split/train/not_cashew_leaf/not_cashew_leaf_1048.jpg
train,not_cashew_leaf,3,/content/CashewData_Split/train/not_cashew_leaf/not_cashew_leaf_1049.jpg
train,not_cashew_leaf,3,/content/CashewData_Split/train/not_cashew_leaf/not_cashew_leaf_105.jpg
train,not_cashew_leaf,3,/content/CashewData_Split/train/not_cashew_leaf/not_cashew_leaf_1050.jpg
train,not_cashew_leaf,3,/content/CashewData_Split/train/not_cashew_leaf/not_cashew_leaf_1051.jpg
train,not_cashew_leaf,3,/content/CashewData_Split/train/not_cashew_leaf/not_cashew_leaf_1052.jpg
train,not_cashew_leaf,3,/content/CashewData_Split/train/not_cashew_leaf/not_cashew_leaf_1053.jpg
train,not_cashew_leaf,3,/content/CashewData_Split/train/not_cashew_leaf/not_cashew_leaf_1054.jpg
train,not_cashew_leaf,3,/content/CashewData_Split/train/not_cashew_leaf/not_cashew_leaf_1055.jpg
train,not_cashew_leaf,3,/content/CashewData_Split/train/not_cashew_leaf/not_cashew_leaf_1056.jpg
train,not_cashew_leaf,3,/content/CashewData_Split/train/not_cashew_leaf/not_cashew_leaf_1057.jpg
train,not_cashew_leaf,3,/content/CashewData_Split/train/not_cashew_leaf/not_cashew_leaf_1058.jpg
train,not_cashew_leaf,3,/content/CashewData_Split/train/not_cashew_leaf/not_cashew_leaf_1059.jpg
train,not_cashew_leaf,3,/content/CashewData_Split/train/not_cashew_leaf/not_cashew_leaf_106.jpg
train,not_cashew_leaf,3,/content/CashewData_Split/train/not_cashew_leaf/not_cashew_leaf_1060.jpg
train,not_cashew_leaf,3,/content/CashewData_Split/train/not_cashew_leaf/not_cashew_leaf_1061.jpg
train,not_cashew_leaf,3,/content/CashewData_Split/train/not_cashew_leaf/not_cashew_leaf_1062.jpg
train,not_cashew_leaf,3,/content/CashewData_Split/train/not_cashew_leaf/not_cashew_leaf_1063.jpg
train,not_cashew_leaf,3,/content/CashewData_Split/train/not_cashew_leaf/not_cashew_leaf_1064.jpg
train,not_cashew_leaf,3,/content/CashewData_Split/train/not_cashew_leaf/not_cashew_leaf_1065.jpg
train,not_cashew_leaf,3,/content/CashewData_Split/train/not_cashew_leaf/not_cashew_leaf_1066.jpg
train,not_cashew_leaf,3,/content/CashewData_Split/train/not_cashew_leaf/not_cashew_leaf_1067.jpg
train,not_cashew_leaf,3,/content/CashewData_Split/train/not_cashew_leaf/not_cashew_leaf_1068.jpg
train,not_cashew_leaf,3,/content/CashewData_Split/train/not_cashew_leaf/not_cashew_leaf_1069.jpg
train,not_cashew_leaf,3,/content/CashewData_Split/train/not_cashew_leaf/not_cashew_leaf_107.jpg
train,not_cashew_leaf,3,/content/CashewData_Split/train/not_cashew_leaf/not_cashew_leaf_1070.jpg
train,not_cashew_leaf,3,/content/CashewData_Split/train/not_cashew_leaf/not_cashew_leaf_1071.jpg
train,not_cashew_leaf,3,/content/CashewData_Split/train/not_cashew_leaf/not_cashew_leaf_1072.jpg
train,not_cashew_leaf,3,/content/CashewData_Split/train/not_cashew_leaf/not_cashew_leaf_1073.jpg
train,not_cashew_leaf,3,/content/CashewData_Split/train/not_cashew_leaf/not_cashew_leaf_1074.jpg
train,not_cashew_leaf,3,/content/CashewData_Split/train/not_cashew_leaf/not_cashew_leaf_1075.jpg
train,not_cashew_leaf,3,/content/CashewData_Split/train/not_cashew_leaf/not_cashew_leaf_1076.jpg
train,not_cashew_leaf,3,/content/CashewData_Split/train/not_cashew_leaf/not_cashew_leaf_1077.jpg
train,not_cashew_leaf,3,/content/CashewData_Split/train/not_cashew_leaf/not_cashew_leaf_1078.jpg
train,not_cashew_leaf,3,/content/CashewData_Split/train/not_cashew_leaf/not_cashew_leaf_1079.jpg
train,not_cashew_leaf,3,/content/CashewData_Split/train/not_cashew_leaf/not_cashew_leaf_108.jpg
train,not_cashew_leaf,3,/content/CashewData_Split/train/not_cashew_leaf/not_cashew_leaf_1080.jpg
train,not_cashew_leaf,3,/content/CashewData_Split/train/not_cashew_leaf/not_cashew_leaf_1081.jpg
train,not_cashew_leaf,3,/content/CashewData_Split/train/not_cashew_leaf/not_cashew_leaf_1082.jpg
train,not_cashew_leaf,3,/content/CashewData_Split/train/not_cashew_leaf/not_cashew_leaf_1083.jpg
train,not_cashew_leaf,3,/content/CashewData_Split/train/not_cashew_leaf/not_cashew_leaf_1084.jpg
train,not_cashew_leaf,3,/content/CashewData_Split/train/not_cashew_leaf/not_cashew_leaf_1085.jpg
train,not_cashew_leaf,3,/content/CashewData_Split/train/not_cashew_leaf/not_cashew_leaf_1086.jpg
train,not_cashew_leaf,3,/content/CashewData_Split/train/not_cashew_leaf/not_cashew_leaf_1087.jpg
train,not_cashew_leaf,3,/content/CashewData_Split/train/not_cashew_leaf/not_cashew_leaf_1088.jpg
train,not_cashew_leaf,3,/content/CashewData_Split/train/not_cashew_leaf/not_cashew_leaf_1089.jpg
train,not_cashew_leaf,3,/content/CashewData_Split/train/not_cashew_leaf/not_cashew_leaf_109.jpg
train,not_cashew_leaf,3,/content/CashewData_Split/train/not_cashew_leaf/not_cashew_leaf_1090.jpg
train,not_cashew_leaf,3,/content/CashewData_Split/train/not_cashew_leaf/not_cashew_leaf_1091.jpg
train,not_cashew_leaf,3,/content/CashewData_Split/train/not_cashew_leaf/not_cashew_leaf_1092.jpg
train,not_cashew_leaf,3,/content/CashewData_Split/train/not_cashew_leaf/not_cashew_leaf_1093.jpg
train,not_cashew_leaf,3,/content/CashewData_Split/train/not_cashew_leaf/not_cashew_leaf_1094.jpg
train,not_cashew_leaf,3,/content/CashewData_Split/train/not_cashew_leaf/not_cashew_leaf_1095.jpg
train,not_cashew_leaf,3,/content/CashewData_Split/train/not_cashew_leaf/not_cashew_leaf_1096.jpg
train,not_cashew_leaf,3,/content/CashewData_Split/train/not_cashew_leaf/not_cashew_leaf_1097.jpg
train,not_cashew_leaf,3,/content/CashewData_Split/train/not_cashew_leaf/not_cashew_leaf_1098.jpg
train,not_cashew_leaf,3,/content/CashewData_Split/train/not_cashew_leaf/not_cashew_leaf_1099.jpg
train,not_cashew_leaf,3,/content/CashewData_Split/train/not_cashew_leaf/not_cashew_leaf_11.jpg
train,not_cashew_leaf,3,/content/CashewData_Split/train/not_cashew_leaf/not_cashew_leaf_110.jpg
train,not_cashew_leaf,3,/content/CashewData_Split/train/not_cashew_leaf/not_cashew_leaf_1100.jpg
train,not_cashew_leaf,3,/content/CashewData_Split/train/not_cashew_leaf/not_cashew_leaf_1101.jpg
train,not_cashew_leaf,3,/content/CashewData_Split/train/not_cashew_leaf/not_cashew_leaf_111.jpg
train,not_cashew_leaf,3,/content/CashewData_Split/train/not_cashew_leaf/not_cashew_leaf_112.jpg
train,not_cashew_leaf,3,/content/CashewData_Split/train/not_cashew_leaf/not_cashew_leaf_113.jpg
train,not_cashew_leaf,3,/content/CashewData_Split/train/not_cashew_leaf/not_cashew_leaf_114.jpg
train,not_cashew_leaf,3,/content/CashewData_Split/train/not_cashew_leaf/not_cashew_leaf_115.jpg
train,not_cashew_leaf,3,/content/CashewData_Split/train/not_cashew_leaf/not_cashew_leaf_116.jpg
train,not_cashew_leaf,3,/content/CashewData_Split/train/not_cashew_leaf/not_cashew_leaf_117.jpg
train,not_cashew_leaf,3,/content/CashewData_Split/train/not_cashew_leaf/not_cashew_leaf_118.jpg
train,not_cashew_leaf,3,/content/CashewData_Split/train/not_cashew_leaf/not_cashew_leaf_119.jpg
train,not_cashew_leaf,3,/content/CashewData_Split/train/not_cashew_leaf/not_cashew_leaf_12.jpg
train,not_cashew_leaf,3,/content/CashewData_Split/train/not_cashew_leaf/not_cashew_leaf_120.jpg
train,not_cashew_leaf,3,/content/CashewData_Split/train/not_cashew_leaf/not_cashew_leaf_121.jpg
train,not_cashew_leaf,3,/content/CashewData_Split/train/not_cashew_leaf/not_cashew_leaf_122.jpg
train,not_cashew_leaf,3,/content/CashewData_Split/train/not_cashew_leaf/not_cashew_leaf_123.jpg
train,not_cashew_leaf,3,/content/CashewData_Split/train/not_cashew_leaf/not_cashew_leaf_124.jpg
train,not_cashew_leaf,3,/content/CashewData_Split/train/not_cashew_leaf/not_cashew_leaf_125.jpg
train,not_cashew_leaf,3,/content/CashewData_Split/train/not_cashew_leaf/not_cashew_leaf_126.jpg
train,not_cashew_leaf,3,/content/CashewData_Split/train/not_cashew_leaf/not_cashew_leaf_127.jpg
train,not_cashew_leaf,3,/content/CashewData_Split/train/not_cashew_leaf/not_cashew_leaf_128.jpg
train,not_cashew_leaf,3,/content/CashewData_Split/train/not_cashew_leaf/not_cashew_leaf_129.jpg
train,not_cashew_leaf,3,/content/CashewData_Split/train/not_cashew_leaf/not_cashew_leaf_13.jpg
train,not_cashew_leaf,3,/content/CashewData_Split/train/not_cashew_leaf/not_cashew_leaf_130.jpg
train,not_cashew_leaf,3,/content/CashewData_Split/train/not_cashew_leaf/not_cashew_leaf_131.jpg
train,not_cashew_leaf,3,/content/CashewData_Split/train/not_cashew_leaf/not_cashew_leaf_132.jpg
train,not_cashew_leaf,3,/content/CashewData_Split/train/not_cashew_leaf/not_cashew_leaf_133.jpg
train,not_cashew_leaf,3,/content/CashewData_Split/train/not_cashew_leaf/not_cashew_leaf_134.jpg
train,not_cashew_leaf,3,/content/CashewData_Split/train/not_cashew_leaf/not_cashew_leaf_135.jpg
train,not_cashew_leaf,3,/content/CashewData_Split/train/not_cashew_leaf/not_cashew_leaf_136.jpg
train,not_cashew_leaf,3,/content/CashewData_Split/train/not_cashew_leaf/not_cashew_leaf_137.jpg
train,not_cashew_leaf,3,/content/CashewData_Split/train/not_cashew_leaf/not_cashew_leaf_138.jpg
train,not_cashew_leaf,3,/content/CashewData_Split/train/not_cashew_leaf/not_cashew_leaf_139.jpg
train,not_cashew_leaf,3,/content/CashewData_Split/train/not_cashew_leaf/not_cashew_leaf_14.jpg
train,not_cashew_leaf,3,/content/CashewData_Split/train/not_cashew_leaf/not_cashew_leaf_140.jpg
train,not_cashew_leaf,3,/content/CashewData_Split/train/not_cashew_leaf/not_cashew_leaf_141.jpg
train,not_cashew_leaf,3,/content/CashewData_Split/train/not_cashew_leaf/not_cashew_leaf_142.jpg
train,not_cashew_leaf,3,/content/CashewData_Split/train/not_cashew_leaf/not_cashew_leaf_143.jpg
train,not_cashew_leaf,3,/content/CashewData_Split/train/not_cashew_leaf/not_cashew_leaf_144.jpg
train,not_cashew_leaf,3,/content/CashewData_Split/train/not_cashew_leaf/not_cashew_leaf_145.jpg
train,not_cashew_leaf,3,/content/CashewData_Split/train/not_cashew_leaf/not_cashew_leaf_146.jpg
train,not_cashew_leaf,3,/content/CashewData_Split/train/not_cashew_leaf/not_cashew_leaf_147.jpg
train,not_cashew_leaf,3,/content/CashewData_Split/train/not_cashew_leaf/not_cashew_leaf_148.jpg
train,not_cashew_leaf,3,/content/CashewData_Split/train/not_cashew_leaf/not_cashew_leaf_149.jpg
train,not_cashew_leaf,3,/content/CashewData_Split/train/not_cashew_leaf/not_cashew_leaf_15.jpg
train,not_cashew_leaf,3,/content/CashewData_Split/train/not_cashew_leaf/not_cashew_leaf_150.jpg
train,not_cashew_leaf,3,/content/CashewData_Split/train/not_cashew_leaf/not_cashew_leaf_151.jpg
train,not_cashew_leaf,3,/content/CashewData_Split/train/not_cashew_leaf/not_cashew_leaf_152.jpg
train,not_cashew_leaf,3,/content/CashewData_Split/train/not_cashew_leaf/not_cashew_leaf_153.jpg
train,not_cashew_leaf,3,/content/CashewData_Split/train/not_cashew_leaf/not_cashew_leaf_154.jpg
train,not_cashew_leaf,3,/content/CashewData_Split/train/not_cashew_leaf/not_cashew_leaf_155.jpg
train,not_cashew_leaf,3,/content/CashewData_Split/train/not_cashew_leaf/not_cashew_leaf_156.jpg
train,not_cashew_leaf,3,/content/CashewData_Split/train/not_cashew_leaf/not_cashew_leaf_157.jpg
train,not_cashew_leaf,3,/content/CashewData_Split/train/not_cashew_leaf/not_cashew_leaf_158.jpg
train,not_cashew_leaf,3,/content/CashewData_Split/train/not_cashew_leaf/not_cashew_leaf_159.jpg
train,not_cashew_leaf,3,/content/CashewData_Split/train/not_cashew_leaf/not_cashew_leaf_16.jpg
train,not_cashew_leaf,3,/content/CashewData_Split/train/not_cashew_leaf/not_cashew_leaf_160.jpg
train,not_cashew_leaf,3,/content/CashewData_Split/train/not_cashew_leaf/not_cashew_leaf_161.jpg
train,not_cashew_leaf,3,/content/CashewData_Split/train/not_cashew_leaf/not_cashew_leaf_162.jpg
train,not_cashew_leaf,3,/content/CashewData_Split/train/not_cashew_leaf/not_cashew_leaf_163.jpg
train,not_cashew_leaf,3,/content/CashewData_Split/train/not_cashew_leaf/not_cashew_leaf_164.jpg
train,not_cashew_leaf,3,/content/CashewData_Split/train/not_cashew_leaf/not_cashew_leaf_165.jpg
train,not_cashew_leaf,3,/content/CashewData_Split/train/not_cashew_leaf/not_cashew_leaf_166.jpg
train,not_cashew_leaf,3,/content/CashewData_Split/train/not_cashew_leaf/not_cashew_leaf_167.jpg
train,not_cashew_leaf,3,/content/CashewData_Split/train/not_cashew_leaf/not_cashew_leaf_168.jpg
train,not_cashew_leaf,3,/content/CashewData_Split/train/not_cashew_leaf/not_cashew_leaf_169.jpg
train,not_cashew_leaf,3,/content/CashewData_Split/train/not_cashew_leaf/not_cashew_leaf_17.jpg
train,not_cashew_leaf,3,/content/CashewData_Split/train/not_cashew_leaf/not_cashew_leaf_170.jpg
train,not_cashew_leaf,3,/content/CashewData_Split/train/not_cashew_leaf/not_cashew_leaf_171.jpg
train,not_cashew_leaf,3,/content/CashewData_Split/train/not_cashew_leaf/not_cashew_leaf_172.jpg
train,not_cashew_leaf,3,/content/CashewData_Split/train/not_cashew_leaf/not_cashew_leaf_173.jpg
train,not_cashew_leaf,3,/content/CashewData_Split/train/not_cashew_leaf/not_cashew_leaf_174.jpg
train,not_cashew_leaf,3,/content/CashewData_Split/train/not_cashew_leaf/not_cashew_leaf_175.jpg
train,not_cashew_leaf,3,/content/CashewData_Split/train/not_cashew_leaf/not_cashew_leaf_176.jpg
train,not_cashew_leaf,3,/content/CashewData_Split/train/not_cashew_leaf/not_cashew_leaf_177.jpg
train,not_cashew_leaf,3,/content/CashewData_Split/train/not_cashew_leaf/not_cashew_leaf_178.jpg
train,not_cashew_leaf,3,/content/CashewData_Split/train/not_cashew_leaf/not_cashew_leaf_179.jpg
train,not_cashew_leaf,3,/content/CashewData_Split/train/not_cashew_leaf/not_cashew_leaf_18.jpg
train,not_cashew_leaf,3,/content/CashewData_Split/train/not_cashew_leaf/not_cashew_leaf_180.jpg
train,not_cashew_leaf,3,/content/CashewData_Split/train/not_cashew_leaf/not_cashew_leaf_181.jpg
train,not_cashew_leaf,3,/content/CashewData_Split/train/not_cashew_leaf/not_cashew_leaf_182.jpg
train,not_cashew_leaf,3,/content/CashewData_Split/train/not_cashew_leaf/not_cashew_leaf_183.jpg
train,not_cashew_leaf,3,/content/CashewData_Split/train/not_cashew_leaf/not_cashew_leaf_184.jpg
train,not_cashew_leaf,3,/content/CashewData_Split/train/not_cashew_leaf/not_cashew_leaf_185.JPG
train,not_cashew_leaf,3,/content/CashewData_Split/train/not_cashew_leaf/not_cashew_leaf_186.jpg
train,not_cashew_leaf,3,/content/CashewData_Split/train/not_cashew_leaf/not_cashew_leaf_187.jpg
train,not_cashew_leaf,3,/content/CashewData_Split/train/not_cashew_leaf/not_cashew_leaf_188.jpg
train,not_cashew_leaf,3,/content/CashewData_Split/train/not_cashew_leaf/not_cashew_leaf_189.jpg
train,not_cashew_leaf,3,/content/CashewData_Split/train/not_cashew_leaf/not_cashew_leaf_19.jpg
train,not_cashew_leaf,3,/content/CashewData_Split/train/not_cashew_leaf/not_cashew_leaf_190.jpg
train,not_cashew_leaf,3,/content/CashewData_Split/train/not_cashew_leaf/not_cashew_leaf_191.jpg
train,not_cashew_leaf,3,/content/CashewData_Split/train/not_cashew_leaf/not_cashew_leaf_192.jpg
train,not_cashew_leaf,3,/content/CashewData_Split/train/not_cashew_leaf/not_cashew_leaf_193.jpg
train,not_cashew_leaf,3,/content/CashewData_Split/train/not_cashew_leaf/not_cashew_leaf_194.jpg
train,not_cashew_leaf,3,/content/CashewData_Split/train/not_cashew_leaf/not_cashew_leaf_195.jpg
train,not_cashew_leaf,3,/content/CashewData_Split/train/not_cashew_leaf/not_cashew_leaf_196.jpg
train,not_cashew_leaf,3,/content/CashewData_Split/train/not_cashew_leaf/not_cashew_leaf_197.jpg
train,not_cashew_leaf,3,/content/CashewData_Split/train/not_cashew_leaf/not_cashew_leaf_198.jpg
train,not_cashew_leaf,3,/content/CashewData_Split/train/not_cashew_leaf/not_cashew_leaf_199.jpg
train,not_cashew_leaf,3,/content/CashewData_Split/train/not_cashew_leaf/not_cashew_leaf_2.jpg
train,not_cashew_leaf,3,/content/CashewData_Split/train/not_cashew_leaf/not_cashew_leaf_20.jpg
train,not_cashew_leaf,3,/content/CashewData_Split/train/not_cashew_leaf/not_cashew_leaf_200.jpg
train,not_cashew_leaf,3,/content/CashewData_Split/train/not_cashew_leaf/not_cashew_leaf_201.jpg
train,not_cashew_leaf,3,/content/CashewData_Split/train/not_cashew_leaf/not_cashew_leaf_202.jpg
train,not_cashew_leaf,3,/content/CashewData_Split/train/not_cashew_leaf/not_cashew_leaf_203.jpg
train,not_cashew_leaf,3,/content/CashewData_Split/train/not_cashew_leaf/not_cashew_leaf_204.jpg
train,not_cashew_leaf,3,/content/CashewData_Split/train/not_cashew_leaf/not_cashew_leaf_205.jpg
train,not_cashew_leaf,3,/content/CashewData_Split/train/not_cashew_leaf/not_cashew_leaf_206.jpg
train,not_cashew_leaf,3,/content/CashewData_Split/train/not_cashew_leaf/not_cashew_leaf_207.jpg
train,not_cashew_leaf,3,/content/CashewData_Split/train/not_cashew_leaf/not_cashew_leaf_208.jpg
train,not_cashew_leaf,3,/content/CashewData_Split/train/not_cashew_leaf/not_cashew_leaf_209.jpg
train,not_cashew_leaf,3,/content/CashewData_Split/train/not_cashew_leaf/not_cashew_leaf_21.jpg
train,not_cashew_leaf,3,/content/CashewData_Split/train/not_cashew_leaf/not_cashew_leaf_210.jpg
train,not_cashew_leaf,3,/content/CashewData_Split/train/not_cashew_leaf/not_cashew_leaf_211.jpg
train,not_cashew_leaf,3,/content/CashewData_Split/train/not_cashew_leaf/not_cashew_leaf_212.jpg
train,not_cashew_leaf,3,/content/CashewData_Split/train/not_cashew_leaf/not_cashew_leaf_213.jpg
train,not_cashew_leaf,3,/content/CashewData_Split/train/not_cashew_leaf/not_cashew_leaf_214.jpg
train,not_cashew_leaf,3,/content/CashewData_Split/train/not_cashew_leaf/not_cashew_leaf_215.jpg
train,not_cashew_leaf,3,/content/CashewData_Split/train/not_cashew_leaf/not_cashew_leaf_216.jpg
train,not_cashew_leaf,3,/content/CashewData_Split/train/not_cashew_leaf/not_cashew_leaf_217.jpg
train,not_cashew_leaf,3,/content/CashewData_Split/train/not_cashew_leaf/not_cashew_leaf_218.jpg
train,not_cashew_leaf,3,/content/CashewData_Split/train/not_cashew_leaf/not_cashew_leaf_219.jpg
train,not_cashew_leaf,3,/content/CashewData_Split/train/not_cashew_leaf/not_cashew_leaf_22.jpg
train,not_cashew_leaf,3,/content/CashewData_Split/train/not_cashew_leaf/not_cashew_leaf_220.jpg
train,not_cashew_leaf,3,/content/CashewData_Split/train/not_cashew_leaf/not_cashew_leaf_221.jpg
train,not_cashew_leaf,3,/content/CashewData_Split/train/not_cashew_leaf/not_cashew_leaf_222.jpg
train,not_cashew_leaf,3,/content/CashewData_Split/train/not_cashew_leaf/not_cashew_leaf_223.jpg
train,not_cashew_leaf,3,/content/CashewData_Split/train/not_cashew_leaf/not_cashew_leaf_224.jpg
train,not_cashew_leaf,3,/content/CashewData_Split/train/not_cashew_leaf/not_cashew_leaf_225.jpg
train,not_cashew_leaf,3,/content/CashewData_Split/train/not_cashew_leaf/not_cashew_leaf_226.jpg
train,not_cashew_leaf,3,/content/CashewData_Split/train/not_cashew_leaf/not_cashew_leaf_227.jpg
train,not_cashew_leaf,3,/content/CashewData_Split/train/not_cashew_leaf/not_cashew_leaf_228.jpg
train,not_cashew_leaf,3,/content/CashewData_Split/train/not_cashew_leaf/not_cashew_leaf_229.jpg
train,not_cashew_leaf,3,/content/CashewData_Split/train/not_cashew_leaf/not_cashew_leaf_23.jpg
train,not_cashew_leaf,3,/content/CashewData_Split/train/not_cashew_leaf/not_cashew_leaf_230.jpg
train,not_cashew_leaf,3,/content/CashewData_Split/train/not_cashew_leaf/not_cashew_leaf_231.jpg
train,not_cashew_leaf,3,/content/CashewData_Split/train/not_cashew_leaf/not_cashew_leaf_232.jpg
train,not_cashew_leaf,3,/content/CashewData_Split/train/not_cashew_leaf/not_cashew_leaf_233.jpg
train,not_cashew_leaf,3,/content/CashewData_Split/train/not_cashew_leaf/not_cashew_leaf_234.jpg
train,not_cashew_leaf,3,/content/CashewData_Split/train/not_cashew_leaf/not_cashew_leaf_235.jpg
train,not_cashew_leaf,3,/content/CashewData_Split/train/not_cashew_leaf/not_cashew_leaf_236.jpg
train,not_cashew_leaf,3,/content/CashewData_Split/train/not_cashew_leaf/not_cashew_leaf_237.jpg
train,not_cashew_leaf,3,/content/CashewData_Split/train/not_cashew_leaf/not_cashew_leaf_238.jpg
train,not_cashew_leaf,3,/content/CashewData_Split/train/not_cashew_leaf/not_cashew_leaf_239.jpg
train,not_cashew_leaf,3,/content/CashewData_Split/train/not_cashew_leaf/not_cashew_leaf_24.jpg
train,not_cashew_leaf,3,/content/CashewData_Split/train/not_cashew_leaf/not_cashew_leaf_240.jpg
train,not_cashew_leaf,3,/content/CashewData_Split/train/not_cashew_leaf/not_cashew_leaf_241.jpg
train,not_cashew_leaf,3,/content/CashewData_Split/train/not_cashew_leaf/not_cashew_leaf_242.jpg
train,not_cashew_leaf,3,/content/CashewData_Split/train/not_cashew_leaf/not_cashew_leaf_243.jpg
train,not_cashew_leaf,3,/content/CashewData_Split/train/not_cashew_leaf/not_cashew_leaf_244.jpg
train,not_cashew_leaf,3,/content/CashewData_Split/train/not_cashew_leaf/not_cashew_leaf_245.jpg
train,not_cashew_leaf,3,/content/CashewData_Split/train/not_cashew_leaf/not_cashew_leaf_246.jpg
train,not_cashew_leaf,3,/content/CashewData_Split/train/not_cashew_leaf/not_cashew_leaf_247.jpg
train,not_cashew_leaf,3,/content/CashewData_Split/train/not_cashew_leaf/not_cashew_leaf_248.jpg
train,not_cashew_leaf,3,/content/CashewData_Split/train/not_cashew_leaf/not_cashew_leaf_249.jpg
train,not_cashew_leaf,3,/content/CashewData_Split/train/not_cashew_leaf/not_cashew_leaf_25.jpg
train,not_cashew_leaf,3,/content/CashewData_Split/train/not_cashew_leaf/not_cashew_leaf_250.jpg
train,not_cashew_leaf,3,/content/CashewData_Split/train/not_cashew_leaf/not_cashew_leaf_251.jpg
train,not_cashew_leaf,3,/content/CashewData_Split/train/not_cashew_leaf/not_cashew_leaf_252.jpg
train,not_cashew_leaf,3,/content/CashewData_Split/train/not_cashew_leaf/not_cashew_leaf_253.jpg
train,not_cashew_leaf,3,/content/CashewData_Split/train/not_cashew_leaf/not_cashew_leaf_254.jpg
train,not_cashew_leaf,3,/content/CashewData_Split/train/not_cashew_leaf/not_cashew_leaf_255.jpg
train,not_cashew_leaf,3,/content/CashewData_Split/train/not_cashew_leaf/not_cashew_leaf_256.jpg
train,not_cashew_leaf,3,/content/CashewData_Split/train/not_cashew_leaf/not_cashew_leaf_257.jpg
train,not_cashew_leaf,3,/content/CashewData_Split/train/not_cashew_leaf/not_cashew_leaf_258.jpg
train,not_cashew_leaf,3,/content/CashewData_Split/train/not_cashew_leaf/not_cashew_leaf_259.jpg
train,not_cashew_leaf,3,/content/CashewData_Split/train/not_cashew_leaf/not_cashew_leaf_26.jpg
train,not_cashew_leaf,3,/content/CashewData_Split/train/not_cashew_leaf/not_cashew_leaf_260.jpg
train,not_cashew_leaf,3,/content/CashewData_Split/train/not_cashew_leaf/not_cashew_leaf_261.jpg
train,not_cashew_leaf,3,/content/CashewData_Split/train/not_cashew_leaf/not_cashew_leaf_262.jpg
train,not_cashew_leaf,3,/content/CashewData_Split/train/not_cashew_leaf/not_cashew_leaf_263.jpg
train,not_cashew_leaf,3,/content/CashewData_Split/train/not_cashew_leaf/not_cashew_leaf_264.jpg
train,not_cashew_leaf,3,/content/CashewData_Split/train/not_cashew_leaf/not_cashew_leaf_265.jpg
train,not_cashew_leaf,3,/content/CashewData_Split/train/not_cashew_leaf/not_cashew_leaf_266.jpg
train,not_cashew_leaf,3,/content/CashewData_Split/train/not_cashew_leaf/not_cashew_leaf_267.jpg
train,not_cashew_leaf,3,/content/CashewData_Split/train/not_cashew_leaf/not_cashew_leaf_268.jpg
train,not_cashew_leaf,3,/content/CashewData_Split/train/not_cashew_leaf/not_cashew_leaf_269.jpg
train,not_cashew_leaf,3,/content/CashewData_Split/train/not_cashew_leaf/not_cashew_leaf_27.jpg
train,not_cashew_leaf,3,/content/CashewData_Split/train/not_cashew_leaf/not_cashew_leaf_270.jpg
train,not_cashew_leaf,3,/content/CashewData_Split/train/not_cashew_leaf/not_cashew_leaf_271.jpg
train,not_cashew_leaf,3,/content/CashewData_Split/train/not_cashew_leaf/not_cashew_leaf_272.jpg
train,not_cashew_leaf,3,/content/CashewData_Split/train/not_cashew_leaf/not_cashew_leaf_273.jpg
train,not_cashew_leaf,3,/content/CashewData_Split/train/not_cashew_leaf/not_cashew_leaf_274.jpg
train,not_cashew_leaf,3,/content/CashewData_Split/train/not_cashew_leaf/not_cashew_leaf_275.jpg
train,not_cashew_leaf,3,/content/CashewData_Split/train/not_cashew_leaf/not_cashew_leaf_276.jpg
train,not_cashew_leaf,3,/content/CashewData_Split/train/not_cashew_leaf/not_cashew_leaf_277.jpg
train,not_cashew_leaf,3,/content/CashewData_Split/train/not_cashew_leaf/not_cashew_leaf_278.jpg
train,not_cashew_leaf,3,/content/CashewData_Split/train/not_cashew_leaf/not_cashew_leaf_279.jpg
train,not_cashew_leaf,3,/content/CashewData_Split/train/not_cashew_leaf/not_cashew_leaf_28.jpg
train,not_cashew_leaf,3,/content/CashewData_Split/train/not_cashew_leaf/not_cashew_leaf_280.jpg
train,not_cashew_leaf,3,/content/CashewData_Split/train/not_cashew_leaf/not_cashew_leaf_281.jpg
train,not_cashew_leaf,3,/content/CashewData_Split/train/not_cashew_leaf/not_cashew_leaf_282.jpg
train,not_cashew_leaf,3,/content/CashewData_Split/train/not_cashew_leaf/not_cashew_leaf_283.jpg
train,not_cashew_leaf,3,/content/CashewData_Split/train/not_cashew_leaf/not_cashew_leaf_284.jpg
train,not_cashew_leaf,3,/content/CashewData_Split/train/not_cashew_leaf/not_cashew_leaf_285.jpg
train,not_cashew_leaf,3,/content/CashewData_Split/train/not_cashew_leaf/not_cashew_leaf_286.JPG
train,not_cashew_leaf,3,/content/CashewData_Split/train/not_cashew_leaf/not_cashew_leaf_287.jpg
train,not_cashew_leaf,3,/content/CashewData_Split/train/not_cashew_leaf/not_cashew_leaf_288.jpg
train,not_cashew_leaf,3,/content/CashewData_Split/train/not_cashew_leaf/not_cashew_leaf_289.jpg
train,not_cashew_leaf,3,/content/CashewData_Split/train/not_cashew_leaf/not_cashew_leaf_29.jpg
train,not_cashew_leaf,3,/content/CashewData_Split/train/not_cashew_leaf/not_cashew_leaf_290.jpg
train,not_cashew_leaf,3,/content/CashewData_Split/train/not_cashew_leaf/not_cashew_leaf_291.jpg
train,not_cashew_leaf,3,/content/CashewData_Split/train/not_cashew_leaf/not_cashew_leaf_292.jpg
train,not_cashew_leaf,3,/content/CashewData_Split/train/not_cashew_leaf/not_cashew_leaf_293.jpg
train,not_cashew_leaf,3,/content/CashewData_Split/train/not_cashew_leaf/not_cashew_leaf_294.jpg
train,not_cashew_leaf,3,/content/CashewData_Split/train/not_cashew_leaf/not_cashew_leaf_295.jpg
train,not_cashew_leaf,3,/content/CashewData_Split/train/not_cashew_leaf/not_cashew_leaf_296.jpg
train,not_cashew_leaf,3,/content/CashewData_Split/train/not_cashew_leaf/not_cashew_leaf_297.jpg
train,not_cashew_leaf,3,/content/CashewData_Split/train/not_cashew_leaf/not_cashew_leaf_298.jpg
train,not_cashew_leaf,3,/content/CashewData_Split/train/not_cashew_leaf/not_cashew_leaf_299.jpg
train,not_cashew_leaf,3,/content/CashewData_Split/train/not_cashew_leaf/not_cashew_leaf_3.jpg
train,not_cashew_leaf,3,/content/CashewData_Split/train/not_cashew_leaf/not_cashew_leaf_30.jpg
train,not_cashew_leaf,3,/content/CashewData_Split/train/not_cashew_leaf/not_cashew_leaf_300.jpg
train,not_cashew_leaf,3,/content/CashewData_Split/train/not_cashew_leaf/not_cashew_leaf_301.jpg
train,not_cashew_leaf,3,/content/CashewData_Split/train/not_cashew_leaf/not_cashew_leaf_302.jpg
train,not_cashew_leaf,3,/content/CashewData_Split/train/not_cashew_leaf/not_cashew_leaf_303.jpg
train,not_cashew_leaf,3,/content/CashewData_Split/train/not_cashew_leaf/not_cashew_leaf_304.jpg
train,not_cashew_leaf,3,/content/CashewData_Split/train/not_cashew_leaf/not_cashew_leaf_305.jpg
train,not_cashew_leaf,3,/content/CashewData_Split/train/not_cashew_leaf/not_cashew_leaf_306.jpg
train,not_cashew_leaf,3,/content/CashewData_Split/train/not_cashew_leaf/not_cashew_leaf_307.jpg
train,not_cashew_leaf,3,/content/CashewData_Split/train/not_cashew_leaf/not_cashew_leaf_308.jpg
train,not_cashew_leaf,3,/content/CashewData_Split/train/not_cashew_leaf/not_cashew_leaf_309.jpg
train,not_cashew_leaf,3,/content/CashewData_Split/train/not_cashew_leaf/not_cashew_leaf_31.jpg
train,not_cashew_leaf,3,/content/CashewData_Split/train/not_cashew_leaf/not_cashew_leaf_310.jpg
train,not_cashew_leaf,3,/content/CashewData_Split/train/not_cashew_leaf/not_cashew_leaf_311.jpg
train,not_cashew_leaf,3,/content/CashewData_Split/train/not_cashew_leaf/not_cashew_leaf_312.jpg
train,not_cashew_leaf,3,/content/CashewData_Split/train/not_cashew_leaf/not_cashew_leaf_313.jpg
train,not_cashew_leaf,3,/content/CashewData_Split/train/not_cashew_leaf/not_cashew_leaf_314.jpg
train,not_cashew_leaf,3,/content/CashewData_Split/train/not_cashew_leaf/not_cashew_leaf_315.jpg
train,not_cashew_leaf,3,/content/CashewData_Split/train/not_cashew_leaf/not_cashew_leaf_316.jpg
train,not_cashew_leaf,3,/content/CashewData_Split/train/not_cashew_leaf/not_cashew_leaf_317.jpg
train,not_cashew_leaf,3,/content/CashewData_Split/train/not_cashew_leaf/not_cashew_leaf_318.jpg
train,not_cashew_leaf,3,/content/CashewData_Split/train/not_cashew_leaf/not_cashew_leaf_319.jpg
train,not_cashew_leaf,3,/content/CashewData_Split/train/not_cashew_leaf/not_cashew_leaf_32.jpg
train,not_cashew_leaf,3,/content/CashewData_Split/train/not_cashew_leaf/not_cashew_leaf_320.jpg
train,not_cashew_leaf,3,/content/CashewData_Split/train/not_cashew_leaf/not_cashew_leaf_321.jpg
train,not_cashew_leaf,3,/content/CashewData_Split/train/not_cashew_leaf/not_cashew_leaf_322.jpg
train,not_cashew_leaf,3,/content/CashewData_Split/train/not_cashew_leaf/not_cashew_leaf_323.jpg
train,not_cashew_leaf,3,/content/CashewData_Split/train/not_cashew_leaf/not_cashew_leaf_324.jpg
train,not_cashew_leaf,3,/content/CashewData_Split/train/not_cashew_leaf/not_cashew_leaf_325.jpg
train,not_cashew_leaf,3,/content/CashewData_Split/train/not_cashew_leaf/not_cashew_leaf_326.jpg
train,not_cashew_leaf,3,/content/CashewData_Split/train/not_cashew_leaf/not_cashew_leaf_327.jpg
train,not_cashew_leaf,3,/content/CashewData_Split/train/not_cashew_leaf/not_cashew_leaf_328.jpg
train,not_cashew_leaf,3,/content/CashewData_Split/train/not_cashew_leaf/not_cashew_leaf_329.jpg
train,not_cashew_leaf,3,/content/CashewData_Split/train/not_cashew_leaf/not_cashew_leaf_33.jpg
train,not_cashew_leaf,3,/content/CashewData_Split/train/not_cashew_leaf/not_cashew_leaf_330.jpg
train,not_cashew_leaf,3,/content/CashewData_Split/train/not_cashew_leaf/not_cashew_leaf_331.jpg
train,not_cashew_leaf,3,/content/CashewData_Split/train/not_cashew_leaf/not_cashew_leaf_332.jpg
train,not_cashew_leaf,3,/content/CashewData_Split/train/not_cashew_leaf/not_cashew_leaf_333.jpg
train,not_cashew_leaf,3,/content/CashewData_Split/train/not_cashew_leaf/not_cashew_leaf_334.jpg
train,not_cashew_leaf,3,/content/CashewData_Split/train/not_cashew_leaf/not_cashew_leaf_335.jpg
train,not_cashew_leaf,3,/content/CashewData_Split/train/not_cashew_leaf/not_cashew_leaf_336.jpg
train,not_cashew_leaf,3,/content/CashewData_Split/train/not_cashew_leaf/not_cashew_leaf_337.jpg
train,not_cashew_leaf,3,/content/CashewData_Split/train/not_cashew_leaf/not_cashew_leaf_338.jpg
train,not_cashew_leaf,3,/content/CashewData_Split/train/not_cashew_leaf/not_cashew_leaf_339.jpg
train,not_cashew_leaf,3,/content/CashewData_Split/train/not_cashew_leaf/not_cashew_leaf_34.jpg
train,not_cashew_leaf,3,/content/CashewData_Split/train/not_cashew_leaf/not_cashew_leaf_340.jpg
train,not_cashew_leaf,3,/content/CashewData_Split/train/not_cashew_leaf/not_cashew_leaf_341.jpg
train,not_cashew_leaf,3,/content/CashewData_Split/train/not_cashew_leaf/not_cashew_leaf_342.jpg
train,not_cashew_leaf,3,/content/CashewData_Split/train/not_cashew_leaf/not_cashew_leaf_343.jpg
train,not_cashew_leaf,3,/content/CashewData_Split/train/not_cashew_leaf/not_cashew_leaf_344.jpg
train,not_cashew_leaf,3,/content/CashewData_Split/train/not_cashew_leaf/not_cashew_leaf_345.jpg
train,not_cashew_leaf,3,/content/CashewData_Split/train/not_cashew_leaf/not_cashew_leaf_346.jpg
train,not_cashew_leaf,3,/content/CashewData_Split/train/not_cashew_leaf/not_cashew_leaf_347.jpg
train,not_cashew_leaf,3,/content/CashewData_Split/train/not_cashew_leaf/not_cashew_leaf_348.jpg
train,not_cashew_leaf,3,/content/CashewData_Split/train/not_cashew_leaf/not_cashew_leaf_349.jpg
train,not_cashew_leaf,3,/content/CashewData_Split/train/not_cashew_leaf/not_cashew_leaf_35.jpg
train,not_cashew_leaf,3,/content/CashewData_Split/train/not_cashew_leaf/not_cashew_leaf_350.jpg
train,not_cashew_leaf,3,/content/CashewData_Split/train/not_cashew_leaf/not_cashew_leaf_351.jpg
train,not_cashew_leaf,3,/content/CashewData_Split/train/not_cashew_leaf/not_cashew_leaf_352.jpg
train,not_cashew_leaf,3,/content/CashewData_Split/train/not_cashew_leaf/not_cashew_leaf_353.jpg
train,not_cashew_leaf,3,/content/CashewData_Split/train/not_cashew_leaf/not_cashew_leaf_354.jpg
train,not_cashew_leaf,3,/content/CashewData_Split/train/not_cashew_leaf/not_cashew_leaf_355.jpg
train,not_cashew_leaf,3,/content/CashewData_Split/train/not_cashew_leaf/not_cashew_leaf_356.jpg
train,not_cashew_leaf,3,/content/CashewData_Split/train/not_cashew_leaf/not_cashew_leaf_357.jpg
train,not_cashew_leaf,3,/content/CashewData_Split/train/not_cashew_leaf/not_cashew_leaf_358.jpg
train,not_cashew_leaf,3,/content/CashewData_Split/train/not_cashew_leaf/not_cashew_leaf_359.jpg
train,not_cashew_leaf,3,/content/CashewData_Split/train/not_cashew_leaf/not_cashew_leaf_36.jpg
train,not_cashew_leaf,3,/content/CashewData_Split/train/not_cashew_leaf/not_cashew_leaf_360.jpg
train,not_cashew_leaf,3,/content/CashewData_Split/train/not_cashew_leaf/not_cashew_leaf_361.jpg
train,not_cashew_leaf,3,/content/CashewData_Split/train/not_cashew_leaf/not_cashew_leaf_362.jpg
train,not_cashew_leaf,3,/content/CashewData_Split/train/not_cashew_leaf/not_cashew_leaf_363.jpg
train,not_cashew_leaf,3,/content/CashewData_Split/train/not_cashew_leaf/not_cashew_leaf_364.jpg
train,not_cashew_leaf,3,/content/CashewData_Split/train/not_cashew_leaf/not_cashew_leaf_365.jpg
train,not_cashew_leaf,3,/content/CashewData_Split/train/not_cashew_leaf/not_cashew_leaf_366.jpg
train,not_cashew_leaf,3,/content/CashewData_Split/train/not_cashew_leaf/not_cashew_leaf_367.jpg
train,not_cashew_leaf,3,/content/CashewData_Split/train/not_cashew_leaf/not_cashew_leaf_368.jpg
train,not_cashew_leaf,3,/content/CashewData_Split/train/not_cashew_leaf/not_cashew_leaf_369.jpg
train,not_cashew_leaf,3,/content/CashewData_Split/train/not_cashew_leaf/not_cashew_leaf_37.jpg
train,not_cashew_leaf,3,/content/CashewData_Split/train/not_cashew_leaf/not_cashew_leaf_370.jpg
train,not_cashew_leaf,3,/content/CashewData_Split/train/not_cashew_leaf/not_cashew_leaf_371.jpg
train,not_cashew_leaf,3,/content/CashewData_Split/train/not_cashew_leaf/not_cashew_leaf_372.jpg
train,not_cashew_leaf,3,/content/CashewData_Split/train/not_cashew_leaf/not_cashew_leaf_373.jpg
train,not_cashew_leaf,3,/content/CashewData_Split/train/not_cashew_leaf/not_cashew_leaf_374.jpg
train,not_cashew_leaf,3,/content/CashewData_Split/train/not_cashew_leaf/not_cashew_leaf_375.jpg
train,not_cashew_leaf,3,/content/CashewData_Split/train/not_cashew_leaf/not_cashew_leaf_376.jpg
train,not_cashew_leaf,3,/content/CashewData_Split/train/not_cashew_leaf/not_cashew_leaf_377.jpg
train,not_cashew_leaf,3,/content/CashewData_Split/train/not_cashew_leaf/not_cashew_leaf_378.jpg
train,not_cashew_leaf,3,/content/CashewData_Split/train/not_cashew_leaf/not_cashew_leaf_379.jpg
train,not_cashew_leaf,3,/content/CashewData_Split/train/not_cashew_leaf/not_cashew_leaf_38.jpg
train,not_cashew_leaf,3,/content/CashewData_Split/train/not_cashew_leaf/not_cashew_leaf_380.jpg
train,not_cashew_leaf,3,/content/CashewData_Split/train/not_cashew_leaf/not_cashew_leaf_381.jpg
train,not_cashew_leaf,3,/content/CashewData_Split/train/not_cashew_leaf/not_cashew_leaf_382.jpg
train,not_cashew_leaf,3,/content/CashewData_Split/train/not_cashew_leaf/not_cashew_leaf_383.jpg
train,not_cashew_leaf,3,/content/CashewData_Split/train/not_cashew_leaf/not_cashew_leaf_384.jpg
train,not_cashew_leaf,3,/content/CashewData_Split/train/not_cashew_leaf/not_cashew_leaf_385.jpg
train,not_cashew_leaf,3,/content/CashewData_Split/train/not_cashew_leaf/not_cashew_leaf_386.jpg
train,not_cashew_leaf,3,/content/CashewData_Split/train/not_cashew_leaf/not_cashew_leaf_387.JPG
train,not_cashew_leaf,3,/content/CashewData_Split/train/not_cashew_leaf/not_cashew_leaf_388.jpg
train,not_cashew_leaf,3,/content/CashewData_Split/train/not_cashew_leaf/not_cashew_leaf_389.jpg
train,not_cashew_leaf,3,/content/CashewData_Split/train/not_cashew_leaf/not_cashew_leaf_39.jpg
train,not_cashew_leaf,3,/content/CashewData_Split/train/not_cashew_leaf/not_cashew_leaf_390.jpg
train,not_cashew_leaf,3,/content/CashewData_Split/train/not_cashew_leaf/not_cashew_leaf_391.jpg
train,not_cashew_leaf,3,/content/CashewData_Split/train/not_cashew_leaf/not_cashew_leaf_392.jpg
train,not_cashew_leaf,3,/content/CashewData_Split/train/not_cashew_leaf/not_cashew_leaf_393.jpg
train,not_cashew_leaf,3,/content/CashewData_Split/train/not_cashew_leaf/not_cashew_leaf_394.jpg
train,not_cashew_leaf,3,/content/CashewData_Split/train/not_cashew_leaf/not_cashew_leaf_395.jpg
train,not_cashew_leaf,3,/content/CashewData_Split/train/not_cashew_leaf/not_cashew_leaf_396.jpg
train,not_cashew_leaf,3,/content/CashewData_Split/train/not_cashew_leaf/not_cashew_leaf_397.jpg
train,not_cashew_leaf,3,/content/CashewData_Split/train/not_cashew_leaf/not_cashew_leaf_398.jpg
train,not_cashew_leaf,3,/content/CashewData_Split/train/not_cashew_leaf/not_cashew_leaf_399.jpg
train,not_cashew_leaf,3,/content/CashewData_Split/train/not_cashew_leaf/not_cashew_leaf_4.jpg
train,not_cashew_leaf,3,/content/CashewData_Split/train/not_cashew_leaf/not_cashew_leaf_40.jpg
train,not_cashew_leaf,3,/content/CashewData_Split/train/not_cashew_leaf/not_cashew_leaf_400.jpg
train,not_cashew_leaf,3,/content/CashewData_Split/train/not_cashew_leaf/not_cashew_leaf_401.jpg
train,not_cashew_leaf,3,/content/CashewData_Split/train/not_cashew_leaf/not_cashew_leaf_402.jpg
train,not_cashew_leaf,3,/content/CashewData_Split/train/not_cashew_leaf/not_cashew_leaf_403.jpg
train,not_cashew_leaf,3,/content/CashewData_Split/train/not_cashew_leaf/not_cashew_leaf_404.jpg
train,not_cashew_leaf,3,/content/CashewData_Split/train/not_cashew_leaf/not_cashew_leaf_405.jpg
train,not_cashew_leaf,3,/content/CashewData_Split/train/not_cashew_leaf/not_cashew_leaf_406.jpg
train,not_cashew_leaf,3,/content/CashewData_Split/train/not_cashew_leaf/not_cashew_leaf_407.jpg
train,not_cashew_leaf,3,/content/CashewData_Split/train/not_cashew_leaf/not_cashew_leaf_408.jpg
train,not_cashew_leaf,3,/content/CashewData_Split/train/not_cashew_leaf/not_cashew_leaf_409.jpg
train,not_cashew_leaf,3,/content/CashewData_Split/train/not_cashew_leaf/not_cashew_leaf_41.jpg
train,not_cashew_leaf,3,/content/CashewData_Split/train/not_cashew_leaf/not_cashew_leaf_410.jpg
train,not_cashew_leaf,3,/content/CashewData_Split/train/not_cashew_leaf/not_cashew_leaf_411.jpg
train,not_cashew_leaf,3,/content/CashewData_Split/train/not_cashew_leaf/not_cashew_leaf_412.jpg
train,not_cashew_leaf,3,/content/CashewData_Split/train/not_cashew_leaf/not_cashew_leaf_413.jpg
train,not_cashew_leaf,3,/content/CashewData_Split/train/not_cashew_leaf/not_cashew_leaf_414.jpg
train,not_cashew_leaf,3,/content/CashewData_Split/train/not_cashew_leaf/not_cashew_leaf_415.jpg
train,not_cashew_leaf,3,/content/CashewData_Split/train/not_cashew_leaf/not_cashew_leaf_416.jpg
train,not_cashew_leaf,3,/content/CashewData_Split/train/not_cashew_leaf/not_cashew_leaf_417.jpg
train,not_cashew_leaf,3,/content/CashewData_Split/train/not_cashew_leaf/not_cashew_leaf_418.jpg
train,not_cashew_leaf,3,/content/CashewData_Split/train/not_cashew_leaf/not_cashew_leaf_419.jpg
train,not_cashew_leaf,3,/content/CashewData_Split/train/not_cashew_leaf/not_cashew_leaf_42.jpg
train,not_cashew_leaf,3,/content/CashewData_Split/train/not_cashew_leaf/not_cashew_leaf_420.jpg
train,not_cashew_leaf,3,/content/CashewData_Split/train/not_cashew_leaf/not_cashew_leaf_421.jpg
train,not_cashew_leaf,3,/content/CashewData_Split/train/not_cashew_leaf/not_cashew_leaf_422.jpg
train,not_cashew_leaf,3,/content/CashewData_Split/train/not_cashew_leaf/not_cashew_leaf_423.jpg
train,not_cashew_leaf,3,/content/CashewData_Split/train/not_cashew_leaf/not_cashew_leaf_424.jpg
train,not_cashew_leaf,3,/content/CashewData_Split/train/not_cashew_leaf/not_cashew_leaf_425.jpg
train,not_cashew_leaf,3,/content/CashewData_Split/train/not_cashew_leaf/not_cashew_leaf_426.jpg
train,not_cashew_leaf,3,/content/CashewData_Split/train/not_cashew_leaf/not_cashew_leaf_427.jpg
train,not_cashew_leaf,3,/content/CashewData_Split/train/not_cashew_leaf/not_cashew_leaf_428.jpg
train,not_cashew_leaf,3,/content/CashewData_Split/train/not_cashew_leaf/not_cashew_leaf_429.jpg
train,not_cashew_leaf,3,/content/CashewData_Split/train/not_cashew_leaf/not_cashew_leaf_43.jpg
train,not_cashew_leaf,3,/content/CashewData_Split/train/not_cashew_leaf/not_cashew_leaf_430.jpg
train,not_cashew_leaf,3,/content/CashewData_Split/train/not_cashew_leaf/not_cashew_leaf_431.jpg
train,not_cashew_leaf,3,/content/CashewData_Split/train/not_cashew_leaf/not_cashew_leaf_432.jpg
train,not_cashew_leaf,3,/content/CashewData_Split/train/not_cashew_leaf/not_cashew_leaf_433.jpg
train,not_cashew_leaf,3,/content/CashewData_Split/train/not_cashew_leaf/not_cashew_leaf_434.jpg
train,not_cashew_leaf,3,/content/CashewData_Split/train/not_cashew_leaf/not_cashew_leaf_435.jpg
train,not_cashew_leaf,3,/content/CashewData_Split/train/not_cashew_leaf/not_cashew_leaf_436.jpg
train,not_cashew_leaf,3,/content/CashewData_Split/train/not_cashew_leaf/not_cashew_leaf_437.jpg
train,not_cashew_leaf,3,/content/CashewData_Split/train/not_cashew_leaf/not_cashew_leaf_438.jpg
train,not_cashew_leaf,3,/content/CashewData_Split/train/not_cashew_leaf/not_cashew_leaf_439.jpg
train,not_cashew_leaf,3,/content/CashewData_Split/train/not_cashew_leaf/not_cashew_leaf_44.jpg
train,not_cashew_leaf,3,/content/CashewData_Split/train/not_cashew_leaf/not_cashew_leaf_440.jpg
train,not_cashew_leaf,3,/content/CashewData_Split/train/not_cashew_leaf/not_cashew_leaf_441.jpg
train,not_cashew_leaf,3,/content/CashewData_Split/train/not_cashew_leaf/not_cashew_leaf_442.jpg
train,not_cashew_leaf,3,/content/CashewData_Split/train/not_cashew_leaf/not_cashew_leaf_443.jpg
train,not_cashew_leaf,3,/content/CashewData_Split/train/not_cashew_leaf/not_cashew_leaf_444.jpg
train,not_cashew_leaf,3,/content/CashewData_Split/train/not_cashew_leaf/not_cashew_leaf_445.jpg
train,not_cashew_leaf,3,/content/CashewData_Split/train/not_cashew_leaf/not_cashew_leaf_446.jpg
train,not_cashew_leaf,3,/content/CashewData_Split/train/not_cashew_leaf/not_cashew_leaf_447.jpg
train,not_cashew_leaf,3,/content/CashewData_Split/train/not_cashew_leaf/not_cashew_leaf_448.jpg
train,not_cashew_leaf,3,/content/CashewData_Split/train/not_cashew_leaf/not_cashew_leaf_449.jpg
train,not_cashew_leaf,3,/content/CashewData_Split/train/not_cashew_leaf/not_cashew_leaf_45.jpg
train,not_cashew_leaf,3,/content/CashewData_Split/train/not_cashew_leaf/not_cashew_leaf_450.jpg
train,not_cashew_leaf,3,/content/CashewData_Split/train/not_cashew_leaf/not_cashew_leaf_451.jpg
train,not_cashew_leaf,3,/content/CashewData_Split/train/not_cashew_leaf/not_cashew_leaf_452.jpg
train,not_cashew_leaf,3,/content/CashewData_Split/train/not_cashew_leaf/not_cashew_leaf_453.jpg
train,not_cashew_leaf,3,/content/CashewData_Split/train/not_cashew_leaf/not_cashew_leaf_454.jpg
train,not_cashew_leaf,3,/content/CashewData_Split/train/not_cashew_leaf/not_cashew_leaf_455.jpg
train,not_cashew_leaf,3,/content/CashewData_Split/train/not_cashew_leaf/not_cashew_leaf_456.jpg
train,not_cashew_leaf,3,/content/CashewData_Split/train/not_cashew_leaf/not_cashew_leaf_457.jpg
train,not_cashew_leaf,3,/content/CashewData_Split/train/not_cashew_leaf/not_cashew_leaf_458.JPG
train,not_cashew_leaf,3,/content/CashewData_Split/train/not_cashew_leaf/not_cashew_leaf_459.jpg
train,not_cashew_leaf,3,/content/CashewData_Split/train/not_cashew_leaf/not_cashew_leaf_46.jpg
train,not_cashew_leaf,3,/content/CashewData_Split/train/not_cashew_leaf/not_cashew_leaf_460.jpg
train,not_cashew_leaf,3,/content/CashewData_Split/train/not_cashew_leaf/not_cashew_leaf_461.jpg
train,not_cashew_leaf,3,/content/CashewData_Split/train/not_cashew_leaf/not_cashew_leaf_462.jpg
train,not_cashew_leaf,3,/content/CashewData_Split/train/not_cashew_leaf/not_cashew_leaf_463.jpg
train,not_cashew_leaf,3,/content/CashewData_Split/train/not_cashew_leaf/not_cashew_leaf_464.jpg
train,not_cashew_leaf,3,/content/CashewData_Split/train/not_cashew_leaf/not_cashew_leaf_465.jpg
train,not_cashew_leaf,3,/content/CashewData_Split/train/not_cashew_leaf/not_cashew_leaf_466.jpg
train,not_cashew_leaf,3,/content/CashewData_Split/train/not_cashew_leaf/not_cashew_leaf_467.jpg
train,not_cashew_leaf,3,/content/CashewData_Split/train/not_cashew_leaf/not_cashew_leaf_468.jpg
train,not_cashew_leaf,3,/content/CashewData_Split/train/not_cashew_leaf/not_cashew_leaf_469.jpg
train,not_cashew_leaf,3,/content/CashewData_Split/train/not_cashew_leaf/not_cashew_leaf_47.jpg
train,not_cashew_leaf,3,/content/CashewData_Split/train/not_cashew_leaf/not_cashew_leaf_470.jpg
train,not_cashew_leaf,3,/content/CashewData_Split/train/not_cashew_leaf/not_cashew_leaf_471.jpg
train,not_cashew_leaf,3,/content/CashewData_Split/train/not_cashew_leaf/not_cashew_leaf_472.jpg
train,not_cashew_leaf,3,/content/CashewData_Split/train/not_cashew_leaf/not_cashew_leaf_473.jpg
train,not_cashew_leaf,3,/content/CashewData_Split/train/not_cashew_leaf/not_cashew_leaf_474.jpg
train,not_cashew_leaf,3,/content/CashewData_Split/train/not_cashew_leaf/not_cashew_leaf_475.jpg
train,not_cashew_leaf,3,/content/CashewData_Split/train/not_cashew_leaf/not_cashew_leaf_476.jpg
train,not_cashew_leaf,3,/content/CashewData_Split/train/not_cashew_leaf/not_cashew_leaf_477.jpg
train,not_cashew_leaf,3,/content/CashewData_Split/train/not_cashew_leaf/not_cashew_leaf_478.jpg
train,not_cashew_leaf,3,/content/CashewData_Split/train/not_cashew_leaf/not_cashew_leaf_479.jpg
train,not_cashew_leaf,3,/content/CashewData_Split/train/not_cashew_leaf/not_cashew_leaf_48.jpg
train,not_cashew_leaf,3,/content/CashewData_Split/train/not_cashew_leaf/not_cashew_leaf_480.jpg
train,not_cashew_leaf,3,/content/CashewData_Split/train/not_cashew_leaf/not_cashew_leaf_481.jpg
train,not_cashew_leaf,3,/content/CashewData_Split/train/not_cashew_leaf/not_cashew_leaf_482.jpg
train,not_cashew_leaf,3,/content/CashewData_Split/train/not_cashew_leaf/not_cashew_leaf_483.jpg
train,not_cashew_leaf,3,/content/CashewData_Split/train/not_cashew_leaf/not_cashew_leaf_484.jpg
train,not_cashew_leaf,3,/content/CashewData_Split/train/not_cashew_leaf/not_cashew_leaf_485.jpg
train,not_cashew_leaf,3,/content/CashewData_Split/train/not_cashew_leaf/not_cashew_leaf_486.jpg
train,not_cashew_leaf,3,/content/CashewData_Split/train/not_cashew_leaf/not_cashew_leaf_487.jpg
train,not_cashew_leaf,3,/content/CashewData_Split/train/not_cashew_leaf/not_cashew_leaf_488.jpg
train,not_cashew_leaf,3,/content/CashewData_Split/train/not_cashew_leaf/not_cashew_leaf_489.jpg
train,not_cashew_leaf,3,/content/CashewData_Split/train/not_cashew_leaf/not_cashew_leaf_49.jpg
train,not_cashew_leaf,3,/content/CashewData_Split/train/not_cashew_leaf/not_cashew_leaf_490.jpg
train,not_cashew_leaf,3,/content/CashewData_Split/train/not_cashew_leaf/not_cashew_leaf_491.jpg
train,not_cashew_leaf,3,/content/CashewData_Split/train/not_cashew_leaf/not_cashew_leaf_492.jpg
train,not_cashew_leaf,3,/content/CashewData_Split/train/not_cashew_leaf/not_cashew_leaf_493.jpg
train,not_cashew_leaf,3,/content/CashewData_Split/train/not_cashew_leaf/not_cashew_leaf_494.jpg
train,not_cashew_leaf,3,/content/CashewData_Split/train/not_cashew_leaf/not_cashew_leaf_495.jpg
train,not_cashew_leaf,3,/content/CashewData_Split/train/not_cashew_leaf/not_cashew_leaf_496.jpg
train,not_cashew_leaf,3,/content/CashewData_Split/train/not_cashew_leaf/not_cashew_leaf_497.jpg
train,not_cashew_leaf,3,/content/CashewData_Split/train/not_cashew_leaf/not_cashew_leaf_498.jpg
train,not_cashew_leaf,3,/content/CashewData_Split/train/not_cashew_leaf/not_cashew_leaf_499.jpg
train,not_cashew_leaf,3,/content/CashewData_Split/train/not_cashew_leaf/not_cashew_leaf_5.jpg
train,not_cashew_leaf,3,/content/CashewData_Split/train/not_cashew_leaf/not_cashew_leaf_50.jpg
train,not_cashew_leaf,3,/content/CashewData_Split/train/not_cashew_leaf/not_cashew_leaf_500.jpg
train,not_cashew_leaf,3,/content/CashewData_Split/train/not_cashew_leaf/not_cashew_leaf_501.jpg
train,not_cashew_leaf,3,/content/CashewData_Split/train/not_cashew_leaf/not_cashew_leaf_502.jpg
train,not_cashew_leaf,3,/content/CashewData_Split/train/not_cashew_leaf/not_cashew_leaf_503.jpg
train,not_cashew_leaf,3,/content/CashewData_Split/train/not_cashew_leaf/not_cashew_leaf_504.jpg
train,not_cashew_leaf,3,/content/CashewData_Split/train/not_cashew_leaf/not_cashew_leaf_505.jpg
train,not_cashew_leaf,3,/content/CashewData_Split/train/not_cashew_leaf/not_cashew_leaf_506.jpg
train,not_cashew_leaf,3,/content/CashewData_Split/train/not_cashew_leaf/not_cashew_leaf_507.jpg
train,not_cashew_leaf,3,/content/CashewData_Split/train/not_cashew_leaf/not_cashew_leaf_508.jpg
train,not_cashew_leaf,3,/content/CashewData_Split/train/not_cashew_leaf/not_cashew_leaf_509.jpg
train,not_cashew_leaf,3,/content/CashewData_Split/train/not_cashew_leaf/not_cashew_leaf_51.jpg
train,not_cashew_leaf,3,/content/CashewData_Split/train/not_cashew_leaf/not_cashew_leaf_510.jpg
train,not_cashew_leaf,3,/content/CashewData_Split/train/not_cashew_leaf/not_cashew_leaf_511.jpg
train,not_cashew_leaf,3,/content/CashewData_Split/train/not_cashew_leaf/not_cashew_leaf_512.jpg
train,not_cashew_leaf,3,/content/CashewData_Split/train/not_cashew_leaf/not_cashew_leaf_513.jpg
train,not_cashew_leaf,3,/content/CashewData_Split/train/not_cashew_leaf/not_cashew_leaf_514.jpg
train,not_cashew_leaf,3,/content/CashewData_Split/train/not_cashew_leaf/not_cashew_leaf_515.jpg
train,not_cashew_leaf,3,/content/CashewData_Split/train/not_cashew_leaf/not_cashew_leaf_516.jpg
train,not_cashew_leaf,3,/content/CashewData_Split/train/not_cashew_leaf/not_cashew_leaf_517.jpg
train,not_cashew_leaf,3,/content/CashewData_Split/train/not_cashew_leaf/not_cashew_leaf_518.jpg
train,not_cashew_leaf,3,/content/CashewData_Split/train/not_cashew_leaf/not_cashew_leaf_519.jpg
train,not_cashew_leaf,3,/content/CashewData_Split/train/not_cashew_leaf/not_cashew_leaf_52.jpg
train,not_cashew_leaf,3,/content/CashewData_Split/train/not_cashew_leaf/not_cashew_leaf_520.jpg
train,not_cashew_leaf,3,/content/CashewData_Split/train/not_cashew_leaf/not_cashew_leaf_521.jpg
train,not_cashew_leaf,3,/content/CashewData_Split/train/not_cashew_leaf/not_cashew_leaf_522.jpg
train,not_cashew_leaf,3,/content/CashewData_Split/train/not_cashew_leaf/not_cashew_leaf_523.jpg
train,not_cashew_leaf,3,/content/CashewData_Split/train/not_cashew_leaf/not_cashew_leaf_524.jpg
train,not_cashew_leaf,3,/content/CashewData_Split/train/not_cashew_leaf/not_cashew_leaf_525.jpg
train,not_cashew_leaf,3,/content/CashewData_Split/train/not_cashew_leaf/not_cashew_leaf_526.jpg
train,not_cashew_leaf,3,/content/CashewData_Split/train/not_cashew_leaf/not_cashew_leaf_527.jpg
train,not_cashew_leaf,3,/content/CashewData_Split/train/not_cashew_leaf/not_cashew_leaf_528.jpg
train,not_cashew_leaf,3,/content/CashewData_Split/train/not_cashew_leaf/not_cashew_leaf_529.jpg
train,not_cashew_leaf,3,/content/CashewData_Split/train/not_cashew_leaf/not_cashew_leaf_53.jpg
train,not_cashew_leaf,3,/content/CashewData_Split/train/not_cashew_leaf/not_cashew_leaf_530.jpg
train,not_cashew_leaf,3,/content/CashewData_Split/train/not_cashew_leaf/not_cashew_leaf_531.jpg
train,not_cashew_leaf,3,/content/CashewData_Split/train/not_cashew_leaf/not_cashew_leaf_532.jpg
train,not_cashew_leaf,3,/content/CashewData_Split/train/not_cashew_leaf/not_cashew_leaf_533.jpg
train,not_cashew_leaf,3,/content/CashewData_Split/train/not_cashew_leaf/not_cashew_leaf_534.jpg
train,not_cashew_leaf,3,/content/CashewData_Split/train/not_cashew_leaf/not_cashew_leaf_535.jpg
train,not_cashew_leaf,3,/content/CashewData_Split/train/not_cashew_leaf/not_cashew_leaf_536.jpg
train,not_cashew_leaf,3,/content/CashewData_Split/train/not_cashew_leaf/not_cashew_leaf_537.jpg
train,not_cashew_leaf,3,/content/CashewData_Split/train/not_cashew_leaf/not_cashew_leaf_538.jpg
train,not_cashew_leaf,3,/content/CashewData_Split/train/not_cashew_leaf/not_cashew_leaf_539.jpg
train,not_cashew_leaf,3,/content/CashewData_Split/train/not_cashew_leaf/not_cashew_leaf_54.jpg
train,not_cashew_leaf,3,/content/CashewData_Split/train/not_cashew_leaf/not_cashew_leaf_540.jpg
train,not_cashew_leaf,3,/content/CashewData_Split/train/not_cashew_leaf/not_cashew_leaf_541.jpg
train,not_cashew_leaf,3,/content/CashewData_Split/train/not_cashew_leaf/not_cashew_leaf_542.jpg
train,not_cashew_leaf,3,/content/CashewData_Split/train/not_cashew_leaf/not_cashew_leaf_543.jpg
train,not_cashew_leaf,3,/content/CashewData_Split/train/not_cashew_leaf/not_cashew_leaf_544.jpg
train,not_cashew_leaf,3,/content/CashewData_Split/train/not_cashew_leaf/not_cashew_leaf_545.jpg
train,not_cashew_leaf,3,/content/CashewData_Split/train/not_cashew_leaf/not_cashew_leaf_546.jpg
train,not_cashew_leaf,3,/content/CashewData_Split/train/not_cashew_leaf/not_cashew_leaf_547.jpg
train,not_cashew_leaf,3,/content/CashewData_Split/train/not_cashew_leaf/not_cashew_leaf_548.jpg
train,not_cashew_leaf,3,/content/CashewData_Split/train/not_cashew_leaf/not_cashew_leaf_549.jpg
train,not_cashew_leaf,3,/content/CashewData_Split/train/not_cashew_leaf/not_cashew_leaf_55.jpg
train,not_cashew_leaf,3,/content/CashewData_Split/train/not_cashew_leaf/not_cashew_leaf_550.jpg
train,not_cashew_leaf,3,/content/CashewData_Split/train/not_cashew_leaf/not_cashew_leaf_551.jpg
train,not_cashew_leaf,3,/content/CashewData_Split/train/not_cashew_leaf/not_cashew_leaf_552.jpg
train,not_cashew_leaf,3,/content/CashewData_Split/train/not_cashew_leaf/not_cashew_leaf_553.jpg
train,not_cashew_leaf,3,/content/CashewData_Split/train/not_cashew_leaf/not_cashew_leaf_554.jpg
train,not_cashew_leaf,3,/content/CashewData_Split/train/not_cashew_leaf/not_cashew_leaf_555.JPG
train,not_cashew_leaf,3,/content/CashewData_Split/train/not_cashew_leaf/not_cashew_leaf_556.jpg
train,not_cashew_leaf,3,/content/CashewData_Split/train/not_cashew_leaf/not_cashew_leaf_557.jpg
train,not_cashew_leaf,3,/content/CashewData_Split/train/not_cashew_leaf/not_cashew_leaf_558.jpg
train,not_cashew_leaf,3,/content/CashewData_Split/train/not_cashew_leaf/not_cashew_leaf_559.jpg
train,not_cashew_leaf,3,/content/CashewData_Split/train/not_cashew_leaf/not_cashew_leaf_56.jpg
train,not_cashew_leaf,3,/content/CashewData_Split/train/not_cashew_leaf/not_cashew_leaf_560.jpg
train,not_cashew_leaf,3,/content/CashewData_Split/train/not_cashew_leaf/not_cashew_leaf_561.jpg
train,not_cashew_leaf,3,/content/CashewData_Split/train/not_cashew_leaf/not_cashew_leaf_562.jpg
train,not_cashew_leaf,3,/content/CashewData_Split/train/not_cashew_leaf/not_cashew_leaf_563.jpg
train,not_cashew_leaf,3,/content/CashewData_Split/train/not_cashew_leaf/not_cashew_leaf_564.jpg
train,not_cashew_leaf,3,/content/CashewData_Split/train/not_cashew_leaf/not_cashew_leaf_565.jpg
train,not_cashew_leaf,3,/content/CashewData_Split/train/not_cashew_leaf/not_cashew_leaf_566.jpg
train,not_cashew_leaf,3,/content/CashewData_Split/train/not_cashew_leaf/not_cashew_leaf_567.jpg
train,not_cashew_leaf,3,/content/CashewData_Split/train/not_cashew_leaf/not_cashew_leaf_568.jpg
train,not_cashew_leaf,3,/content/CashewData_Split/train/not_cashew_leaf/not_cashew_leaf_569.jpg
train,not_cashew_leaf,3,/content/CashewData_Split/train/not_cashew_leaf/not_cashew_leaf_57.jpg
train,not_cashew_leaf,3,/content/CashewData_Split/train/not_cashew_leaf/not_cashew_leaf_570.jpg
train,not_cashew_leaf,3,/content/CashewData_Split/train/not_cashew_leaf/not_cashew_leaf_571.jpg
train,not_cashew_leaf,3,/content/CashewData_Split/train/not_cashew_leaf/not_cashew_leaf_572.jpg
train,not_cashew_leaf,3,/content/CashewData_Split/train/not_cashew_leaf/not_cashew_leaf_573.jpg
train,not_cashew_leaf,3,/content/CashewData_Split/train/not_cashew_leaf/not_cashew_leaf_574.jpg
train,not_cashew_leaf,3,/content/CashewData_Split/train/not_cashew_leaf/not_cashew_leaf_575.jpg
train,not_cashew_leaf,3,/content/CashewData_Split/train/not_cashew_leaf/not_cashew_leaf_576.jpg
train,not_cashew_leaf,3,/content/CashewData_Split/train/not_cashew_leaf/not_cashew_leaf_577.jpg
train,not_cashew_leaf,3,/content/CashewData_Split/train/not_cashew_leaf/not_cashew_leaf_578.jpg
train,not_cashew_leaf,3,/content/CashewData_Split/train/not_cashew_leaf/not_cashew_leaf_579.jpg
train,not_cashew_leaf,3,/content/CashewData_Split/train/not_cashew_leaf/not_cashew_leaf_58.jpg
train,not_cashew_leaf,3,/content/CashewData_Split/train/not_cashew_leaf/not_cashew_leaf_580.jpg
train,not_cashew_leaf,3,/content/CashewData_Split/train/not_cashew_leaf/not_cashew_leaf_581.jpg
train,not_cashew_leaf,3,/content/CashewData_Split/train/not_cashew_leaf/not_cashew_leaf_582.jpg
train,not_cashew_leaf,3,/content/CashewData_Split/train/not_cashew_leaf/not_cashew_leaf_583.jpg
train,not_cashew_leaf,3,/content/CashewData_Split/train/not_cashew_leaf/not_cashew_leaf_584.jpg
train,not_cashew_leaf,3,/content/CashewData_Split/train/not_cashew_leaf/not_cashew_leaf_585.jpg
train,not_cashew_leaf,3,/content/CashewData_Split/train/not_cashew_leaf/not_cashew_leaf_586.jpg
train,not_cashew_leaf,3,/content/CashewData_Split/train/not_cashew_leaf/not_cashew_leaf_587.jpg
train,not_cashew_leaf,3,/content/CashewData_Split/train/not_cashew_leaf/not_cashew_leaf_588.jpg
train,not_cashew_leaf,3,/content/CashewData_Split/train/not_cashew_leaf/not_cashew_leaf_589.jpg
train,not_cashew_leaf,3,/content/CashewData_Split/train/not_cashew_leaf/not_cashew_leaf_59.jpg
train,not_cashew_leaf,3,/content/CashewData_Split/train/not_cashew_leaf/not_cashew_leaf_590.jpg
train,not_cashew_leaf,3,/content/CashewData_Split/train/not_cashew_leaf/not_cashew_leaf_591.jpg
train,not_cashew_leaf,3,/content/CashewData_Split/train/not_cashew_leaf/not_cashew_leaf_592.jpg
train,not_cashew_leaf,3,/content/CashewData_Split/train/not_cashew_leaf/not_cashew_leaf_593.jpg
train,not_cashew_leaf,3,/content/CashewData_Split/train/not_cashew_leaf/not_cashew_leaf_594.jpg
train,not_cashew_leaf,3,/content/CashewData_Split/train/not_cashew_leaf/not_cashew_leaf_595.jpg
train,not_cashew_leaf,3,/content/CashewData_Split/train/not_cashew_leaf/not_cashew_leaf_596.jpg
train,not_cashew_leaf,3,/content/CashewData_Split/train/not_cashew_leaf/not_cashew_leaf_597.jpg
train,not_cashew_leaf,3,/content/CashewData_Split/train/not_cashew_leaf/not_cashew_leaf_598.jpg
train,not_cashew_leaf,3,/content/CashewData_Split/train/not_cashew_leaf/not_cashew_leaf_599.jpg
train,not_cashew_leaf,3,/content/CashewData_Split/train/not_cashew_leaf/not_cashew_leaf_6.jpg
train,not_cashew_leaf,3,/content/CashewData_Split/train/not_cashew_leaf/not_cashew_leaf_60.jpg
train,not_cashew_leaf,3,/content/CashewData_Split/train/not_cashew_leaf/not_cashew_leaf_600.jpg
train,not_cashew_leaf,3,/content/CashewData_Split/train/not_cashew_leaf/not_cashew_leaf_601.jpg
train,not_cashew_leaf,3,/content/CashewData_Split/train/not_cashew_leaf/not_cashew_leaf_602.jpg
train,not_cashew_leaf,3,/content/CashewData_Split/train/not_cashew_leaf/not_cashew_leaf_603.jpg
train,not_cashew_leaf,3,/content/CashewData_Split/train/not_cashew_leaf/not_cashew_leaf_604.jpg
train,not_cashew_leaf,3,/content/CashewData_Split/train/not_cashew_leaf/not_cashew_leaf_605.jpg
train,not_cashew_leaf,3,/content/CashewData_Split/train/not_cashew_leaf/not_cashew_leaf_606.jpg
train,not_cashew_leaf,3,/content/CashewData_Split/train/not_cashew_leaf/not_cashew_leaf_607.jpg
train,not_cashew_leaf,3,/content/CashewData_Split/train/not_cashew_leaf/not_cashew_leaf_608.jpg
train,not_cashew_leaf,3,/content/CashewData_Split/train/not_cashew_leaf/not_cashew_leaf_609.jpg
train,not_cashew_leaf,3,/content/CashewData_Split/train/not_cashew_leaf/not_cashew_leaf_61.jpg
train,not_cashew_leaf,3,/content/CashewData_Split/train/not_cashew_leaf/not_cashew_leaf_610.jpg
train,not_cashew_leaf,3,/content/CashewData_Split/train/not_cashew_leaf/not_cashew_leaf_611.jpg
train,not_cashew_leaf,3,/content/CashewData_Split/train/not_cashew_leaf/not_cashew_leaf_612.jpg
train,not_cashew_leaf,3,/content/CashewData_Split/train/not_cashew_leaf/not_cashew_leaf_613.jpg
train,not_cashew_leaf,3,/content/CashewData_Split/train/not_cashew_leaf/not_cashew_leaf_614.jpg
train,not_cashew_leaf,3,/content/CashewData_Split/train/not_cashew_leaf/not_cashew_leaf_615.jpg
train,not_cashew_leaf,3,/content/CashewData_Split/train/not_cashew_leaf/not_cashew_leaf_616.jpg
train,not_cashew_leaf,3,/content/CashewData_Split/train/not_cashew_leaf/not_cashew_leaf_617.jpg
train,not_cashew_leaf,3,/content/CashewData_Split/train/not_cashew_leaf/not_cashew_leaf_618.jpg
train,not_cashew_leaf,3,/content/CashewData_Split/train/not_cashew_leaf/not_cashew_leaf_619.jpg
train,not_cashew_leaf,3,/content/CashewData_Split/train/not_cashew_leaf/not_cashew_leaf_62.jpg
train,not_cashew_leaf,3,/content/CashewData_Split/train/not_cashew_leaf/not_cashew_leaf_620.jpg
train,not_cashew_leaf,3,/content/CashewData_Split/train/not_cashew_leaf/not_cashew_leaf_621.jpg
train,not_cashew_leaf,3,/content/CashewData_Split/train/not_cashew_leaf/not_cashew_leaf_622.jpg
train,not_cashew_leaf,3,/content/CashewData_Split/train/not_cashew_leaf/not_cashew_leaf_623.jpg
train,not_cashew_leaf,3,/content/CashewData_Split/train/not_cashew_leaf/not_cashew_leaf_624.jpg
train,not_cashew_leaf,3,/content/CashewData_Split/train/not_cashew_leaf/not_cashew_leaf_625.jpg
train,not_cashew_leaf,3,/content/CashewData_Split/train/not_cashew_leaf/not_cashew_leaf_626.jpg
train,not_cashew_leaf,3,/content/CashewData_Split/train/not_cashew_leaf/not_cashew_leaf_627.jpg
train,not_cashew_leaf,3,/content/CashewData_Split/train/not_cashew_leaf/not_cashew_leaf_628.jpg
train,not_cashew_leaf,3,/content/CashewData_Split/train/not_cashew_leaf/not_cashew_leaf_629.jpg
train,not_cashew_leaf,3,/content/CashewData_Split/train/not_cashew_leaf/not_cashew_leaf_63.jpg
train,not_cashew_leaf,3,/content/CashewData_Split/train/not_cashew_leaf/not_cashew_leaf_630.jpg
train,not_cashew_leaf,3,/content/CashewData_Split/train/not_cashew_leaf/not_cashew_leaf_631.jpg
train,not_cashew_leaf,3,/content/CashewData_Split/train/not_cashew_leaf/not_cashew_leaf_632.jpg
train,not_cashew_leaf,3,/content/CashewData_Split/train/not_cashew_leaf/not_cashew_leaf_633.jpg
train,not_cashew_leaf,3,/content/CashewData_Split/train/not_cashew_leaf/not_cashew_leaf_634.jpg
train,not_cashew_leaf,3,/content/CashewData_Split/train/not_cashew_leaf/not_cashew_leaf_635.jpg
train,not_cashew_leaf,3,/content/CashewData_Split/train/not_cashew_leaf/not_cashew_leaf_636.jpg
train,not_cashew_leaf,3,/content/CashewData_Split/train/not_cashew_leaf/not_cashew_leaf_637.jpg
train,not_cashew_leaf,3,/content/CashewData_Split/train/not_cashew_leaf/not_cashew_leaf_638.jpg
train,not_cashew_leaf,3,/content/CashewData_Split/train/not_cashew_leaf/not_cashew_leaf_639.jpg
train,not_cashew_leaf,3,/content/CashewData_Split/train/not_cashew_leaf/not_cashew_leaf_64.jpg
train,not_cashew_leaf,3,/content/CashewData_Split/train/not_cashew_leaf/not_cashew_leaf_640.jpg
train,not_cashew_leaf,3,/content/CashewData_Split/train/not_cashew_leaf/not_cashew_leaf_641.jpg
train,not_cashew_leaf,3,/content/CashewData_Split/train/not_cashew_leaf/not_cashew_leaf_642.jpg
train,not_cashew_leaf,3,/content/CashewData_Split/train/not_cashew_leaf/not_cashew_leaf_643.jpg
train,not_cashew_leaf,3,/content/CashewData_Split/train/not_cashew_leaf/not_cashew_leaf_644.jpg
train,not_cashew_leaf,3,/content/CashewData_Split/train/not_cashew_leaf/not_cashew_leaf_645.jpg
train,not_cashew_leaf,3,/content/CashewData_Split/train/not_cashew_leaf/not_cashew_leaf_646.jpg
train,not_cashew_leaf,3,/content/CashewData_Split/train/not_cashew_leaf/not_cashew_leaf_647.jpg
train,not_cashew_leaf,3,/content/CashewData_Split/train/not_cashew_leaf/not_cashew_leaf_648.jpg
train,not_cashew_leaf,3,/content/CashewData_Split/train/not_cashew_leaf/not_cashew_leaf_649.jpg
train,not_cashew_leaf,3,/content/CashewData_Split/train/not_cashew_leaf/not_cashew_leaf_65.jpg
train,not_cashew_leaf,3,/content/CashewData_Split/train/not_cashew_leaf/not_cashew_leaf_650.jpg
train,not_cashew_leaf,3,/content/CashewData_Split/train/not_cashew_leaf/not_cashew_leaf_651.jpg
train,not_cashew_leaf,3,/content/CashewData_Split/train/not_cashew_leaf/not_cashew_leaf_652.jpg
train,not_cashew_leaf,3,/content/CashewData_Split/train/not_cashew_leaf/not_cashew_leaf_653.jpg
train,not_cashew_leaf,3,/content/CashewData_Split/train/not_cashew_leaf/not_cashew_leaf_654.jpg
train,not_cashew_leaf,3,/content/CashewData_Split/train/not_cashew_leaf/not_cashew_leaf_655.jpg
train,not_cashew_leaf,3,/content/CashewData_Split/train/not_cashew_leaf/not_cashew_leaf_656.JPG
train,not_cashew_leaf,3,/content/CashewData_Split/train/not_cashew_leaf/not_cashew_leaf_657.jpg
train,not_cashew_leaf,3,/content/CashewData_Split/train/not_cashew_leaf/not_cashew_leaf_658.jpg
train,not_cashew_leaf,3,/content/CashewData_Split/train/not_cashew_leaf/not_cashew_leaf_659.jpg
train,not_cashew_leaf,3,/content/CashewData_Split/train/not_cashew_leaf/not_cashew_leaf_66.jpg
train,not_cashew_leaf,3,/content/CashewData_Split/train/not_cashew_leaf/not_cashew_leaf_660.jpg
train,not_cashew_leaf,3,/content/CashewData_Split/train/not_cashew_leaf/not_cashew_leaf_661.jpg
train,not_cashew_leaf,3,/content/CashewData_Split/train/not_cashew_leaf/not_cashew_leaf_662.jpg
train,not_cashew_leaf,3,/content/CashewData_Split/train/not_cashew_leaf/not_cashew_leaf_663.jpg
train,not_cashew_leaf,3,/content/CashewData_Split/train/not_cashew_leaf/not_cashew_leaf_664.jpg
train,not_cashew_leaf,3,/content/CashewData_Split/train/not_cashew_leaf/not_cashew_leaf_665.jpg
train,not_cashew_leaf,3,/content/CashewData_Split/train/not_cashew_leaf/not_cashew_leaf_666.jpg
train,not_cashew_leaf,3,/content/CashewData_Split/train/not_cashew_leaf/not_cashew_leaf_667.jpg
train,not_cashew_leaf,3,/content/CashewData_Split/train/not_cashew_leaf/not_cashew_leaf_668.jpg
train,not_cashew_leaf,3,/content/CashewData_Split/train/not_cashew_leaf/not_cashew_leaf_669.jpg
train,not_cashew_leaf,3,/content/CashewData_Split/train/not_cashew_leaf/not_cashew_leaf_67.jpg
train,not_cashew_leaf,3,/content/CashewData_Split/train/not_cashew_leaf/not_cashew_leaf_670.jpg
train,not_cashew_leaf,3,/content/CashewData_Split/train/not_cashew_leaf/not_cashew_leaf_671.jpg
train,not_cashew_leaf,3,/content/CashewData_Split/train/not_cashew_leaf/not_cashew_leaf_672.jpg
train,not_cashew_leaf,3,/content/CashewData_Split/train/not_cashew_leaf/not_cashew_leaf_673.jpg
train,not_cashew_leaf,3,/content/CashewData_Split/train/not_cashew_leaf/not_cashew_leaf_674.jpg
train,not_cashew_leaf,3,/content/CashewData_Split/train/not_cashew_leaf/not_cashew_leaf_675.jpg
train,not_cashew_leaf,3,/content/CashewData_Split/train/not_cashew_leaf/not_cashew_leaf_676.jpg
train,not_cashew_leaf,3,/content/CashewData_Split/train/not_cashew_leaf/not_cashew_leaf_677.jpg
train,not_cashew_leaf,3,/content/CashewData_Split/train/not_cashew_leaf/not_cashew_leaf_678.jpg
train,not_cashew_leaf,3,/content/CashewData_Split/train/not_cashew_leaf/not_cashew_leaf_679.jpg
train,not_cashew_leaf,3,/content/CashewData_Split/train/not_cashew_leaf/not_cashew_leaf_68.jpg
train,not_cashew_leaf,3,/content/CashewData_Split/train/not_cashew_leaf/not_cashew_leaf_680.jpg
train,not_cashew_leaf,3,/content/CashewData_Split/train/not_cashew_leaf/not_cashew_leaf_681.JPG
train,not_cashew_leaf,3,/content/CashewData_Split/train/not_cashew_leaf/not_cashew_leaf_682.jpg
train,not_cashew_leaf,3,/content/CashewData_Split/train/not_cashew_leaf/not_cashew_leaf_683.jpg
train,not_cashew_leaf,3,/content/CashewData_Split/train/not_cashew_leaf/not_cashew_leaf_684.jpg
train,not_cashew_leaf,3,/content/CashewData_Split/train/not_cashew_leaf/not_cashew_leaf_685.jpg
train,not_cashew_leaf,3,/content/CashewData_Split/train/not_cashew_leaf/not_cashew_leaf_686.jpg
train,not_cashew_leaf,3,/content/CashewData_Split/train/not_cashew_leaf/not_cashew_leaf_687.jpg
train,not_cashew_leaf,3,/content/CashewData_Split/train/not_cashew_leaf/not_cashew_leaf_688.jpg
train,not_cashew_leaf,3,/content/CashewData_Split/train/not_cashew_leaf/not_cashew_leaf_689.jpg
train,not_cashew_leaf,3,/content/CashewData_Split/train/not_cashew_leaf/not_cashew_leaf_69.jpg
train,not_cashew_leaf,3,/content/CashewData_Split/train/not_cashew_leaf/not_cashew_leaf_690.jpg
train,not_cashew_leaf,3,/content/CashewData_Split/train/not_cashew_leaf/not_cashew_leaf_691.jpg
train,not_cashew_leaf,3,/content/CashewData_Split/train/not_cashew_leaf/not_cashew_leaf_692.jpg
train,not_cashew_leaf,3,/content/CashewData_Split/train/not_cashew_leaf/not_cashew_leaf_693.jpg
train,not_cashew_leaf,3,/content/CashewData_Split/train/not_cashew_leaf/not_cashew_leaf_694.jpg
train,not_cashew_leaf,3,/content/CashewData_Split/train/not_cashew_leaf/not_cashew_leaf_695.jpg
train,not_cashew_leaf,3,/content/CashewData_Split/train/not_cashew_leaf/not_cashew_leaf_696.jpg
train,not_cashew_leaf,3,/content/CashewData_Split/train/not_cashew_leaf/not_cashew_leaf_697.jpg
train,not_cashew_leaf,3,/content/CashewData_Split/train/not_cashew_leaf/not_cashew_leaf_698.jpg
train,not_cashew_leaf,3,/content/CashewData_Split/train/not_cashew_leaf/not_cashew_leaf_699.jpg
train,not_cashew_leaf,3,/content/CashewData_Split/train/not_cashew_leaf/not_cashew_leaf_7.jpg
train,not_cashew_leaf,3,/content/CashewData_Split/train/not_cashew_leaf/not_cashew_leaf_70.jpg
train,not_cashew_leaf,3,/content/CashewData_Split/train/not_cashew_leaf/not_cashew_leaf_700.jpg
train,not_cashew_leaf,3,/content/CashewData_Split/train/not_cashew_leaf/not_cashew_leaf_701.jpg
train,not_cashew_leaf,3,/content/CashewData_Split/train/not_cashew_leaf/not_cashew_leaf_702.jpg
train,not_cashew_leaf,3,/content/CashewData_Split/train/not_cashew_leaf/not_cashew_leaf_703.jpg
train,not_cashew_leaf,3,/content/CashewData_Split/train/not_cashew_leaf/not_cashew_leaf_704.jpg
train,not_cashew_leaf,3,/content/CashewData_Split/train/not_cashew_leaf/not_cashew_leaf_705.jpg
train,not_cashew_leaf,3,/content/CashewData_Split/train/not_cashew_leaf/not_cashew_leaf_706.jpg
train,not_cashew_leaf,3,/content/CashewData_Split/train/not_cashew_leaf/not_cashew_leaf_707.jpg
train,not_cashew_leaf,3,/content/CashewData_Split/train/not_cashew_leaf/not_cashew_leaf_708.jpg
train,not_cashew_leaf,3,/content/CashewData_Split/train/not_cashew_leaf/not_cashew_leaf_709.jpg
train,not_cashew_leaf,3,/content/CashewData_Split/train/not_cashew_leaf/not_cashew_leaf_71.jpg
train,not_cashew_leaf,3,/content/CashewData_Split/train/not_cashew_leaf/not_cashew_leaf_710.jpg
train,not_cashew_leaf,3,/content/CashewData_Split/train/not_cashew_leaf/not_cashew_leaf_711.jpg
train,not_cashew_leaf,3,/content/CashewData_Split/train/not_cashew_leaf/not_cashew_leaf_712.jpg
train,not_cashew_leaf,3,/content/CashewData_Split/train/not_cashew_leaf/not_cashew_leaf_713.jpg
train,not_cashew_leaf,3,/content/CashewData_Split/train/not_cashew_leaf/not_cashew_leaf_714.jpg
train,not_cashew_leaf,3,/content/CashewData_Split/train/not_cashew_leaf/not_cashew_leaf_715.jpg
train,not_cashew_leaf,3,/content/CashewData_Split/train/not_cashew_leaf/not_cashew_leaf_716.jpg
train,not_cashew_leaf,3,/content/CashewData_Split/train/not_cashew_leaf/not_cashew_leaf_717.jpg
train,not_cashew_leaf,3,/content/CashewData_Split/train/not_cashew_leaf/not_cashew_leaf_718.jpg
train,not_cashew_leaf,3,/content/CashewData_Split/train/not_cashew_leaf/not_cashew_leaf_719.jpg
train,not_cashew_leaf,3,/content/CashewData_Split/train/not_cashew_leaf/not_cashew_leaf_72.jpg
train,not_cashew_leaf,3,/content/CashewData_Split/train/not_cashew_leaf/not_cashew_leaf_720.jpg
train,not_cashew_leaf,3,/content/CashewData_Split/train/not_cashew_leaf/not_cashew_leaf_721.jpg
train,not_cashew_leaf,3,/content/CashewData_Split/train/not_cashew_leaf/not_cashew_leaf_722.jpg
train,not_cashew_leaf,3,/content/CashewData_Split/train/not_cashew_leaf/not_cashew_leaf_723.jpg
train,not_cashew_leaf,3,/content/CashewData_Split/train/not_cashew_leaf/not_cashew_leaf_724.jpg
train,not_cashew_leaf,3,/content/CashewData_Split/train/not_cashew_leaf/not_cashew_leaf_725.jpg
train,not_cashew_leaf,3,/content/CashewData_Split/train/not_cashew_leaf/not_cashew_leaf_726.jpg
train,not_cashew_leaf,3,/content/CashewData_Split/train/not_cashew_leaf/not_cashew_leaf_727.jpg
train,not_cashew_leaf,3,/content/CashewData_Split/train/not_cashew_leaf/not_cashew_leaf_728.jpg
train,not_cashew_leaf,3,/content/CashewData_Split/train/not_cashew_leaf/not_cashew_leaf_729.jpg
train,not_cashew_leaf,3,/content/CashewData_Split/train/not_cashew_leaf/not_cashew_leaf_73.jpg
train,not_cashew_leaf,3,/content/CashewData_Split/train/not_cashew_leaf/not_cashew_leaf_730.jpg
train,not_cashew_leaf,3,/content/CashewData_Split/train/not_cashew_leaf/not_cashew_leaf_731.jpg
train,not_cashew_leaf,3,/content/CashewData_Split/train/not_cashew_leaf/not_cashew_leaf_732.jpg
train,not_cashew_leaf,3,/content/CashewData_Split/train/not_cashew_leaf/not_cashew_leaf_733.jpg
train,not_cashew_leaf,3,/content/CashewData_Split/train/not_cashew_leaf/not_cashew_leaf_734.jpg
train,not_cashew_leaf,3,/content/CashewData_Split/train/not_cashew_leaf/not_cashew_leaf_735.jpg
train,not_cashew_leaf,3,/content/CashewData_Split/train/not_cashew_leaf/not_cashew_leaf_736.jpg
train,not_cashew_leaf,3,/content/CashewData_Split/train/not_cashew_leaf/not_cashew_leaf_737.JPG
train,not_cashew_leaf,3,/content/CashewData_Split/train/not_cashew_leaf/not_cashew_leaf_738.jpg
train,not_cashew_leaf,3,/content/CashewData_Split/train/not_cashew_leaf/not_cashew_leaf_739.jpg
train,not_cashew_leaf,3,/content/CashewData_Split/train/not_cashew_leaf/not_cashew_leaf_74.jpg
train,not_cashew_leaf,3,/content/CashewData_Split/train/not_cashew_leaf/not_cashew_leaf_740.jpg
train,not_cashew_leaf,3,/content/CashewData_Split/train/not_cashew_leaf/not_cashew_leaf_741.jpg
train,not_cashew_leaf,3,/content/CashewData_Split/train/not_cashew_leaf/not_cashew_leaf_742.jpg
train,not_cashew_leaf,3,/content/CashewData_Split/train/not_cashew_leaf/not_cashew_leaf_743.jpg
train,not_cashew_leaf,3,/content/CashewData_Split/train/not_cashew_leaf/not_cashew_leaf_744.jpg
train,not_cashew_leaf,3,/content/CashewData_Split/train/not_cashew_leaf/not_cashew_leaf_745.jpg
train,not_cashew_leaf,3,/content/CashewData_Split/train/not_cashew_leaf/not_cashew_leaf_746.jpg
train,not_cashew_leaf,3,/content/CashewData_Split/train/not_cashew_leaf/not_cashew_leaf_747.jpg
train,not_cashew_leaf,3,/content/CashewData_Split/train/not_cashew_leaf/not_cashew_leaf_748.jpg
train,not_cashew_leaf,3,/content/CashewData_Split/train/not_cashew_leaf/not_cashew_leaf_749.jpg
train,not_cashew_leaf,3,/content/CashewData_Split/train/not_cashew_leaf/not_cashew_leaf_75.jpg
train,not_cashew_leaf,3,/content/CashewData_Split/train/not_cashew_leaf/not_cashew_leaf_750.jpg
train,not_cashew_leaf,3,/content/CashewData_Split/train/not_cashew_leaf/not_cashew_leaf_751.jpg
train,not_cashew_leaf,3,/content/CashewData_Split/train/not_cashew_leaf/not_cashew_leaf_752.jpg
train,not_cashew_leaf,3,/content/CashewData_Split/train/not_cashew_leaf/not_cashew_leaf_753.jpg
train,not_cashew_leaf,3,/content/CashewData_Split/train/not_cashew_leaf/not_cashew_leaf_754.jpg
train,not_cashew_leaf,3,/content/CashewData_Split/train/not_cashew_leaf/not_cashew_leaf_755.jpg
train,not_cashew_leaf,3,/content/CashewData_Split/train/not_cashew_leaf/not_cashew_leaf_756.jpg
train,not_cashew_leaf,3,/content/CashewData_Split/train/not_cashew_leaf/not_cashew_leaf_757.jpg
train,not_cashew_leaf,3,/content/CashewData_Split/train/not_cashew_leaf/not_cashew_leaf_758.jpg
train,not_cashew_leaf,3,/content/CashewData_Split/train/not_cashew_leaf/not_cashew_leaf_759.jpg
train,not_cashew_leaf,3,/content/CashewData_Split/train/not_cashew_leaf/not_cashew_leaf_76.jpg
train,not_cashew_leaf,3,/content/CashewData_Split/train/not_cashew_leaf/not_cashew_leaf_760.jpg
train,not_cashew_leaf,3,/content/CashewData_Split/train/not_cashew_leaf/not_cashew_leaf_761.jpg
train,not_cashew_leaf,3,/content/CashewData_Split/train/not_cashew_leaf/not_cashew_leaf_762.jpg
train,not_cashew_leaf,3,/content/CashewData_Split/train/not_cashew_leaf/not_cashew_leaf_763.jpg
train,not_cashew_leaf,3,/content/CashewData_Split/train/not_cashew_leaf/not_cashew_leaf_764.jpg
train,not_cashew_leaf,3,/content/CashewData_Split/train/not_cashew_leaf/not_cashew_leaf_765.jpg
train,not_cashew_leaf,3,/content/CashewData_Split/train/not_cashew_leaf/not_cashew_leaf_766.jpg
train,not_cashew_leaf,3,/content/CashewData_Split/train/not_cashew_leaf/not_cashew_leaf_767.jpg
train,not_cashew_leaf,3,/content/CashewData_Split/train/not_cashew_leaf/not_cashew_leaf_768.jpg
train,not_cashew_leaf,3,/content/CashewData_Split/train/not_cashew_leaf/not_cashew_leaf_769.jpg
train,not_cashew_leaf,3,/content/CashewData_Split/train/not_cashew_leaf/not_cashew_leaf_77.jpg
train,not_cashew_leaf,3,/content/CashewData_Split/train/not_cashew_leaf/not_cashew_leaf_770.jpg
train,not_cashew_leaf,3,/content/CashewData_Split/train/not_cashew_leaf/not_cashew_leaf_771.jpg
train,not_cashew_leaf,3,/content/CashewData_Split/train/not_cashew_leaf/not_cashew_leaf_772.jpg
train,not_cashew_leaf,3,/content/CashewData_Split/train/not_cashew_leaf/not_cashew_leaf_773.jpg
train,not_cashew_leaf,3,/content/CashewData_Split/train/not_cashew_leaf/not_cashew_leaf_774.jpg
train,not_cashew_leaf,3,/content/CashewData_Split/train/not_cashew_leaf/not_cashew_leaf_775.jpg
train,not_cashew_leaf,3,/content/CashewData_Split/train/not_cashew_leaf/not_cashew_leaf_776.jpg
train,not_cashew_leaf,3,/content/CashewData_Split/train/not_cashew_leaf/not_cashew_leaf_777.jpg
train,not_cashew_leaf,3,/content/CashewData_Split/train/not_cashew_leaf/not_cashew_leaf_778.jpg
train,not_cashew_leaf,3,/content/CashewData_Split/train/not_cashew_leaf/not_cashew_leaf_779.jpg
train,not_cashew_leaf,3,/content/CashewData_Split/train/not_cashew_leaf/not_cashew_leaf_78.jpg
train,not_cashew_leaf,3,/content/CashewData_Split/train/not_cashew_leaf/not_cashew_leaf_780.jpg
train,not_cashew_leaf,3,/content/CashewData_Split/train/not_cashew_leaf/not_cashew_leaf_781.jpg
train,not_cashew_leaf,3,/content/CashewData_Split/train/not_cashew_leaf/not_cashew_leaf_782.jpg
train,not_cashew_leaf,3,/content/CashewData_Split/train/not_cashew_leaf/not_cashew_leaf_783.jpg
train,not_cashew_leaf,3,/content/CashewData_Split/train/not_cashew_leaf/not_cashew_leaf_784.jpg
train,not_cashew_leaf,3,/content/CashewData_Split/train/not_cashew_leaf/not_cashew_leaf_785.jpg
train,not_cashew_leaf,3,/content/CashewData_Split/train/not_cashew_leaf/not_cashew_leaf_786.jpg
train,not_cashew_leaf,3,/content/CashewData_Split/train/not_cashew_leaf/not_cashew_leaf_787.jpg
train,not_cashew_leaf,3,/content/CashewData_Split/train/not_cashew_leaf/not_cashew_leaf_788.jpg
train,not_cashew_leaf,3,/content/CashewData_Split/train/not_cashew_leaf/not_cashew_leaf_789.jpg
train,not_cashew_leaf,3,/content/CashewData_Split/train/not_cashew_leaf/not_cashew_leaf_79.jpg
train,not_cashew_leaf,3,/content/CashewData_Split/train/not_cashew_leaf/not_cashew_leaf_790.jpg
train,not_cashew_leaf,3,/content/CashewData_Split/train/not_cashew_leaf/not_cashew_leaf_791.jpg
train,not_cashew_leaf,3,/content/CashewData_Split/train/not_cashew_leaf/not_cashew_leaf_792.jpg
train,not_cashew_leaf,3,/content/CashewData_Split/train/not_cashew_leaf/not_cashew_leaf_793.jpg
train,not_cashew_leaf,3,/content/CashewData_Split/train/not_cashew_leaf/not_cashew_leaf_794.jpg
train,not_cashew_leaf,3,/content/CashewData_Split/train/not_cashew_leaf/not_cashew_leaf_795.jpg
train,not_cashew_leaf,3,/content/CashewData_Split/train/not_cashew_leaf/not_cashew_leaf_796.jpg
train,not_cashew_leaf,3,/content/CashewData_Split/train/not_cashew_leaf/not_cashew_leaf_797.jpg
train,not_cashew_leaf,3,/content/CashewData_Split/train/not_cashew_leaf/not_cashew_leaf_798.jpg
train,not_cashew_leaf,3,/content/CashewData_Split/train/not_cashew_leaf/not_cashew_leaf_799.jpg
train,not_cashew_leaf,3,/content/CashewData_Split/train/not_cashew_leaf/not_cashew_leaf_8.jpg
train,not_cashew_leaf,3,/content/CashewData_Split/train/not_cashew_leaf/not_cashew_leaf_80.jpg
train,not_cashew_leaf,3,/content/CashewData_Split/train/not_cashew_leaf/not_cashew_leaf_800.jpg
train,not_cashew_leaf,3,/content/CashewData_Split/train/not_cashew_leaf/not_cashew_leaf_801.jpg
train,not_cashew_leaf,3,/content/CashewData_Split/train/not_cashew_leaf/not_cashew_leaf_802.jpg
train,not_cashew_leaf,3,/content/CashewData_Split/train/not_cashew_leaf/not_cashew_leaf_803.jpg
train,not_cashew_leaf,3,/content/CashewData_Split/train/not_cashew_leaf/not_cashew_leaf_804.jpg
train,not_cashew_leaf,3,/content/CashewData_Split/train/not_cashew_leaf/not_cashew_leaf_805.jpg
train,not_cashew_leaf,3,/content/CashewData_Split/train/not_cashew_leaf/not_cashew_leaf_806.jpg
train,not_cashew_leaf,3,/content/CashewData_Split/train/not_cashew_leaf/not_cashew_leaf_807.jpg
train,not_cashew_leaf,3,/content/CashewData_Split/train/not_cashew_leaf/not_cashew_leaf_808.jpg
train,not_cashew_leaf,3,/content/CashewData_Split/train/not_cashew_leaf/not_cashew_leaf_809.jpg
train,not_cashew_leaf,3,/content/CashewData_Split/train/not_cashew_leaf/not_cashew_leaf_81.jpg
train,not_cashew_leaf,3,/content/CashewData_Split/train/not_cashew_leaf/not_cashew_leaf_810.jpg
train,not_cashew_leaf,3,/content/CashewData_Split/train/not_cashew_leaf/not_cashew_leaf_811.jpg
train,not_cashew_leaf,3,/content/CashewData_Split/train/not_cashew_leaf/not_cashew_leaf_812.jpg
train,not_cashew_leaf,3,/content/CashewData_Split/train/not_cashew_leaf/not_cashew_leaf_813.jpg
train,not_cashew_leaf,3,/content/CashewData_Split/train/not_cashew_leaf/not_cashew_leaf_814.jpg
train,not_cashew_leaf,3,/content/CashewData_Split/train/not_cashew_leaf/not_cashew_leaf_815.jpg
train,not_cashew_leaf,3,/content/CashewData_Split/train/not_cashew_leaf/not_cashew_leaf_816.jpg
train,not_cashew_leaf,3,/content/CashewData_Split/train/not_cashew_leaf/not_cashew_leaf_817.jpg
train,not_cashew_leaf,3,/content/CashewData_Split/train/not_cashew_leaf/not_cashew_leaf_818.jpg
train,not_cashew_leaf,3,/content/CashewData_Split/train/not_cashew_leaf/not_cashew_leaf_819.jpg
train,not_cashew_leaf,3,/content/CashewData_Split/train/not_cashew_leaf/not_cashew_leaf_82.jpg
train,not_cashew_leaf,3,/content/CashewData_Split/train/not_cashew_leaf/not_cashew_leaf_820.jpg
train,not_cashew_leaf,3,/content/CashewData_Split/train/not_cashew_leaf/not_cashew_leaf_821.jpg
train,not_cashew_leaf,3,/content/CashewData_Split/train/not_cashew_leaf/not_cashew_leaf_822.jpg
train,not_cashew_leaf,3,/content/CashewData_Split/train/not_cashew_leaf/not_cashew_leaf_823.jpg
train,not_cashew_leaf,3,/content/CashewData_Split/train/not_cashew_leaf/not_cashew_leaf_824.jpg
train,not_cashew_leaf,3,/content/CashewData_Split/train/not_cashew_leaf/not_cashew_leaf_825.jpg
train,not_cashew_leaf,3,/content/CashewData_Split/train/not_cashew_leaf/not_cashew_leaf_826.jpg
train,not_cashew_leaf,3,/content/CashewData_Split/train/not_cashew_leaf/not_cashew_leaf_827.jpg
train,not_cashew_leaf,3,/content/CashewData_Split/train/not_cashew_leaf/not_cashew_leaf_828.jpg
train,not_cashew_leaf,3,/content/CashewData_Split/train/not_cashew_leaf/not_cashew_leaf_829.jpg
train,not_cashew_leaf,3,/content/CashewData_Split/train/not_cashew_leaf/not_cashew_leaf_83.jpg
train,not_cashew_leaf,3,/content/CashewData_Split/train/not_cashew_leaf/not_cashew_leaf_830.jpg
train,not_cashew_leaf,3,/content/CashewData_Split/train/not_cashew_leaf/not_cashew_leaf_831.jpg
train,not_cashew_leaf,3,/content/CashewData_Split/train/not_cashew_leaf/not_cashew_leaf_832.jpg
train,not_cashew_leaf,3,/content/CashewData_Split/train/not_cashew_leaf/not_cashew_leaf_833.jpg
train,not_cashew_leaf,3,/content/CashewData_Split/train/not_cashew_leaf/not_cashew_leaf_834.JPG
train,not_cashew_leaf,3,/content/CashewData_Split/train/not_cashew_leaf/not_cashew_leaf_835.JPG
train,not_cashew_leaf,3,/content/CashewData_Split/train/not_cashew_leaf/not_cashew_leaf_836.jpg
train,not_cashew_leaf,3,/content/CashewData_Split/train/not_cashew_leaf/not_cashew_leaf_837.jpg
train,not_cashew_leaf,3,/content/CashewData_Split/train/not_cashew_leaf/not_cashew_leaf_838.jpg
train,not_cashew_leaf,3,/content/CashewData_Split/train/not_cashew_leaf/not_cashew_leaf_839.jpg
train,not_cashew_leaf,3,/content/CashewData_Split/train/not_cashew_leaf/not_cashew_leaf_84.jpg
train,not_cashew_leaf,3,/content/CashewData_Split/train/not_cashew_leaf/not_cashew_leaf_840.jpg
train,not_cashew_leaf,3,/content/CashewData_Split/train/not_cashew_leaf/not_cashew_leaf_841.jpg
train,not_cashew_leaf,3,/content/CashewData_Split/train/not_cashew_leaf/not_cashew_leaf_842.jpg
train,not_cashew_leaf,3,/content/CashewData_Split/train/not_cashew_leaf/not_cashew_leaf_843.jpg
train,not_cashew_leaf,3,/content/CashewData_Split/train/not_cashew_leaf/not_cashew_leaf_844.jpg
train,not_cashew_leaf,3,/content/CashewData_Split/train/not_cashew_leaf/not_cashew_leaf_845.jpg
train,not_cashew_leaf,3,/content/CashewData_Split/train/not_cashew_leaf/not_cashew_leaf_846.jpg
train,not_cashew_leaf,3,/content/CashewData_Split/train/not_cashew_leaf/not_cashew_leaf_847.jpg
train,not_cashew_leaf,3,/content/CashewData_Split/train/not_cashew_leaf/not_cashew_leaf_848.jpg
train,not_cashew_leaf,3,/content/CashewData_Split/train/not_cashew_leaf/not_cashew_leaf_849.jpg
train,not_cashew_leaf,3,/content/CashewData_Split/train/not_cashew_leaf/not_cashew_leaf_85.jpg
train,not_cashew_leaf,3,/content/CashewData_Split/train/not_cashew_leaf/not_cashew_leaf_850.jpg
train,not_cashew_leaf,3,/content/CashewData_Split/train/not_cashew_leaf/not_cashew_leaf_851.jpg
train,not_cashew_leaf,3,/content/CashewData_Split/train/not_cashew_leaf/not_cashew_leaf_852.jpg
train,not_cashew_leaf,3,/content/CashewData_Split/train/not_cashew_leaf/not_cashew_leaf_853.jpg
train,not_cashew_leaf,3,/content/CashewData_Split/train/not_cashew_leaf/not_cashew_leaf_854.jpg
train,not_cashew_leaf,3,/content/CashewData_Split/train/not_cashew_leaf/not_cashew_leaf_855.jpg
train,not_cashew_leaf,3,/content/CashewData_Split/train/not_cashew_leaf/not_cashew_leaf_856.jpg
train,not_cashew_leaf,3,/content/CashewData_Split/train/not_cashew_leaf/not_cashew_leaf_857.jpg
train,not_cashew_leaf,3,/content/CashewData_Split/train/not_cashew_leaf/not_cashew_leaf_858.jpg
train,not_cashew_leaf,3,/content/CashewData_Split/train/not_cashew_leaf/not_cashew_leaf_859.jpg
train,not_cashew_leaf,3,/content/CashewData_Split/train/not_cashew_leaf/not_cashew_leaf_86.jpg
train,not_cashew_leaf,3,/content/CashewData_Split/train/not_cashew_leaf/not_cashew_leaf_860.jpg
train,not_cashew_leaf,3,/content/CashewData_Split/train/not_cashew_leaf/not_cashew_leaf_861.jpg
train,not_cashew_leaf,3,/content/CashewData_Split/train/not_cashew_leaf/not_cashew_leaf_862.jpg
train,not_cashew_leaf,3,/content/CashewData_Split/train/not_cashew_leaf/not_cashew_leaf_863.jpg
train,not_cashew_leaf,3,/content/CashewData_Split/train/not_cashew_leaf/not_cashew_leaf_864.jpg
train,not_cashew_leaf,3,/content/CashewData_Split/train/not_cashew_leaf/not_cashew_leaf_865.jpg
train,not_cashew_leaf,3,/content/CashewData_Split/train/not_cashew_leaf/not_cashew_leaf_866.jpg
train,not_cashew_leaf,3,/content/CashewData_Split/train/not_cashew_leaf/not_cashew_leaf_867.jpg
train,not_cashew_leaf,3,/content/CashewData_Split/train/not_cashew_leaf/not_cashew_leaf_868.jpg
train,not_cashew_leaf,3,/content/CashewData_Split/train/not_cashew_leaf/not_cashew_leaf_869.jpg
train,not_cashew_leaf,3,/content/CashewData_Split/train/not_cashew_leaf/not_cashew_leaf_87.jpg
train,not_cashew_leaf,3,/content/CashewData_Split/train/not_cashew_leaf/not_cashew_leaf_870.jpg
train,not_cashew_leaf,3,/content/CashewData_Split/train/not_cashew_leaf/not_cashew_leaf_871.jpg
train,not_cashew_leaf,3,/content/CashewData_Split/train/not_cashew_leaf/not_cashew_leaf_872.jpg
train,not_cashew_leaf,3,/content/CashewData_Split/train/not_cashew_leaf/not_cashew_leaf_873.jpg
train,not_cashew_leaf,3,/content/CashewData_Split/train/not_cashew_leaf/not_cashew_leaf_874.jpg
train,not_cashew_leaf,3,/content/CashewData_Split/train/not_cashew_leaf/not_cashew_leaf_875.jpg
train,not_cashew_leaf,3,/content/CashewData_Split/train/not_cashew_leaf/not_cashew_leaf_876.jpg
train,not_cashew_leaf,3,/content/CashewData_Split/train/not_cashew_leaf/not_cashew_leaf_877.jpg
train,not_cashew_leaf,3,/content/CashewData_Split/train/not_cashew_leaf/not_cashew_leaf_878.jpg
train,not_cashew_leaf,3,/content/CashewData_Split/train/not_cashew_leaf/not_cashew_leaf_879.jpg
train,not_cashew_leaf,3,/content/CashewData_Split/train/not_cashew_leaf/not_cashew_leaf_88.jpg
train,not_cashew_leaf,3,/content/CashewData_Split/train/not_cashew_leaf/not_cashew_leaf_880.jpg
train,not_cashew_leaf,3,/content/CashewData_Split/train/not_cashew_leaf/not_cashew_leaf_881.jpg
train,not_cashew_leaf,3,/content/CashewData_Split/train/not_cashew_leaf/not_cashew_leaf_882.jpg
train,not_cashew_leaf,3,/content/CashewData_Split/train/not_cashew_leaf/not_cashew_leaf_883.jpg
train,not_cashew_leaf,3,/content/CashewData_Split/train/not_cashew_leaf/not_cashew_leaf_884.jpg
train,not_cashew_leaf,3,/content/CashewData_Split/train/not_cashew_leaf/not_cashew_leaf_885.jpg
train,not_cashew_leaf,3,/content/CashewData_Split/train/not_cashew_leaf/not_cashew_leaf_886.jpg
train,not_cashew_leaf,3,/content/CashewData_Split/train/not_cashew_leaf/not_cashew_leaf_887.jpg
train,not_cashew_leaf,3,/content/CashewData_Split/train/not_cashew_leaf/not_cashew_leaf_888.jpg
train,not_cashew_leaf,3,/content/CashewData_Split/train/not_cashew_leaf/not_cashew_leaf_889.jpg
train,not_cashew_leaf,3,/content/CashewData_Split/train/not_cashew_leaf/not_cashew_leaf_89.jpg
train,not_cashew_leaf,3,/content/CashewData_Split/train/not_cashew_leaf/not_cashew_leaf_890.jpg
train,not_cashew_leaf,3,/content/CashewData_Split/train/not_cashew_leaf/not_cashew_leaf_891.jpg
train,not_cashew_leaf,3,/content/CashewData_Split/train/not_cashew_leaf/not_cashew_leaf_892.jpg
train,not_cashew_leaf,3,/content/CashewData_Split/train/not_cashew_leaf/not_cashew_leaf_893.jpg
train,not_cashew_leaf,3,/content/CashewData_Split/train/not_cashew_leaf/not_cashew_leaf_894.jpg
train,not_cashew_leaf,3,/content/CashewData_Split/train/not_cashew_leaf/not_cashew_leaf_895.jpg
train,not_cashew_leaf,3,/content/CashewData_Split/train/not_cashew_leaf/not_cashew_leaf_896.jpg
train,not_cashew_leaf,3,/content/CashewData_Split/train/not_cashew_leaf/not_cashew_leaf_897.jpg
train,not_cashew_leaf,3,/content/CashewData_Split/train/not_cashew_leaf/not_cashew_leaf_898.jpg
train,not_cashew_leaf,3,/content/CashewData_Split/train/not_cashew_leaf/not_cashew_leaf_899.jpg
train,not_cashew_leaf,3,/content/CashewData_Split/train/not_cashew_leaf/not_cashew_leaf_9.jpg
train,not_cashew_leaf,3,/content/CashewData_Split/train/not_cashew_leaf/not_cashew_leaf_90.jpg
train,not_cashew_leaf,3,/content/CashewData_Split/train/not_cashew_leaf/not_cashew_leaf_900.jpg
train,not_cashew_leaf,3,/content/CashewData_Split/train/not_cashew_leaf/not_cashew_leaf_901.jpg
train,not_cashew_leaf,3,/content/CashewData_Split/train/not_cashew_leaf/not_cashew_leaf_902.jpg
train,not_cashew_leaf,3,/content/CashewData_Split/train/not_cashew_leaf/not_cashew_leaf_903.jpg
train,not_cashew_leaf,3,/content/CashewData_Split/train/not_cashew_leaf/not_cashew_leaf_904.jpg
train,not_cashew_leaf,3,/content/CashewData_Split/train/not_cashew_leaf/not_cashew_leaf_905.jpg
train,not_cashew_leaf,3,/content/CashewData_Split/train/not_cashew_leaf/not_cashew_leaf_906.jpg
train,not_cashew_leaf,3,/content/CashewData_Split/train/not_cashew_leaf/not_cashew_leaf_907.jpg
train,not_cashew_leaf,3,/content/CashewData_Split/train/not_cashew_leaf/not_cashew_leaf_908.jpg
train,not_cashew_leaf,3,/content/CashewData_Split/train/not_cashew_leaf/not_cashew_leaf_909.jpg
train,not_cashew_leaf,3,/content/CashewData_Split/train/not_cashew_leaf/not_cashew_leaf_91.jpg
train,not_cashew_leaf,3,/content/CashewData_Split/train/not_cashew_leaf/not_cashew_leaf_910.jpg
train,not_cashew_leaf,3,/content/CashewData_Split/train/not_cashew_leaf/not_cashew_leaf_911.jpg
train,not_cashew_leaf,3,/content/CashewData_Split/train/not_cashew_leaf/not_cashew_leaf_912.jpg
train,not_cashew_leaf,3,/content/CashewData_Split/train/not_cashew_leaf/not_cashew_leaf_913.jpg
train,not_cashew_leaf,3,/content/CashewData_Split/train/not_cashew_leaf/not_cashew_leaf_914.jpg
train,not_cashew_leaf,3,/content/CashewData_Split/train/not_cashew_leaf/not_cashew_leaf_915.jpg
train,not_cashew_leaf,3,/content/CashewData_Split/train/not_cashew_leaf/not_cashew_leaf_916.jpg
train,not_cashew_leaf,3,/content/CashewData_Split/train/not_cashew_leaf/not_cashew_leaf_917.jpg
train,not_cashew_leaf,3,/content/CashewData_Split/train/not_cashew_leaf/not_cashew_leaf_918.jpg
train,not_cashew_leaf,3,/content/CashewData_Split/train/not_cashew_leaf/not_cashew_leaf_919.jpg
train,not_cashew_leaf,3,/content/CashewData_Split/train/not_cashew_leaf/not_cashew_leaf_92.jpg
train,not_cashew_leaf,3,/content/CashewData_Split/train/not_cashew_leaf/not_cashew_leaf_920.jpg
train,not_cashew_leaf,3,/content/CashewData_Split/train/not_cashew_leaf/not_cashew_leaf_921.jpg
train,not_cashew_leaf,3,/content/CashewData_Split/train/not_cashew_leaf/not_cashew_leaf_922.jpg
train,not_cashew_leaf,3,/content/CashewData_Split/train/not_cashew_leaf/not_cashew_leaf_923.jpg
train,not_cashew_leaf,3,/content/CashewData_Split/train/not_cashew_leaf/not_cashew_leaf_924.jpg
train,not_cashew_leaf,3,/content/CashewData_Split/train/not_cashew_leaf/not_cashew_leaf_925.jpg
train,not_cashew_leaf,3,/content/CashewData_Split/train/not_cashew_leaf/not_cashew_leaf_926.jpg
train,not_cashew_leaf,3,/content/CashewData_Split/train/not_cashew_leaf/not_cashew_leaf_927.jpg
train,not_cashew_leaf,3,/content/CashewData_Split/train/not_cashew_leaf/not_cashew_leaf_928.jpg
train,not_cashew_leaf,3,/content/CashewData_Split/train/not_cashew_leaf/not_cashew_leaf_929.jpg
train,not_cashew_leaf,3,/content/CashewData_Split/train/not_cashew_leaf/not_cashew_leaf_93.jpg
train,not_cashew_leaf,3,/content/CashewData_Split/train/not_cashew_leaf/not_cashew_leaf_930.jpg
train,not_cashew_leaf,3,/content/CashewData_Split/train/not_cashew_leaf/not_cashew_leaf_931.jpg
train,not_cashew_leaf,3,/content/CashewData_Split/train/not_cashew_leaf/not_cashew_leaf_932.jpg
train,not_cashew_leaf,3,/content/CashewData_Split/train/not_cashew_leaf/not_cashew_leaf_933.JPG
train,not_cashew_leaf,3,/content/CashewData_Split/train/not_cashew_leaf/not_cashew_leaf_934.jpg
train,not_cashew_leaf,3,/content/CashewData_Split/train/not_cashew_leaf/not_cashew_leaf_935.jpg
train,not_cashew_leaf,3,/content/CashewData_Split/train/not_cashew_leaf/not_cashew_leaf_936.jpg
train,not_cashew_leaf,3,/content/CashewData_Split/train/not_cashew_leaf/not_cashew_leaf_937.jpg
train,not_cashew_leaf,3,/content/CashewData_Split/train/not_cashew_leaf/not_cashew_leaf_938.jpg
train,not_cashew_leaf,3,/content/CashewData_Split/train/not_cashew_leaf/not_cashew_leaf_939.jpg
train,not_cashew_leaf,3,/content/CashewData_Split/train/not_cashew_leaf/not_cashew_leaf_94.jpg
train,not_cashew_leaf,3,/content/CashewData_Split/train/not_cashew_leaf/not_cashew_leaf_940.jpg
train,not_cashew_leaf,3,/content/CashewData_Split/train/not_cashew_leaf/not_cashew_leaf_941.jpg
train,not_cashew_leaf,3,/content/CashewData_Split/train/not_cashew_leaf/not_cashew_leaf_942.jpg
train,not_cashew_leaf,3,/content/CashewData_Split/train/not_cashew_leaf/not_cashew_leaf_943.jpg
train,not_cashew_leaf,3,/content/CashewData_Split/train/not_cashew_leaf/not_cashew_leaf_944.jpg
train,not_cashew_leaf,3,/content/CashewData_Split/train/not_cashew_leaf/not_cashew_leaf_945.jpg
train,not_cashew_leaf,3,/content/CashewData_Split/train/not_cashew_leaf/not_cashew_leaf_946.jpg
train,not_cashew_leaf,3,/content/CashewData_Split/train/not_cashew_leaf/not_cashew_leaf_947.jpg
train,not_cashew_leaf,3,/content/CashewData_Split/train/not_cashew_leaf/not_cashew_leaf_948.jpg
train,not_cashew_leaf,3,/content/CashewData_Split/train/not_cashew_leaf/not_cashew_leaf_949.jpg
train,not_cashew_leaf,3,/content/CashewData_Split/train/not_cashew_leaf/not_cashew_leaf_95.jpg
train,not_cashew_leaf,3,/content/CashewData_Split/train/not_cashew_leaf/not_cashew_leaf_950.jpg
train,not_cashew_leaf,3,/content/CashewData_Split/train/not_cashew_leaf/not_cashew_leaf_951.jpg
train,not_cashew_leaf,3,/content/CashewData_Split/train/not_cashew_leaf/not_cashew_leaf_952.jpg
train,not_cashew_leaf,3,/content/CashewData_Split/train/not_cashew_leaf/not_cashew_leaf_953.jpg
train,not_cashew_leaf,3,/content/CashewData_Split/train/not_cashew_leaf/not_cashew_leaf_954.jpg
train,not_cashew_leaf,3,/content/CashewData_Split/train/not_cashew_leaf/not_cashew_leaf_955.jpg
train,not_cashew_leaf,3,/content/CashewData_Split/train/not_cashew_leaf/not_cashew_leaf_956.jpg
train,not_cashew_leaf,3,/content/CashewData_Split/train/not_cashew_leaf/not_cashew_leaf_957.jpg
train,not_cashew_leaf,3,/content/CashewData_Split/train/not_cashew_leaf/not_cashew_leaf_958.jpg
train,not_cashew_leaf,3,/content/CashewData_Split/train/not_cashew_leaf/not_cashew_leaf_959.jpg
train,not_cashew_leaf,3,/content/CashewData_Split/train/not_cashew_leaf/not_cashew_leaf_96.jpg
train,not_cashew_leaf,3,/content/CashewData_Split/train/not_cashew_leaf/not_cashew_leaf_960.jpg
train,not_cashew_leaf,3,/content/CashewData_Split/train/not_cashew_leaf/not_cashew_leaf_961.jpg
train,not_cashew_leaf,3,/content/CashewData_Split/train/not_cashew_leaf/not_cashew_leaf_962.jpg
train,not_cashew_leaf,3,/content/CashewData_Split/train/not_cashew_leaf/not_cashew_leaf_963.jpg
train,not_cashew_leaf,3,/content/CashewData_Split/train/not_cashew_leaf/not_cashew_leaf_964.jpg
train,not_cashew_leaf,3,/content/CashewData_Split/train/not_cashew_leaf/not_cashew_leaf_965.jpg
train,not_cashew_leaf,3,/content/CashewData_Split/train/not_cashew_leaf/not_cashew_leaf_966.jpg
train,not_cashew_leaf,3,/content/CashewData_Split/train/not_cashew_leaf/not_cashew_leaf_967.jpg
train,not_cashew_leaf,3,/content/CashewData_Split/train/not_cashew_leaf/not_cashew_leaf_968.jpg
train,not_cashew_leaf,3,/content/CashewData_Split/train/not_cashew_leaf/not_cashew_leaf_969.jpg
train,not_cashew_leaf,3,/content/CashewData_Split/train/not_cashew_leaf/not_cashew_leaf_97.jpg
train,not_cashew_leaf,3,/content/CashewData_Split/train/not_cashew_leaf/not_cashew_leaf_970.jpg
train,not_cashew_leaf,3,/content/CashewData_Split/train/not_cashew_leaf/not_cashew_leaf_971.jpg
train,not_cashew_leaf,3,/content/CashewData_Split/train/not_cashew_leaf/not_cashew_leaf_972.jpg
train,not_cashew_leaf,3,/content/CashewData_Split/train/not_cashew_leaf/not_cashew_leaf_973.jpg
train,not_cashew_leaf,3,/content/CashewData_Split/train/not_cashew_leaf/not_cashew_leaf_974.jpg
train,not_cashew_leaf,3,/content/CashewData_Split/train/not_cashew_leaf/not_cashew_leaf_975.jpg
train,not_cashew_leaf,3,/content/CashewData_Split/train/not_cashew_leaf/not_cashew_leaf_976.jpg
train,not_cashew_leaf,3,/content/CashewData_Split/train/not_cashew_leaf/not_cashew_leaf_977.jpg
train,not_cashew_leaf,3,/content/CashewData_Split/train/not_cashew_leaf/not_cashew_leaf_978.jpg
train,not_cashew_leaf,3,/content/CashewData_Split/train/not_cashew_leaf/not_cashew_leaf_979.jpg
train,not_cashew_leaf,3,/content/CashewData_Split/train/not_cashew_leaf/not_cashew_leaf_98.jpg
train,not_cashew_leaf,3,/content/CashewData_Split/train/not_cashew_leaf/not_cashew_leaf_980.jpg
train,not_cashew_leaf,3,/content/CashewData_Split/train/not_cashew_leaf/not_cashew_leaf_981.jpg
train,not_cashew_leaf,3,/content/CashewData_Split/train/not_cashew_leaf/not_cashew_leaf_982.jpg
train,not_cashew_leaf,3,/content/CashewData_Split/train/not_cashew_leaf/not_cashew_leaf_983.jpg
train,not_cashew_leaf,3,/content/CashewData_Split/train/not_cashew_leaf/not_cashew_leaf_984.jpg
train,not_cashew_leaf,3,/content/CashewData_Split/train/not_cashew_leaf/not_cashew_leaf_985.jpg
train,not_cashew_leaf,3,/content/CashewData_Split/train/not_cashew_leaf/not_cashew_leaf_986.jpg
train,not_cashew_leaf,3,/content/CashewData_Split/train/not_cashew_leaf/not_cashew_leaf_987.jpg
train,not_cashew_leaf,3,/content/CashewData_Split/train/not_cashew_leaf/not_cashew_leaf_988.jpg
train,not_cashew_leaf,3,/content/CashewData_Split/train/not_cashew_leaf/not_cashew_leaf_989.jpg
train,not_cashew_leaf,3,/content/CashewData_Split/train/not_cashew_leaf/not_cashew_leaf_99.jpg
train,not_cashew_leaf,3,/content/CashewData_Split/train/not_cashew_leaf/not_cashew_leaf_990.jpg
train,not_cashew_leaf,3,/content/CashewData_Split/train/not_cashew_leaf/not_cashew_leaf_991.jpg
train,not_cashew_leaf,3,/content/CashewData_Split/train/not_cashew_leaf/not_cashew_leaf_992.jpg
train,not_cashew_leaf,3,/content/CashewData_Split/train/not_cashew_leaf/not_cashew_leaf_993.jpg
train,not_cashew_leaf,3,/content/CashewData_Split/train/not_cashew_leaf/not_cashew_leaf_994.jpg
train,not_cashew_leaf,3,/content/CashewData_Split/train/not_cashew_leaf/not_cashew_leaf_995.jpg
train,not_cashew_leaf,3,/content/CashewData_Split/train/not_cashew_leaf/not_cashew_leaf_996.jpg
train,not_cashew_leaf,3,/content/CashewData_Split/train/not_cashew_leaf/not_cashew_leaf_997.jpg
train,not_cashew_leaf,3,/content/CashewData_Split/train/not_cashew_leaf/not_cashew_leaf_998.jpg
train,not_cashew_leaf,3,/content/CashewData_Split/train/not_cashew_leaf/not_cashew_leaf_999.jpg
train,red_rust,4,/content/CashewData_Split/train/red_rust/real_red_rust_001.jpg
train,red_rust,4,/content/CashewData_Split/train/red_rust/real_red_rust_002.jpg
train,red_rust,4,/content/CashewData_Split/train/red_rust/real_red_rust_003.jpg
train,red_rust,4,/content/CashewData_Split/train/red_rust/real_red_rust_004.jpg
train,red_rust,4,/content/CashewData_Split/train/red_rust/real_red_rust_005.jpg
train,red_rust,4,/content/CashewData_Split/train/red_rust/real_red_rust_006.jpg
train,red_rust,4,/content/CashewData_Split/train/red_rust/real_red_rust_007.jpg
train,red_rust,4,/content/CashewData_Split/train/red_rust/real_red_rust_008.jpg
train,red_rust,4,/content/CashewData_Split/train/red_rust/real_red_rust_009.jpg
train,red_rust,4,/content/CashewData_Split/train/red_rust/real_red_rust_010.jpg
train,red_rust,4,/content/CashewData_Split/train/red_rust/real_red_rust_011.jpg
train,red_rust,4,/content/CashewData_Split/train/red_rust/real_red_rust_012.jpg
train,red_rust,4,/content/CashewData_Split/train/red_rust/real_red_rust_013.jpg
train,red_rust,4,/content/CashewData_Split/train/red_rust/real_red_rust_014.jpg
train,red_rust,4,/content/CashewData_Split/train/red_rust/real_red_rust_015.jpg
train,red_rust,4,/content/CashewData_Split/train/red_rust/real_red_rust_016.jpg
train,red_rust,4,/content/CashewData_Split/train/red_rust/real_red_rust_017.jpg
train,red_rust,4,/content/CashewData_Split/train/red_rust/real_red_rust_018.jpg
train,red_rust,4,/content/CashewData_Split/train/red_rust/real_red_rust_019.jpg
train,red_rust,4,/content/CashewData_Split/train/red_rust/real_red_rust_020.jpg
train,red_rust,4,/content/CashewData_Split/train/red_rust/real_red_rust_021.jpg
train,red_rust,4,/content/CashewData_Split/train/red_rust/real_red_rust_022.jpg
train,red_rust,4,/content/CashewData_Split/train/red_rust/real_red_rust_023.jpg
train,red_rust,4,/content/CashewData_Split/train/red_rust/red_rust_1.jpg
train,red_rust,4,/content/CashewData_Split/train/red_rust/red_rust_10.jpg
train,red_rust,4,/content/CashewData_Split/train/red_rust/red_rust_100.jpg
train,red_rust,4,/content/CashewData_Split/train/red_rust/red_rust_1000.jpg
train,red_rust,4,/content/CashewData_Split/train/red_rust/red_rust_1001.jpg
train,red_rust,4,/content/CashewData_Split/train/red_rust/red_rust_1002.jpg
train,red_rust,4,/content/CashewData_Split/train/red_rust/red_rust_1003.jpg
train,red_rust,4,/content/CashewData_Split/train/red_rust/red_rust_1004.jpg
train,red_rust,4,/content/CashewData_Split/train/red_rust/red_rust_1005.jpg
train,red_rust,4,/content/CashewData_Split/train/red_rust/red_rust_1006.jpg
train,red_rust,4,/content/CashewData_Split/train/red_rust/red_rust_1007.jpg
train,red_rust,4,/content/CashewData_Split/train/red_rust/red_rust_1008.jpg
train,red_rust,4,/content/CashewData_Split/train/red_rust/red_rust_101.jpg
train,red_rust,4,/content/CashewData_Split/train/red_rust/red_rust_1010.jpg
train,red_rust,4,/content/CashewData_Split/train/red_rust/red_rust_1013.jpg
train,red_rust,4,/content/CashewData_Split/train/red_rust/red_rust_1014.jpg
train,red_rust,4,/content/CashewData_Split/train/red_rust/red_rust_1015.jpg
train,red_rust,4,/content/CashewData_Split/train/red_rust/red_rust_1016.jpg
train,red_rust,4,/content/CashewData_Split/train/red_rust/red_rust_1017.jpg
train,red_rust,4,/content/CashewData_Split/train/red_rust/red_rust_1018.jpg
train,red_rust,4,/content/CashewData_Split/train/red_rust/red_rust_1019.jpg
train,red_rust,4,/content/CashewData_Split/train/red_rust/red_rust_102.jpg
train,red_rust,4,/content/CashewData_Split/train/red_rust/red_rust_1020.jpg
train,red_rust,4,/content/CashewData_Split/train/red_rust/red_rust_1021.jpg
train,red_rust,4,/content/CashewData_Split/train/red_rust/red_rust_1023.jpg
train,red_rust,4,/content/CashewData_Split/train/red_rust/red_rust_1024.jpg
train,red_rust,4,/content/CashewData_Split/train/red_rust/red_rust_1025.jpg
train,red_rust,4,/content/CashewData_Split/train/red_rust/red_rust_1026.jpg
train,red_rust,4,/content/CashewData_Split/train/red_rust/red_rust_1027.jpg
train,red_rust,4,/content/CashewData_Split/train/red_rust/red_rust_1028.jpg
train,red_rust,4,/content/CashewData_Split/train/red_rust/red_rust_1029.jpg
train,red_rust,4,/content/CashewData_Split/train/red_rust/red_rust_103.jpg
train,red_rust,4,/content/CashewData_Split/train/red_rust/red_rust_1030.jpg
train,red_rust,4,/content/CashewData_Split/train/red_rust/red_rust_1031.jpg
train,red_rust,4,/content/CashewData_Split/train/red_rust/red_rust_1033.jpg
train,red_rust,4,/content/CashewData_Split/train/red_rust/red_rust_1034.jpg
train,red_rust,4,/content/CashewData_Split/train/red_rust/red_rust_1035.jpg
train,red_rust,4,/content/CashewData_Split/train/red_rust/red_rust_1036.jpg
train,red_rust,4,/content/CashewData_Split/train/red_rust/red_rust_1037.jpg
train,red_rust,4,/content/CashewData_Split/train/red_rust/red_rust_1038.jpg
train,red_rust,4,/content/CashewData_Split/train/red_rust/red_rust_1039.jpg
train,red_rust,4,/content/CashewData_Split/train/red_rust/red_rust_104.jpg
train,red_rust,4,/content/CashewData_Split/train/red_rust/red_rust_1040.jpg
train,red_rust,4,/content/CashewData_Split/train/red_rust/red_rust_1041.jpg
train,red_rust,4,/content/CashewData_Split/train/red_rust/red_rust_1042.jpg
train,red_rust,4,/content/CashewData_Split/train/red_rust/red_rust_1044.jpg
train,red_rust,4,/content/CashewData_Split/train/red_rust/red_rust_1045.jpg
train,red_rust,4,/content/CashewData_Split/train/red_rust/red_rust_1046.jpg
train,red_rust,4,/content/CashewData_Split/train/red_rust/red_rust_1047.jpg
train,red_rust,4,/content/CashewData_Split/train/red_rust/red_rust_1048.jpg
train,red_rust,4,/content/CashewData_Split/train/red_rust/red_rust_1049.jpg
train,red_rust,4,/content/CashewData_Split/train/red_rust/red_rust_105.jpg
train,red_rust,4,/content/CashewData_Split/train/red_rust/red_rust_1050.jpg
train,red_rust,4,/content/CashewData_Split/train/red_rust/red_rust_1051.jpg
train,red_rust,4,/content/CashewData_Split/train/red_rust/red_rust_1052.jpg
train,red_rust,4,/content/CashewData_Split/train/red_rust/red_rust_1053.jpg
train,red_rust,4,/content/CashewData_Split/train/red_rust/red_rust_1054.jpg
train,red_rust,4,/content/CashewData_Split/train/red_rust/red_rust_1055.jpg
train,red_rust,4,/content/CashewData_Split/train/red_rust/red_rust_1056.jpg
train,red_rust,4,/content/CashewData_Split/train/red_rust/red_rust_1057.jpg
train,red_rust,4,/content/CashewData_Split/train/red_rust/red_rust_1058.jpg
train,red_rust,4,/content/CashewData_Split/train/red_rust/red_rust_1059.jpg
train,red_rust,4,/content/CashewData_Split/train/red_rust/red_rust_106.jpg
train,red_rust,4,/content/CashewData_Split/train/red_rust/red_rust_1060.jpg
train,red_rust,4,/content/CashewData_Split/train/red_rust/red_rust_1061.jpg
train,red_rust,4,/content/CashewData_Split/train/red_rust/red_rust_1062.jpg
train,red_rust,4,/content/CashewData_Split/train/red_rust/red_rust_1063.jpg
train,red_rust,4,/content/CashewData_Split/train/red_rust/red_rust_1064.jpg
train,red_rust,4,/content/CashewData_Split/train/red_rust/red_rust_1065.jpg
train,red_rust,4,/content/CashewData_Split/train/red_rust/red_rust_1066.jpg
train,red_rust,4,/content/CashewData_Split/train/red_rust/red_rust_1067.jpg
train,red_rust,4,/content/CashewData_Split/train/red_rust/red_rust_1068.jpg
train,red_rust,4,/content/CashewData_Split/train/red_rust/red_rust_1069.jpg
train,red_rust,4,/content/CashewData_Split/train/red_rust/red_rust_107.jpg
train,red_rust,4,/content/CashewData_Split/train/red_rust/red_rust_1070.jpg
train,red_rust,4,/content/CashewData_Split/train/red_rust/red_rust_1071.jpg
train,red_rust,4,/content/CashewData_Split/train/red_rust/red_rust_1072.jpg
train,red_rust,4,/content/CashewData_Split/train/red_rust/red_rust_1073.jpg
train,red_rust,4,/content/CashewData_Split/train/red_rust/red_rust_1074.jpg
train,red_rust,4,/content/CashewData_Split/train/red_rust/red_rust_1075.jpg
train,red_rust,4,/content/CashewData_Split/train/red_rust/red_rust_1076.jpg
train,red_rust,4,/content/CashewData_Split/train/red_rust/red_rust_1077.jpg
train,red_rust,4,/content/CashewData_Split/train/red_rust/red_rust_1078.jpg
train,red_rust,4,/content/CashewData_Split/train/red_rust/red_rust_1079.jpg
train,red_rust,4,/content/CashewData_Split/train/red_rust/red_rust_108.jpg
train,red_rust,4,/content/CashewData_Split/train/red_rust/red_rust_1080.jpg
train,red_rust,4,/content/CashewData_Split/train/red_rust/red_rust_1081.jpg
train,red_rust,4,/content/CashewData_Split/train/red_rust/red_rust_1082.jpg
train,red_rust,4,/content/CashewData_Split/train/red_rust/red_rust_1083.jpg
train,red_rust,4,/content/CashewData_Split/train/red_rust/red_rust_1084.jpg
train,red_rust,4,/content/CashewData_Split/train/red_rust/red_rust_1085.jpg
train,red_rust,4,/content/CashewData_Split/train/red_rust/red_rust_1086.jpg
train,red_rust,4,/content/CashewData_Split/train/red_rust/red_rust_1087.jpg
train,red_rust,4,/content/CashewData_Split/train/red_rust/red_rust_1088.jpg
train,red_rust,4,/content/CashewData_Split/train/red_rust/red_rust_1089.jpg
train,red_rust,4,/content/CashewData_Split/train/red_rust/red_rust_109.jpg
train,red_rust,4,/content/CashewData_Split/train/red_rust/red_rust_1090.jpg
train,red_rust,4,/content/CashewData_Split/train/red_rust/red_rust_1091.jpg
train,red_rust,4,/content/CashewData_Split/train/red_rust/red_rust_1092.jpg
train,red_rust,4,/content/CashewData_Split/train/red_rust/red_rust_11.jpg
train,red_rust,4,/content/CashewData_Split/train/red_rust/red_rust_110.jpg
train,red_rust,4,/content/CashewData_Split/train/red_rust/red_rust_111.jpg
train,red_rust,4,/content/CashewData_Split/train/red_rust/red_rust_112.jpg
train,red_rust,4,/content/CashewData_Split/train/red_rust/red_rust_113.jpg
train,red_rust,4,/content/CashewData_Split/train/red_rust/red_rust_114.jpg
train,red_rust,4,/content/CashewData_Split/train/red_rust/red_rust_115.jpg
train,red_rust,4,/content/CashewData_Split/train/red_rust/red_rust_116.jpg
train,red_rust,4,/content/CashewData_Split/train/red_rust/red_rust_117.jpg
train,red_rust,4,/content/CashewData_Split/train/red_rust/red_rust_118.jpg
train,red_rust,4,/content/CashewData_Split/train/red_rust/red_rust_119.jpg
train,red_rust,4,/content/CashewData_Split/train/red_rust/red_rust_12.jpg
train,red_rust,4,/content/CashewData_Split/train/red_rust/red_rust_120.jpg
train,red_rust,4,/content/CashewData_Split/train/red_rust/red_rust_121.jpg
train,red_rust,4,/content/CashewData_Split/train/red_rust/red_rust_122.jpg
train,red_rust,4,/content/CashewData_Split/train/red_rust/red_rust_123.jpg
train,red_rust,4,/content/CashewData_Split/train/red_rust/red_rust_124.jpg
train,red_rust,4,/content/CashewData_Split/train/red_rust/red_rust_125.jpg
train,red_rust,4,/content/CashewData_Split/train/red_rust/red_rust_126.jpg
train,red_rust,4,/content/CashewData_Split/train/red_rust/red_rust_128.jpg
train,red_rust,4,/content/CashewData_Split/train/red_rust/red_rust_129.jpg
train,red_rust,4,/content/CashewData_Split/train/red_rust/red_rust_13.jpg
train,red_rust,4,/content/CashewData_Split/train/red_rust/red_rust_130.jpg
train,red_rust,4,/content/CashewData_Split/train/red_rust/red_rust_131.jpg
train,red_rust,4,/content/CashewData_Split/train/red_rust/red_rust_132.jpg
train,red_rust,4,/content/CashewData_Split/train/red_rust/red_rust_133.jpg
train,red_rust,4,/content/CashewData_Split/train/red_rust/red_rust_134.jpg
train,red_rust,4,/content/CashewData_Split/train/red_rust/red_rust_135.jpg
train,red_rust,4,/content/CashewData_Split/train/red_rust/red_rust_136.jpg
train,red_rust,4,/content/CashewData_Split/train/red_rust/red_rust_137.jpg
train,red_rust,4,/content/CashewData_Split/train/red_rust/red_rust_139.jpg
train,red_rust,4,/content/CashewData_Split/train/red_rust/red_rust_14.jpg
train,red_rust,4,/content/CashewData_Split/train/red_rust/red_rust_140.jpg
train,red_rust,4,/content/CashewData_Split/train/red_rust/red_rust_141.jpg
train,red_rust,4,/content/CashewData_Split/train/red_rust/red_rust_142.jpg
train,red_rust,4,/content/CashewData_Split/train/red_rust/red_rust_143.jpg
train,red_rust,4,/content/CashewData_Split/train/red_rust/red_rust_144.jpg
train,red_rust,4,/content/CashewData_Split/train/red_rust/red_rust_145.jpg
train,red_rust,4,/content/CashewData_Split/train/red_rust/red_rust_146.jpg
train,red_rust,4,/content/CashewData_Split/train/red_rust/red_rust_147.jpg
train,red_rust,4,/content/CashewData_Split/train/red_rust/red_rust_15.jpg
train,red_rust,4,/content/CashewData_Split/train/red_rust/red_rust_150.jpg
train,red_rust,4,/content/CashewData_Split/train/red_rust/red_rust_151.jpg
train,red_rust,4,/content/CashewData_Split/train/red_rust/red_rust_152.jpg
train,red_rust,4,/content/CashewData_Split/train/red_rust/red_rust_153.jpg
train,red_rust,4,/content/CashewData_Split/train/red_rust/red_rust_154.jpg
train,red_rust,4,/content/CashewData_Split/train/red_rust/red_rust_155.jpg
train,red_rust,4,/content/CashewData_Split/train/red_rust/red_rust_156.jpg
train,red_rust,4,/content/CashewData_Split/train/red_rust/red_rust_157.jpg
train,red_rust,4,/content/CashewData_Split/train/red_rust/red_rust_158.jpg
train,red_rust,4,/content/CashewData_Split/train/red_rust/red_rust_159.jpg
train,red_rust,4,/content/CashewData_Split/train/red_rust/red_rust_16.jpg
train,red_rust,4,/content/CashewData_Split/train/red_rust/red_rust_160.jpg
train,red_rust,4,/content/CashewData_Split/train/red_rust/red_rust_161.jpg
train,red_rust,4,/content/CashewData_Split/train/red_rust/red_rust_162.jpg
train,red_rust,4,/content/CashewData_Split/train/red_rust/red_rust_163.jpg
train,red_rust,4,/content/CashewData_Split/train/red_rust/red_rust_164.jpg
train,red_rust,4,/content/CashewData_Split/train/red_rust/red_rust_165.jpg
train,red_rust,4,/content/CashewData_Split/train/red_rust/red_rust_166.jpg
train,red_rust,4,/content/CashewData_Split/train/red_rust/red_rust_167.jpg
train,red_rust,4,/content/CashewData_Split/train/red_rust/red_rust_168.jpg
train,red_rust,4,/content/CashewData_Split/train/red_rust/red_rust_169.jpg
train,red_rust,4,/content/CashewData_Split/train/red_rust/red_rust_17.jpg
train,red_rust,4,/content/CashewData_Split/train/red_rust/red_rust_171.jpg
train,red_rust,4,/content/CashewData_Split/train/red_rust/red_rust_172.jpg
train,red_rust,4,/content/CashewData_Split/train/red_rust/red_rust_173.jpg
train,red_rust,4,/content/CashewData_Split/train/red_rust/red_rust_174.jpg
train,red_rust,4,/content/CashewData_Split/train/red_rust/red_rust_175.jpg
train,red_rust,4,/content/CashewData_Split/train/red_rust/red_rust_176.jpg
train,red_rust,4,/content/CashewData_Split/train/red_rust/red_rust_177.jpg
train,red_rust,4,/content/CashewData_Split/train/red_rust/red_rust_178.jpg
train,red_rust,4,/content/CashewData_Split/train/red_rust/red_rust_179.jpg
train,red_rust,4,/content/CashewData_Split/train/red_rust/red_rust_18.jpg
train,red_rust,4,/content/CashewData_Split/train/red_rust/red_rust_180.jpg
train,red_rust,4,/content/CashewData_Split/train/red_rust/red_rust_181.jpg
train,red_rust,4,/content/CashewData_Split/train/red_rust/red_rust_182.jpg
train,red_rust,4,/content/CashewData_Split/train/red_rust/red_rust_183.jpg
train,red_rust,4,/content/CashewData_Split/train/red_rust/red_rust_184.jpg
train,red_rust,4,/content/CashewData_Split/train/red_rust/red_rust_185.jpg
train,red_rust,4,/content/CashewData_Split/train/red_rust/red_rust_186.jpg
train,red_rust,4,/content/CashewData_Split/train/red_rust/red_rust_187.jpg
train,red_rust,4,/content/CashewData_Split/train/red_rust/red_rust_188.jpg
train,red_rust,4,/content/CashewData_Split/train/red_rust/red_rust_189.jpg
train,red_rust,4,/content/CashewData_Split/train/red_rust/red_rust_19.jpg
train,red_rust,4,/content/CashewData_Split/train/red_rust/red_rust_190.jpg
train,red_rust,4,/content/CashewData_Split/train/red_rust/red_rust_191.jpg
train,red_rust,4,/content/CashewData_Split/train/red_rust/red_rust_192.jpg
train,red_rust,4,/content/CashewData_Split/train/red_rust/red_rust_194.jpg
train,red_rust,4,/content/CashewData_Split/train/red_rust/red_rust_195.jpg
train,red_rust,4,/content/CashewData_Split/train/red_rust/red_rust_196.jpg
train,red_rust,4,/content/CashewData_Split/train/red_rust/red_rust_197.jpg
train,red_rust,4,/content/CashewData_Split/train/red_rust/red_rust_198.jpg
train,red_rust,4,/content/CashewData_Split/train/red_rust/red_rust_199.jpg
train,red_rust,4,/content/CashewData_Split/train/red_rust/red_rust_2.jpg
train,red_rust,4,/content/CashewData_Split/train/red_rust/red_rust_20.jpg
train,red_rust,4,/content/CashewData_Split/train/red_rust/red_rust_200.jpg
train,red_rust,4,/content/CashewData_Split/train/red_rust/red_rust_201.jpg
train,red_rust,4,/content/CashewData_Split/train/red_rust/red_rust_202.jpg
train,red_rust,4,/content/CashewData_Split/train/red_rust/red_rust_203.jpg
train,red_rust,4,/content/CashewData_Split/train/red_rust/red_rust_204.jpg
train,red_rust,4,/content/CashewData_Split/train/red_rust/red_rust_205.jpg
train,red_rust,4,/content/CashewData_Split/train/red_rust/red_rust_206.jpg
train,red_rust,4,/content/CashewData_Split/train/red_rust/red_rust_207.jpg
train,red_rust,4,/content/CashewData_Split/train/red_rust/red_rust_208.jpg
train,red_rust,4,/content/CashewData_Split/train/red_rust/red_rust_209.jpg
train,red_rust,4,/content/CashewData_Split/train/red_rust/red_rust_21.jpg
train,red_rust,4,/content/CashewData_Split/train/red_rust/red_rust_210.jpg
train,red_rust,4,/content/CashewData_Split/train/red_rust/red_rust_211.jpg
train,red_rust,4,/content/CashewData_Split/train/red_rust/red_rust_212.jpg
train,red_rust,4,/content/CashewData_Split/train/red_rust/red_rust_213.jpg
train,red_rust,4,/content/CashewData_Split/train/red_rust/red_rust_214.jpg
train,red_rust,4,/content/CashewData_Split/train/red_rust/red_rust_215.jpg
train,red_rust,4,/content/CashewData_Split/train/red_rust/red_rust_216.jpg
train,red_rust,4,/content/CashewData_Split/train/red_rust/red_rust_217.jpg
train,red_rust,4,/content/CashewData_Split/train/red_rust/red_rust_218.jpg
train,red_rust,4,/content/CashewData_Split/train/red_rust/red_rust_219.jpg
train,red_rust,4,/content/CashewData_Split/train/red_rust/red_rust_22.jpg
train,red_rust,4,/content/CashewData_Split/train/red_rust/red_rust_220.jpg
train,red_rust,4,/content/CashewData_Split/train/red_rust/red_rust_221.jpg
train,red_rust,4,/content/CashewData_Split/train/red_rust/red_rust_222.jpg
train,red_rust,4,/content/CashewData_Split/train/red_rust/red_rust_223.jpg
train,red_rust,4,/content/CashewData_Split/train/red_rust/red_rust_224.jpg
train,red_rust,4,/content/CashewData_Split/train/red_rust/red_rust_225.jpg
train,red_rust,4,/content/CashewData_Split/train/red_rust/red_rust_227.jpg
train,red_rust,4,/content/CashewData_Split/train/red_rust/red_rust_228.jpg
train,red_rust,4,/content/CashewData_Split/train/red_rust/red_rust_229.jpg
train,red_rust,4,/content/CashewData_Split/train/red_rust/red_rust_23.jpg
train,red_rust,4,/content/CashewData_Split/train/red_rust/red_rust_231.jpg
train,red_rust,4,/content/CashewData_Split/train/red_rust/red_rust_232.jpg
train,red_rust,4,/content/CashewData_Split/train/red_rust/red_rust_233.jpg
train,red_rust,4,/content/CashewData_Split/train/red_rust/red_rust_234.jpg
train,red_rust,4,/content/CashewData_Split/train/red_rust/red_rust_235.jpg
train,red_rust,4,/content/CashewData_Split/train/red_rust/red_rust_236.jpg
train,red_rust,4,/content/CashewData_Split/train/red_rust/red_rust_237.jpg
train,red_rust,4,/content/CashewData_Split/train/red_rust/red_rust_238.jpg
train,red_rust,4,/content/CashewData_Split/train/red_rust/red_rust_239.jpg
train,red_rust,4,/content/CashewData_Split/train/red_rust/red_rust_24.jpg
train,red_rust,4,/content/CashewData_Split/train/red_rust/red_rust_240.jpg
train,red_rust,4,/content/CashewData_Split/train/red_rust/red_rust_241.jpg
train,red_rust,4,/content/CashewData_Split/train/red_rust/red_rust_242.jpg
train,red_rust,4,/content/CashewData_Split/train/red_rust/red_rust_243.jpg
train,red_rust,4,/content/CashewData_Split/train/red_rust/red_rust_244.jpg
train,red_rust,4,/content/CashewData_Split/train/red_rust/red_rust_245.jpg
train,red_rust,4,/content/CashewData_Split/train/red_rust/red_rust_246.jpg
train,red_rust,4,/content/CashewData_Split/train/red_rust/red_rust_247.jpg
train,red_rust,4,/content/CashewData_Split/train/red_rust/red_rust_248.jpg
train,red_rust,4,/content/CashewData_Split/train/red_rust/red_rust_249.jpg
train,red_rust,4,/content/CashewData_Split/train/red_rust/red_rust_25.jpg
train,red_rust,4,/content/CashewData_Split/train/red_rust/red_rust_250.jpg
train,red_rust,4,/content/CashewData_Split/train/red_rust/red_rust_251.jpg
train,red_rust,4,/content/CashewData_Split/train/red_rust/red_rust_252.jpg
train,red_rust,4,/content/CashewData_Split/train/red_rust/red_rust_253.jpg
train,red_rust,4,/content/CashewData_Split/train/red_rust/red_rust_254.jpg
train,red_rust,4,/content/CashewData_Split/train/red_rust/red_rust_255.jpg
train,red_rust,4,/content/CashewData_Split/train/red_rust/red_rust_256.jpg
train,red_rust,4,/content/CashewData_Split/train/red_rust/red_rust_257.jpg
train,red_rust,4,/content/CashewData_Split/train/red_rust/red_rust_258.jpg
train,red_rust,4,/content/CashewData_Split/train/red_rust/red_rust_259.jpg
train,red_rust,4,/content/CashewData_Split/train/red_rust/red_rust_26.jpg
train,red_rust,4,/content/CashewData_Split/train/red_rust/red_rust_260.jpg
train,red_rust,4,/content/CashewData_Split/train/red_rust/red_rust_261.jpg
train,red_rust,4,/content/CashewData_Split/train/red_rust/red_rust_262.jpg
train,red_rust,4,/content/CashewData_Split/train/red_rust/red_rust_263.jpg
train,red_rust,4,/content/CashewData_Split/train/red_rust/red_rust_264.jpg
train,red_rust,4,/content/CashewData_Split/train/red_rust/red_rust_266.jpg
train,red_rust,4,/content/CashewData_Split/train/red_rust/red_rust_267.jpg
train,red_rust,4,/content/CashewData_Split/train/red_rust/red_rust_268.jpg
train,red_rust,4,/content/CashewData_Split/train/red_rust/red_rust_269.jpg
train,red_rust,4,/content/CashewData_Split/train/red_rust/red_rust_27.jpg
train,red_rust,4,/content/CashewData_Split/train/red_rust/red_rust_270.jpg
train,red_rust,4,/content/CashewData_Split/train/red_rust/red_rust_271.jpg
train,red_rust,4,/content/CashewData_Split/train/red_rust/red_rust_272.jpg
train,red_rust,4,/content/CashewData_Split/train/red_rust/red_rust_273.jpg
train,red_rust,4,/content/CashewData_Split/train/red_rust/red_rust_274.jpg
train,red_rust,4,/content/CashewData_Split/train/red_rust/red_rust_275.jpg
train,red_rust,4,/content/CashewData_Split/train/red_rust/red_rust_276.jpg
train,red_rust,4,/content/CashewData_Split/train/red_rust/red_rust_277.jpg
train,red_rust,4,/content/CashewData_Split/train/red_rust/red_rust_278.jpg
train,red_rust,4,/content/CashewData_Split/train/red_rust/red_rust_279.jpg
train,red_rust,4,/content/CashewData_Split/train/red_rust/red_rust_28.jpg
train,red_rust,4,/content/CashewData_Split/train/red_rust/red_rust_280.jpg
train,red_rust,4,/content/CashewData_Split/train/red_rust/red_rust_281.jpg
train,red_rust,4,/content/CashewData_Split/train/red_rust/red_rust_282.jpg
train,red_rust,4,/content/CashewData_Split/train/red_rust/red_rust_283.jpg
train,red_rust,4,/content/CashewData_Split/train/red_rust/red_rust_284.jpg
train,red_rust,4,/content/CashewData_Split/train/red_rust/red_rust_285.jpg
train,red_rust,4,/content/CashewData_Split/train/red_rust/red_rust_287.jpg
train,red_rust,4,/content/CashewData_Split/train/red_rust/red_rust_288.jpg
train,red_rust,4,/content/CashewData_Split/train/red_rust/red_rust_289.jpg
train,red_rust,4,/content/CashewData_Split/train/red_rust/red_rust_29.jpg
train,red_rust,4,/content/CashewData_Split/train/red_rust/red_rust_290.jpg
train,red_rust,4,/content/CashewData_Split/train/red_rust/red_rust_291.jpg
train,red_rust,4,/content/CashewData_Split/train/red_rust/red_rust_292.jpg
train,red_rust,4,/content/CashewData_Split/train/red_rust/red_rust_293.jpg
train,red_rust,4,/content/CashewData_Split/train/red_rust/red_rust_294.jpg
train,red_rust,4,/content/CashewData_Split/train/red_rust/red_rust_295.jpg
train,red_rust,4,/content/CashewData_Split/train/red_rust/red_rust_296.jpg
train,red_rust,4,/content/CashewData_Split/train/red_rust/red_rust_297.jpg
train,red_rust,4,/content/CashewData_Split/train/red_rust/red_rust_298.jpg
train,red_rust,4,/content/CashewData_Split/train/red_rust/red_rust_299.jpg
train,red_rust,4,/content/CashewData_Split/train/red_rust/red_rust_3.jpg
train,red_rust,4,/content/CashewData_Split/train/red_rust/red_rust_30.jpg
train,red_rust,4,/content/CashewData_Split/train/red_rust/red_rust_300.jpg
train,red_rust,4,/content/CashewData_Split/train/red_rust/red_rust_301.jpg
train,red_rust,4,/content/CashewData_Split/train/red_rust/red_rust_302.jpg
train,red_rust,4,/content/CashewData_Split/train/red_rust/red_rust_303.jpg
train,red_rust,4,/content/CashewData_Split/train/red_rust/red_rust_304.jpg
train,red_rust,4,/content/CashewData_Split/train/red_rust/red_rust_305.jpg
train,red_rust,4,/content/CashewData_Split/train/red_rust/red_rust_306.jpg
train,red_rust,4,/content/CashewData_Split/train/red_rust/red_rust_307.jpg
train,red_rust,4,/content/CashewData_Split/train/red_rust/red_rust_308.jpg
train,red_rust,4,/content/CashewData_Split/train/red_rust/red_rust_309.jpg
train,red_rust,4,/content/CashewData_Split/train/red_rust/red_rust_31.jpg
train,red_rust,4,/content/CashewData_Split/train/red_rust/red_rust_310.jpg
train,red_rust,4,/content/CashewData_Split/train/red_rust/red_rust_311.jpg
train,red_rust,4,/content/CashewData_Split/train/red_rust/red_rust_312.jpg
train,red_rust,4,/content/CashewData_Split/train/red_rust/red_rust_313.jpg
train,red_rust,4,/content/CashewData_Split/train/red_rust/red_rust_314.jpg
train,red_rust,4,/content/CashewData_Split/train/red_rust/red_rust_315.jpg
train,red_rust,4,/content/CashewData_Split/train/red_rust/red_rust_316.jpg
train,red_rust,4,/content/CashewData_Split/train/red_rust/red_rust_317.jpg
train,red_rust,4,/content/CashewData_Split/train/red_rust/red_rust_318.jpg
train,red_rust,4,/content/CashewData_Split/train/red_rust/red_rust_319.jpg
train,red_rust,4,/content/CashewData_Split/train/red_rust/red_rust_32.jpg
train,red_rust,4,/content/CashewData_Split/train/red_rust/red_rust_320.jpg
train,red_rust,4,/content/CashewData_Split/train/red_rust/red_rust_321.jpg
train,red_rust,4,/content/CashewData_Split/train/red_rust/red_rust_322.jpg
train,red_rust,4,/content/CashewData_Split/train/red_rust/red_rust_323.jpg
train,red_rust,4,/content/CashewData_Split/train/red_rust/red_rust_324.jpg
train,red_rust,4,/content/CashewData_Split/train/red_rust/red_rust_326.jpg
train,red_rust,4,/content/CashewData_Split/train/red_rust/red_rust_327.jpg
train,red_rust,4,/content/CashewData_Split/train/red_rust/red_rust_328.jpg
train,red_rust,4,/content/CashewData_Split/train/red_rust/red_rust_329.jpg
train,red_rust,4,/content/CashewData_Split/train/red_rust/red_rust_33.jpg
train,red_rust,4,/content/CashewData_Split/train/red_rust/red_rust_330.jpg
train,red_rust,4,/content/CashewData_Split/train/red_rust/red_rust_331.jpg
train,red_rust,4,/content/CashewData_Split/train/red_rust/red_rust_332.jpg
train,red_rust,4,/content/CashewData_Split/train/red_rust/red_rust_333.jpg
train,red_rust,4,/content/CashewData_Split/train/red_rust/red_rust_334.jpg
train,red_rust,4,/content/CashewData_Split/train/red_rust/red_rust_335.jpg
train,red_rust,4,/content/CashewData_Split/train/red_rust/red_rust_336.jpg
train,red_rust,4,/content/CashewData_Split/train/red_rust/red_rust_337.jpg
train,red_rust,4,/content/CashewData_Split/train/red_rust/red_rust_338.jpg
train,red_rust,4,/content/CashewData_Split/train/red_rust/red_rust_339.jpg
train,red_rust,4,/content/CashewData_Split/train/red_rust/red_rust_34.jpg
train,red_rust,4,/content/CashewData_Split/train/red_rust/red_rust_340.jpg
train,red_rust,4,/content/CashewData_Split/train/red_rust/red_rust_341.jpg
train,red_rust,4,/content/CashewData_Split/train/red_rust/red_rust_342.jpg
train,red_rust,4,/content/CashewData_Split/train/red_rust/red_rust_343.jpg
train,red_rust,4,/content/CashewData_Split/train/red_rust/red_rust_344.jpg
train,red_rust,4,/content/CashewData_Split/train/red_rust/red_rust_345.jpg
train,red_rust,4,/content/CashewData_Split/train/red_rust/red_rust_346.jpg
train,red_rust,4,/content/CashewData_Split/train/red_rust/red_rust_347.jpg
train,red_rust,4,/content/CashewData_Split/train/red_rust/red_rust_348.jpg
train,red_rust,4,/content/CashewData_Split/train/red_rust/red_rust_349.jpg
train,red_rust,4,/content/CashewData_Split/train/red_rust/red_rust_35.jpg
train,red_rust,4,/content/CashewData_Split/train/red_rust/red_rust_350.jpg
train,red_rust,4,/content/CashewData_Split/train/red_rust/red_rust_351.jpg
train,red_rust,4,/content/CashewData_Split/train/red_rust/red_rust_352.jpg
train,red_rust,4,/content/CashewData_Split/train/red_rust/red_rust_353.jpg
train,red_rust,4,/content/CashewData_Split/train/red_rust/red_rust_354.jpg
train,red_rust,4,/content/CashewData_Split/train/red_rust/red_rust_355.jpg
train,red_rust,4,/content/CashewData_Split/train/red_rust/red_rust_356.jpg
train,red_rust,4,/content/CashewData_Split/train/red_rust/red_rust_357.jpg
train,red_rust,4,/content/CashewData_Split/train/red_rust/red_rust_358.jpg
train,red_rust,4,/content/CashewData_Split/train/red_rust/red_rust_359.jpg
train,red_rust,4,/content/CashewData_Split/train/red_rust/red_rust_36.jpg
train,red_rust,4,/content/CashewData_Split/train/red_rust/red_rust_360.jpg
train,red_rust,4,/content/CashewData_Split/train/red_rust/red_rust_361.jpg
train,red_rust,4,/content/CashewData_Split/train/red_rust/red_rust_362.jpg
train,red_rust,4,/content/CashewData_Split/train/red_rust/red_rust_363.jpg
train,red_rust,4,/content/CashewData_Split/train/red_rust/red_rust_364.jpg
train,red_rust,4,/content/CashewData_Split/train/red_rust/red_rust_365.jpg
train,red_rust,4,/content/CashewData_Split/train/red_rust/red_rust_366.jpg
train,red_rust,4,/content/CashewData_Split/train/red_rust/red_rust_367.jpg
train,red_rust,4,/content/CashewData_Split/train/red_rust/red_rust_368.jpg
train,red_rust,4,/content/CashewData_Split/train/red_rust/red_rust_369.jpg
train,red_rust,4,/content/CashewData_Split/train/red_rust/red_rust_37.jpg
train,red_rust,4,/content/CashewData_Split/train/red_rust/red_rust_370.jpg
train,red_rust,4,/content/CashewData_Split/train/red_rust/red_rust_371.jpg
train,red_rust,4,/content/CashewData_Split/train/red_rust/red_rust_372.jpg
train,red_rust,4,/content/CashewData_Split/train/red_rust/red_rust_373.jpg
train,red_rust,4,/content/CashewData_Split/train/red_rust/red_rust_374.jpg
train,red_rust,4,/content/CashewData_Split/train/red_rust/red_rust_375.jpg
train,red_rust,4,/content/CashewData_Split/train/red_rust/red_rust_376.jpg
train,red_rust,4,/content/CashewData_Split/train/red_rust/red_rust_377.jpg
train,red_rust,4,/content/CashewData_Split/train/red_rust/red_rust_378.jpg
train,red_rust,4,/content/CashewData_Split/train/red_rust/red_rust_379.jpg
train,red_rust,4,/content/CashewData_Split/train/red_rust/red_rust_38.jpg
train,red_rust,4,/content/CashewData_Split/train/red_rust/red_rust_380.jpg
train,red_rust,4,/content/CashewData_Split/train/red_rust/red_rust_381.jpg
train,red_rust,4,/content/CashewData_Split/train/red_rust/red_rust_382.jpg
train,red_rust,4,/content/CashewData_Split/train/red_rust/red_rust_383.jpg
train,red_rust,4,/content/CashewData_Split/train/red_rust/red_rust_385.jpg
train,red_rust,4,/content/CashewData_Split/train/red_rust/red_rust_386.jpg
train,red_rust,4,/content/CashewData_Split/train/red_rust/red_rust_387.jpg
train,red_rust,4,/content/CashewData_Split/train/red_rust/red_rust_388.jpg
train,red_rust,4,/content/CashewData_Split/train/red_rust/red_rust_389.jpg
train,red_rust,4,/content/CashewData_Split/train/red_rust/red_rust_39.jpg
train,red_rust,4,/content/CashewData_Split/train/red_rust/red_rust_390.jpg
train,red_rust,4,/content/CashewData_Split/train/red_rust/red_rust_391.jpg
train,red_rust,4,/content/CashewData_Split/train/red_rust/red_rust_392.jpg
train,red_rust,4,/content/CashewData_Split/train/red_rust/red_rust_393.jpg
train,red_rust,4,/content/CashewData_Split/train/red_rust/red_rust_394.jpg
train,red_rust,4,/content/CashewData_Split/train/red_rust/red_rust_395.jpg
train,red_rust,4,/content/CashewData_Split/train/red_rust/red_rust_396.jpg
train,red_rust,4,/content/CashewData_Split/train/red_rust/red_rust_397.jpg
train,red_rust,4,/content/CashewData_Split/train/red_rust/red_rust_398.jpg
train,red_rust,4,/content/CashewData_Split/train/red_rust/red_rust_399.jpg
train,red_rust,4,/content/CashewData_Split/train/red_rust/red_rust_4.jpg
train,red_rust,4,/content/CashewData_Split/train/red_rust/red_rust_40.jpg
train,red_rust,4,/content/CashewData_Split/train/red_rust/red_rust_400.jpg
train,red_rust,4,/content/CashewData_Split/train/red_rust/red_rust_401.jpg
train,red_rust,4,/content/CashewData_Split/train/red_rust/red_rust_402.jpg
train,red_rust,4,/content/CashewData_Split/train/red_rust/red_rust_403.jpg
train,red_rust,4,/content/CashewData_Split/train/red_rust/red_rust_404.jpg
train,red_rust,4,/content/CashewData_Split/train/red_rust/red_rust_405.jpg
train,red_rust,4,/content/CashewData_Split/train/red_rust/red_rust_406.jpg
train,red_rust,4,/content/CashewData_Split/train/red_rust/red_rust_407.jpg
train,red_rust,4,/content/CashewData_Split/train/red_rust/red_rust_408.jpg
train,red_rust,4,/content/CashewData_Split/train/red_rust/red_rust_409.jpg
train,red_rust,4,/content/CashewData_Split/train/red_rust/red_rust_41.jpg
train,red_rust,4,/content/CashewData_Split/train/red_rust/red_rust_410.jpg
train,red_rust,4,/content/CashewData_Split/train/red_rust/red_rust_411.jpg
train,red_rust,4,/content/CashewData_Split/train/red_rust/red_rust_412.jpg
train,red_rust,4,/content/CashewData_Split/train/red_rust/red_rust_413.jpg
train,red_rust,4,/content/CashewData_Split/train/red_rust/red_rust_414.jpg
train,red_rust,4,/content/CashewData_Split/train/red_rust/red_rust_415.jpg
train,red_rust,4,/content/CashewData_Split/train/red_rust/red_rust_416.jpg
train,red_rust,4,/content/CashewData_Split/train/red_rust/red_rust_417.jpg
train,red_rust,4,/content/CashewData_Split/train/red_rust/red_rust_418.jpg
train,red_rust,4,/content/CashewData_Split/train/red_rust/red_rust_419.jpg
train,red_rust,4,/content/CashewData_Split/train/red_rust/red_rust_42.jpg
train,red_rust,4,/content/CashewData_Split/train/red_rust/red_rust_420.jpg
train,red_rust,4,/content/CashewData_Split/train/red_rust/red_rust_421.jpg
train,red_rust,4,/content/CashewData_Split/train/red_rust/red_rust_422.jpg
train,red_rust,4,/content/CashewData_Split/train/red_rust/red_rust_423.jpg
train,red_rust,4,/content/CashewData_Split/train/red_rust/red_rust_424.jpg
train,red_rust,4,/content/CashewData_Split/train/red_rust/red_rust_425.jpg
train,red_rust,4,/content/CashewData_Split/train/red_rust/red_rust_426.jpg
train,red_rust,4,/content/CashewData_Split/train/red_rust/red_rust_427.jpg
train,red_rust,4,/content/CashewData_Split/train/red_rust/red_rust_428.jpg
train,red_rust,4,/content/CashewData_Split/train/red_rust/red_rust_429.jpg
train,red_rust,4,/content/CashewData_Split/train/red_rust/red_rust_43.jpg
train,red_rust,4,/content/CashewData_Split/train/red_rust/red_rust_430.jpg
train,red_rust,4,/content/CashewData_Split/train/red_rust/red_rust_431.jpg
train,red_rust,4,/content/CashewData_Split/train/red_rust/red_rust_432.jpg
train,red_rust,4,/content/CashewData_Split/train/red_rust/red_rust_433.jpg
train,red_rust,4,/content/CashewData_Split/train/red_rust/red_rust_434.jpg
train,red_rust,4,/content/CashewData_Split/train/red_rust/red_rust_435.jpg
train,red_rust,4,/content/CashewData_Split/train/red_rust/red_rust_436.jpg
train,red_rust,4,/content/CashewData_Split/train/red_rust/red_rust_437.jpg
train,red_rust,4,/content/CashewData_Split/train/red_rust/red_rust_438.jpg
train,red_rust,4,/content/CashewData_Split/train/red_rust/red_rust_439.jpg
train,red_rust,4,/content/CashewData_Split/train/red_rust/red_rust_44.jpg
train,red_rust,4,/content/CashewData_Split/train/red_rust/red_rust_440.jpg
train,red_rust,4,/content/CashewData_Split/train/red_rust/red_rust_441.jpg
train,red_rust,4,/content/CashewData_Split/train/red_rust/red_rust_442.jpg
train,red_rust,4,/content/CashewData_Split/train/red_rust/red_rust_443.jpg
train,red_rust,4,/content/CashewData_Split/train/red_rust/red_rust_444.jpg
train,red_rust,4,/content/CashewData_Split/train/red_rust/red_rust_445.jpg
train,red_rust,4,/content/CashewData_Split/train/red_rust/red_rust_446.jpg
train,red_rust,4,/content/CashewData_Split/train/red_rust/red_rust_447.jpg
train,red_rust,4,/content/CashewData_Split/train/red_rust/red_rust_448.jpg
train,red_rust,4,/content/CashewData_Split/train/red_rust/red_rust_449.jpg
train,red_rust,4,/content/CashewData_Split/train/red_rust/red_rust_45.jpg
train,red_rust,4,/content/CashewData_Split/train/red_rust/red_rust_450.jpg
train,red_rust,4,/content/CashewData_Split/train/red_rust/red_rust_451.jpg
train,red_rust,4,/content/CashewData_Split/train/red_rust/red_rust_452.jpg
train,red_rust,4,/content/CashewData_Split/train/red_rust/red_rust_453.jpg
train,red_rust,4,/content/CashewData_Split/train/red_rust/red_rust_454.jpg
train,red_rust,4,/content/CashewData_Split/train/red_rust/red_rust_455.jpg
train,red_rust,4,/content/CashewData_Split/train/red_rust/red_rust_456.jpg
train,red_rust,4,/content/CashewData_Split/train/red_rust/red_rust_457.jpg
train,red_rust,4,/content/CashewData_Split/train/red_rust/red_rust_458.jpg
train,red_rust,4,/content/CashewData_Split/train/red_rust/red_rust_459.jpg
train,red_rust,4,/content/CashewData_Split/train/red_rust/red_rust_46.jpg
train,red_rust,4,/content/CashewData_Split/train/red_rust/red_rust_460.jpg
train,red_rust,4,/content/CashewData_Split/train/red_rust/red_rust_461.jpg
train,red_rust,4,/content/CashewData_Split/train/red_rust/red_rust_462.jpg
train,red_rust,4,/content/CashewData_Split/train/red_rust/red_rust_463.jpg
train,red_rust,4,/content/CashewData_Split/train/red_rust/red_rust_464.jpg
train,red_rust,4,/content/CashewData_Split/train/red_rust/red_rust_465.jpg
train,red_rust,4,/content/CashewData_Split/train/red_rust/red_rust_466.jpg
train,red_rust,4,/content/CashewData_Split/train/red_rust/red_rust_467.jpg
train,red_rust,4,/content/CashewData_Split/train/red_rust/red_rust_468.jpg
train,red_rust,4,/content/CashewData_Split/train/red_rust/red_rust_469.jpg
train,red_rust,4,/content/CashewData_Split/train/red_rust/red_rust_47.jpg
train,red_rust,4,/content/CashewData_Split/train/red_rust/red_rust_471.jpg
train,red_rust,4,/content/CashewData_Split/train/red_rust/red_rust_472.jpg
train,red_rust,4,/content/CashewData_Split/train/red_rust/red_rust_473.jpg
train,red_rust,4,/content/CashewData_Split/train/red_rust/red_rust_474.jpg
train,red_rust,4,/content/CashewData_Split/train/red_rust/red_rust_475.jpg
train,red_rust,4,/content/CashewData_Split/train/red_rust/red_rust_476.jpg
train,red_rust,4,/content/CashewData_Split/train/red_rust/red_rust_477.jpg
train,red_rust,4,/content/CashewData_Split/train/red_rust/red_rust_478.jpg
train,red_rust,4,/content/CashewData_Split/train/red_rust/red_rust_479.jpg
train,red_rust,4,/content/CashewData_Split/train/red_rust/red_rust_48.jpg
train,red_rust,4,/content/CashewData_Split/train/red_rust/red_rust_480.jpg
train,red_rust,4,/content/CashewData_Split/train/red_rust/red_rust_481.jpg
train,red_rust,4,/content/CashewData_Split/train/red_rust/red_rust_482.jpg
train,red_rust,4,/content/CashewData_Split/train/red_rust/red_rust_483.jpg
train,red_rust,4,/content/CashewData_Split/train/red_rust/red_rust_484.jpg
train,red_rust,4,/content/CashewData_Split/train/red_rust/red_rust_485.jpg
train,red_rust,4,/content/CashewData_Split/train/red_rust/red_rust_486.jpg
train,red_rust,4,/content/CashewData_Split/train/red_rust/red_rust_487.jpg
train,red_rust,4,/content/CashewData_Split/train/red_rust/red_rust_488.jpg
train,red_rust,4,/content/CashewData_Split/train/red_rust/red_rust_489.jpg
train,red_rust,4,/content/CashewData_Split/train/red_rust/red_rust_49.jpg
train,red_rust,4,/content/CashewData_Split/train/red_rust/red_rust_490.jpg
train,red_rust,4,/content/CashewData_Split/train/red_rust/red_rust_491.jpg
train,red_rust,4,/content/CashewData_Split/train/red_rust/red_rust_492.jpg
train,red_rust,4,/content/CashewData_Split/train/red_rust/red_rust_493.jpg
train,red_rust,4,/content/CashewData_Split/train/red_rust/red_rust_494.jpg
train,red_rust,4,/content/CashewData_Split/train/red_rust/red_rust_495.jpg
train,red_rust,4,/content/CashewData_Split/train/red_rust/red_rust_496.jpg
train,red_rust,4,/content/CashewData_Split/train/red_rust/red_rust_497.jpg
train,red_rust,4,/content/CashewData_Split/train/red_rust/red_rust_498.jpg
train,red_rust,4,/content/CashewData_Split/train/red_rust/red_rust_499.jpg
train,red_rust,4,/content/CashewData_Split/train/red_rust/red_rust_5.jpg
train,red_rust,4,/content/CashewData_Split/train/red_rust/red_rust_50.jpg
train,red_rust,4,/content/CashewData_Split/train/red_rust/red_rust_500.jpg
train,red_rust,4,/content/CashewData_Split/train/red_rust/red_rust_501.jpg
train,red_rust,4,/content/CashewData_Split/train/red_rust/red_rust_502.jpg
train,red_rust,4,/content/CashewData_Split/train/red_rust/red_rust_503.jpg
train,red_rust,4,/content/CashewData_Split/train/red_rust/red_rust_504.jpg
train,red_rust,4,/content/CashewData_Split/train/red_rust/red_rust_505.jpg
train,red_rust,4,/content/CashewData_Split/train/red_rust/red_rust_506.jpg
train,red_rust,4,/content/CashewData_Split/train/red_rust/red_rust_507.jpg
train,red_rust,4,/content/CashewData_Split/train/red_rust/red_rust_508.jpg
train,red_rust,4,/content/CashewData_Split/train/red_rust/red_rust_509.jpg
train,red_rust,4,/content/CashewData_Split/train/red_rust/red_rust_51.jpg
train,red_rust,4,/content/CashewData_Split/train/red_rust/red_rust_510.jpg
train,red_rust,4,/content/CashewData_Split/train/red_rust/red_rust_511.jpg
train,red_rust,4,/content/CashewData_Split/train/red_rust/red_rust_512.jpg
train,red_rust,4,/content/CashewData_Split/train/red_rust/red_rust_513.jpg
train,red_rust,4,/content/CashewData_Split/train/red_rust/red_rust_514.jpg
train,red_rust,4,/content/CashewData_Split/train/red_rust/red_rust_515.jpg
train,red_rust,4,/content/CashewData_Split/train/red_rust/red_rust_516.jpg
train,red_rust,4,/content/CashewData_Split/train/red_rust/red_rust_517.jpg
train,red_rust,4,/content/CashewData_Split/train/red_rust/red_rust_518.jpg
train,red_rust,4,/content/CashewData_Split/train/red_rust/red_rust_519.jpg
train,red_rust,4,/content/CashewData_Split/train/red_rust/red_rust_52.jpg
train,red_rust,4,/content/CashewData_Split/train/red_rust/red_rust_520.jpg
train,red_rust,4,/content/CashewData_Split/train/red_rust/red_rust_521.jpg
train,red_rust,4,/content/CashewData_Split/train/red_rust/red_rust_522.jpg
train,red_rust,4,/content/CashewData_Split/train/red_rust/red_rust_523.jpg
train,red_rust,4,/content/CashewData_Split/train/red_rust/red_rust_524.jpg
train,red_rust,4,/content/CashewData_Split/train/red_rust/red_rust_525.jpg
train,red_rust,4,/content/CashewData_Split/train/red_rust/red_rust_526.jpg
train,red_rust,4,/content/CashewData_Split/train/red_rust/red_rust_527.jpg
train,red_rust,4,/content/CashewData_Split/train/red_rust/red_rust_528.jpg
train,red_rust,4,/content/CashewData_Split/train/red_rust/red_rust_529.jpg
train,red_rust,4,/content/CashewData_Split/train/red_rust/red_rust_53.jpg
train,red_rust,4,/content/CashewData_Split/train/red_rust/red_rust_530.jpg
train,red_rust,4,/content/CashewData_Split/train/red_rust/red_rust_531.jpg
train,red_rust,4,/content/CashewData_Split/train/red_rust/red_rust_532.jpg
train,red_rust,4,/content/CashewData_Split/train/red_rust/red_rust_533.jpg
train,red_rust,4,/content/CashewData_Split/train/red_rust/red_rust_534.jpg
train,red_rust,4,/content/CashewData_Split/train/red_rust/red_rust_535.jpg
train,red_rust,4,/content/CashewData_Split/train/red_rust/red_rust_536.jpg
train,red_rust,4,/content/CashewData_Split/train/red_rust/red_rust_537.jpg
train,red_rust,4,/content/CashewData_Split/train/red_rust/red_rust_538.jpg
train,red_rust,4,/content/CashewData_Split/train/red_rust/red_rust_539.jpg
train,red_rust,4,/content/CashewData_Split/train/red_rust/red_rust_54.jpg
train,red_rust,4,/content/CashewData_Split/train/red_rust/red_rust_540.jpg
train,red_rust,4,/content/CashewData_Split/train/red_rust/red_rust_541.jpg
train,red_rust,4,/content/CashewData_Split/train/red_rust/red_rust_542.jpg
train,red_rust,4,/content/CashewData_Split/train/red_rust/red_rust_543.jpg
train,red_rust,4,/content/CashewData_Split/train/red_rust/red_rust_544.jpg
train,red_rust,4,/content/CashewData_Split/train/red_rust/red_rust_545.jpg
train,red_rust,4,/content/CashewData_Split/train/red_rust/red_rust_546.jpg
train,red_rust,4,/content/CashewData_Split/train/red_rust/red_rust_547.jpg
train,red_rust,4,/content/CashewData_Split/train/red_rust/red_rust_548.jpg
train,red_rust,4,/content/CashewData_Split/train/red_rust/red_rust_549.jpg
train,red_rust,4,/content/CashewData_Split/train/red_rust/red_rust_55.jpg
train,red_rust,4,/content/CashewData_Split/train/red_rust/red_rust_550.jpg
train,red_rust,4,/content/CashewData_Split/train/red_rust/red_rust_551.jpg
train,red_rust,4,/content/CashewData_Split/train/red_rust/red_rust_552.jpg
train,red_rust,4,/content/CashewData_Split/train/red_rust/red_rust_553.jpg
train,red_rust,4,/content/CashewData_Split/train/red_rust/red_rust_554.jpg
train,red_rust,4,/content/CashewData_Split/train/red_rust/red_rust_555.jpg
train,red_rust,4,/content/CashewData_Split/train/red_rust/red_rust_556.jpg
train,red_rust,4,/content/CashewData_Split/train/red_rust/red_rust_557.jpg
train,red_rust,4,/content/CashewData_Split/train/red_rust/red_rust_558.jpg
train,red_rust,4,/content/CashewData_Split/train/red_rust/red_rust_559.jpg
train,red_rust,4,/content/CashewData_Split/train/red_rust/red_rust_56.jpg
train,red_rust,4,/content/CashewData_Split/train/red_rust/red_rust_560.jpg
train,red_rust,4,/content/CashewData_Split/train/red_rust/red_rust_561.jpg
train,red_rust,4,/content/CashewData_Split/train/red_rust/red_rust_562.jpg
train,red_rust,4,/content/CashewData_Split/train/red_rust/red_rust_563.jpg
train,red_rust,4,/content/CashewData_Split/train/red_rust/red_rust_565.jpg
train,red_rust,4,/content/CashewData_Split/train/red_rust/red_rust_566.jpg
train,red_rust,4,/content/CashewData_Split/train/red_rust/red_rust_567.jpg
train,red_rust,4,/content/CashewData_Split/train/red_rust/red_rust_568.jpg
train,red_rust,4,/content/CashewData_Split/train/red_rust/red_rust_569.jpg
train,red_rust,4,/content/CashewData_Split/train/red_rust/red_rust_57.jpg
train,red_rust,4,/content/CashewData_Split/train/red_rust/red_rust_570.jpg
train,red_rust,4,/content/CashewData_Split/train/red_rust/red_rust_571.jpg
train,red_rust,4,/content/CashewData_Split/train/red_rust/red_rust_572.jpg
train,red_rust,4,/content/CashewData_Split/train/red_rust/red_rust_574.jpg
train,red_rust,4,/content/CashewData_Split/train/red_rust/red_rust_575.jpg
train,red_rust,4,/content/CashewData_Split/train/red_rust/red_rust_576.jpg
train,red_rust,4,/content/CashewData_Split/train/red_rust/red_rust_577.jpg
train,red_rust,4,/content/CashewData_Split/train/red_rust/red_rust_578.jpg
train,red_rust,4,/content/CashewData_Split/train/red_rust/red_rust_579.jpg
train,red_rust,4,/content/CashewData_Split/train/red_rust/red_rust_58.jpg
train,red_rust,4,/content/CashewData_Split/train/red_rust/red_rust_580.jpg
train,red_rust,4,/content/CashewData_Split/train/red_rust/red_rust_581.jpg
train,red_rust,4,/content/CashewData_Split/train/red_rust/red_rust_582.jpg
train,red_rust,4,/content/CashewData_Split/train/red_rust/red_rust_583.jpg
train,red_rust,4,/content/CashewData_Split/train/red_rust/red_rust_585.jpg
train,red_rust,4,/content/CashewData_Split/train/red_rust/red_rust_586.jpg
train,red_rust,4,/content/CashewData_Split/train/red_rust/red_rust_588.jpg
train,red_rust,4,/content/CashewData_Split/train/red_rust/red_rust_589.jpg
train,red_rust,4,/content/CashewData_Split/train/red_rust/red_rust_59.jpg
train,red_rust,4,/content/CashewData_Split/train/red_rust/red_rust_590.jpg
train,red_rust,4,/content/CashewData_Split/train/red_rust/red_rust_591.jpg
train,red_rust,4,/content/CashewData_Split/train/red_rust/red_rust_592.jpg
train,red_rust,4,/content/CashewData_Split/train/red_rust/red_rust_593.jpg
train,red_rust,4,/content/CashewData_Split/train/red_rust/red_rust_594.jpg
train,red_rust,4,/content/CashewData_Split/train/red_rust/red_rust_595.jpg
train,red_rust,4,/content/CashewData_Split/train/red_rust/red_rust_596.jpg
train,red_rust,4,/content/CashewData_Split/train/red_rust/red_rust_597.jpg
train,red_rust,4,/content/CashewData_Split/train/red_rust/red_rust_598.jpg
train,red_rust,4,/content/CashewData_Split/train/red_rust/red_rust_599.jpg
train,red_rust,4,/content/CashewData_Split/train/red_rust/red_rust_6.jpg
train,red_rust,4,/content/CashewData_Split/train/red_rust/red_rust_60.jpg
train,red_rust,4,/content/CashewData_Split/train/red_rust/red_rust_600.jpg
train,red_rust,4,/content/CashewData_Split/train/red_rust/red_rust_601.jpg
train,red_rust,4,/content/CashewData_Split/train/red_rust/red_rust_602.jpg
train,red_rust,4,/content/CashewData_Split/train/red_rust/red_rust_603.jpg
train,red_rust,4,/content/CashewData_Split/train/red_rust/red_rust_604.jpg
train,red_rust,4,/content/CashewData_Split/train/red_rust/red_rust_605.jpg
train,red_rust,4,/content/CashewData_Split/train/red_rust/red_rust_606.jpg
train,red_rust,4,/content/CashewData_Split/train/red_rust/red_rust_607.jpg
train,red_rust,4,/content/CashewData_Split/train/red_rust/red_rust_608.jpg
train,red_rust,4,/content/CashewData_Split/train/red_rust/red_rust_609.jpg
train,red_rust,4,/content/CashewData_Split/train/red_rust/red_rust_61.jpg
train,red_rust,4,/content/CashewData_Split/train/red_rust/red_rust_610.jpg
train,red_rust,4,/content/CashewData_Split/train/red_rust/red_rust_611.jpg
train,red_rust,4,/content/CashewData_Split/train/red_rust/red_rust_612.jpg
train,red_rust,4,/content/CashewData_Split/train/red_rust/red_rust_614.jpg
train,red_rust,4,/content/CashewData_Split/train/red_rust/red_rust_615.jpg
train,red_rust,4,/content/CashewData_Split/train/red_rust/red_rust_616.jpg
train,red_rust,4,/content/CashewData_Split/train/red_rust/red_rust_617.jpg
train,red_rust,4,/content/CashewData_Split/train/red_rust/red_rust_618.jpg
train,red_rust,4,/content/CashewData_Split/train/red_rust/red_rust_619.jpg
train,red_rust,4,/content/CashewData_Split/train/red_rust/red_rust_62.jpg
train,red_rust,4,/content/CashewData_Split/train/red_rust/red_rust_620.jpg
train,red_rust,4,/content/CashewData_Split/train/red_rust/red_rust_621.jpg
train,red_rust,4,/content/CashewData_Split/train/red_rust/red_rust_622.jpg
train,red_rust,4,/content/CashewData_Split/train/red_rust/red_rust_623.jpg
train,red_rust,4,/content/CashewData_Split/train/red_rust/red_rust_625.jpg
train,red_rust,4,/content/CashewData_Split/train/red_rust/red_rust_626.jpg
train,red_rust,4,/content/CashewData_Split/train/red_rust/red_rust_627.jpg
train,red_rust,4,/content/CashewData_Split/train/red_rust/red_rust_628.jpg
train,red_rust,4,/content/CashewData_Split/train/red_rust/red_rust_629.jpg
train,red_rust,4,/content/CashewData_Split/train/red_rust/red_rust_63.jpg
train,red_rust,4,/content/CashewData_Split/train/red_rust/red_rust_630.jpg
train,red_rust,4,/content/CashewData_Split/train/red_rust/red_rust_631.jpg
train,red_rust,4,/content/CashewData_Split/train/red_rust/red_rust_632.jpg
train,red_rust,4,/content/CashewData_Split/train/red_rust/red_rust_633.jpg
train,red_rust,4,/content/CashewData_Split/train/red_rust/red_rust_634.jpg
train,red_rust,4,/content/CashewData_Split/train/red_rust/red_rust_635.jpg
train,red_rust,4,/content/CashewData_Split/train/red_rust/red_rust_636.jpg
train,red_rust,4,/content/CashewData_Split/train/red_rust/red_rust_637.jpg
train,red_rust,4,/content/CashewData_Split/train/red_rust/red_rust_638.jpg
train,red_rust,4,/content/CashewData_Split/train/red_rust/red_rust_639.jpg
train,red_rust,4,/content/CashewData_Split/train/red_rust/red_rust_64.jpg
train,red_rust,4,/content/CashewData_Split/train/red_rust/red_rust_640.jpg
train,red_rust,4,/content/CashewData_Split/train/red_rust/red_rust_641.jpg
train,red_rust,4,/content/CashewData_Split/train/red_rust/red_rust_643.jpg
train,red_rust,4,/content/CashewData_Split/train/red_rust/red_rust_644.jpg
train,red_rust,4,/content/CashewData_Split/train/red_rust/red_rust_645.jpg
train,red_rust,4,/content/CashewData_Split/train/red_rust/red_rust_646.jpg
train,red_rust,4,/content/CashewData_Split/train/red_rust/red_rust_647.jpg
train,red_rust,4,/content/CashewData_Split/train/red_rust/red_rust_648.jpg
train,red_rust,4,/content/CashewData_Split/train/red_rust/red_rust_649.jpg
train,red_rust,4,/content/CashewData_Split/train/red_rust/red_rust_65.jpg
train,red_rust,4,/content/CashewData_Split/train/red_rust/red_rust_650.jpg
train,red_rust,4,/content/CashewData_Split/train/red_rust/red_rust_651.jpg
train,red_rust,4,/content/CashewData_Split/train/red_rust/red_rust_652.jpg
train,red_rust,4,/content/CashewData_Split/train/red_rust/red_rust_653.jpg
train,red_rust,4,/content/CashewData_Split/train/red_rust/red_rust_654.jpg
train,red_rust,4,/content/CashewData_Split/train/red_rust/red_rust_655.jpg
train,red_rust,4,/content/CashewData_Split/train/red_rust/red_rust_656.jpg
train,red_rust,4,/content/CashewData_Split/train/red_rust/red_rust_658.jpg
train,red_rust,4,/content/CashewData_Split/train/red_rust/red_rust_659.jpg
train,red_rust,4,/content/CashewData_Split/train/red_rust/red_rust_66.jpg
train,red_rust,4,/content/CashewData_Split/train/red_rust/red_rust_660.jpg
train,red_rust,4,/content/CashewData_Split/train/red_rust/red_rust_661.jpg
train,red_rust,4,/content/CashewData_Split/train/red_rust/red_rust_662.jpg
train,red_rust,4,/content/CashewData_Split/train/red_rust/red_rust_663.jpg
train,red_rust,4,/content/CashewData_Split/train/red_rust/red_rust_664.jpg
train,red_rust,4,/content/CashewData_Split/train/red_rust/red_rust_665.jpg
train,red_rust,4,/content/CashewData_Split/train/red_rust/red_rust_666.jpg
train,red_rust,4,/content/CashewData_Split/train/red_rust/red_rust_667.jpg
train,red_rust,4,/content/CashewData_Split/train/red_rust/red_rust_668.jpg
train,red_rust,4,/content/CashewData_Split/train/red_rust/red_rust_669.jpg
train,red_rust,4,/content/CashewData_Split/train/red_rust/red_rust_67.jpg
train,red_rust,4,/content/CashewData_Split/train/red_rust/red_rust_670.jpg
train,red_rust,4,/content/CashewData_Split/train/red_rust/red_rust_671.jpg
train,red_rust,4,/content/CashewData_Split/train/red_rust/red_rust_672.jpg
train,red_rust,4,/content/CashewData_Split/train/red_rust/red_rust_673.jpg
train,red_rust,4,/content/CashewData_Split/train/red_rust/red_rust_674.jpg
train,red_rust,4,/content/CashewData_Split/train/red_rust/red_rust_675.jpg
train,red_rust,4,/content/CashewData_Split/train/red_rust/red_rust_676.jpg
train,red_rust,4,/content/CashewData_Split/train/red_rust/red_rust_677.jpg
train,red_rust,4,/content/CashewData_Split/train/red_rust/red_rust_678.jpg
train,red_rust,4,/content/CashewData_Split/train/red_rust/red_rust_679.jpg
train,red_rust,4,/content/CashewData_Split/train/red_rust/red_rust_68.jpg
train,red_rust,4,/content/CashewData_Split/train/red_rust/red_rust_680.jpg
train,red_rust,4,/content/CashewData_Split/train/red_rust/red_rust_681.jpg
train,red_rust,4,/content/CashewData_Split/train/red_rust/red_rust_682.jpg
train,red_rust,4,/content/CashewData_Split/train/red_rust/red_rust_683.jpg
train,red_rust,4,/content/CashewData_Split/train/red_rust/red_rust_684.jpg
train,red_rust,4,/content/CashewData_Split/train/red_rust/red_rust_685.jpg
train,red_rust,4,/content/CashewData_Split/train/red_rust/red_rust_686.jpg
train,red_rust,4,/content/CashewData_Split/train/red_rust/red_rust_687.jpg
train,red_rust,4,/content/CashewData_Split/train/red_rust/red_rust_688.jpg
train,red_rust,4,/content/CashewData_Split/train/red_rust/red_rust_689.jpg
train,red_rust,4,/content/CashewData_Split/train/red_rust/red_rust_69.jpg
train,red_rust,4,/content/CashewData_Split/train/red_rust/red_rust_690.jpg
train,red_rust,4,/content/CashewData_Split/train/red_rust/red_rust_691.jpg
train,red_rust,4,/content/CashewData_Split/train/red_rust/red_rust_692.jpg
train,red_rust,4,/content/CashewData_Split/train/red_rust/red_rust_693.jpg
train,red_rust,4,/content/CashewData_Split/train/red_rust/red_rust_694.jpg
train,red_rust,4,/content/CashewData_Split/train/red_rust/red_rust_695.jpg
train,red_rust,4,/content/CashewData_Split/train/red_rust/red_rust_696.jpg
train,red_rust,4,/content/CashewData_Split/train/red_rust/red_rust_697.jpg
train,red_rust,4,/content/CashewData_Split/train/red_rust/red_rust_698.jpg
train,red_rust,4,/content/CashewData_Split/train/red_rust/red_rust_7.jpg
train,red_rust,4,/content/CashewData_Split/train/red_rust/red_rust_70.jpg
train,red_rust,4,/content/CashewData_Split/train/red_rust/red_rust_700.jpg
train,red_rust,4,/content/CashewData_Split/train/red_rust/red_rust_701.jpg
train,red_rust,4,/content/CashewData_Split/train/red_rust/red_rust_702.jpg
train,red_rust,4,/content/CashewData_Split/train/red_rust/red_rust_703.jpg
train,red_rust,4,/content/CashewData_Split/train/red_rust/red_rust_704.jpg
train,red_rust,4,/content/CashewData_Split/train/red_rust/red_rust_705.jpg
train,red_rust,4,/content/CashewData_Split/train/red_rust/red_rust_706.jpg
train,red_rust,4,/content/CashewData_Split/train/red_rust/red_rust_707.jpg
train,red_rust,4,/content/CashewData_Split/train/red_rust/red_rust_708.jpg
train,red_rust,4,/content/CashewData_Split/train/red_rust/red_rust_709.jpg
train,red_rust,4,/content/CashewData_Split/train/red_rust/red_rust_71.jpg
train,red_rust,4,/content/CashewData_Split/train/red_rust/red_rust_710.jpg
train,red_rust,4,/content/CashewData_Split/train/red_rust/red_rust_711.jpg
train,red_rust,4,/content/CashewData_Split/train/red_rust/red_rust_712.jpg
train,red_rust,4,/content/CashewData_Split/train/red_rust/red_rust_714.jpg
train,red_rust,4,/content/CashewData_Split/train/red_rust/red_rust_715.jpg
train,red_rust,4,/content/CashewData_Split/train/red_rust/red_rust_716.jpg
train,red_rust,4,/content/CashewData_Split/train/red_rust/red_rust_717.jpg
train,red_rust,4,/content/CashewData_Split/train/red_rust/red_rust_718.jpg
train,red_rust,4,/content/CashewData_Split/train/red_rust/red_rust_719.jpg
train,red_rust,4,/content/CashewData_Split/train/red_rust/red_rust_72.jpg
train,red_rust,4,/content/CashewData_Split/train/red_rust/red_rust_720.jpg
train,red_rust,4,/content/CashewData_Split/train/red_rust/red_rust_721.jpg
train,red_rust,4,/content/CashewData_Split/train/red_rust/red_rust_723.jpg
train,red_rust,4,/content/CashewData_Split/train/red_rust/red_rust_724.jpg
train,red_rust,4,/content/CashewData_Split/train/red_rust/red_rust_725.jpg
train,red_rust,4,/content/CashewData_Split/train/red_rust/red_rust_726.jpg
train,red_rust,4,/content/CashewData_Split/train/red_rust/red_rust_727.jpg
train,red_rust,4,/content/CashewData_Split/train/red_rust/red_rust_728.jpg
train,red_rust,4,/content/CashewData_Split/train/red_rust/red_rust_729.jpg
train,red_rust,4,/content/CashewData_Split/train/red_rust/red_rust_73.jpg
train,red_rust,4,/content/CashewData_Split/train/red_rust/red_rust_730.jpg
train,red_rust,4,/content/CashewData_Split/train/red_rust/red_rust_731.jpg
train,red_rust,4,/content/CashewData_Split/train/red_rust/red_rust_732.jpg
train,red_rust,4,/content/CashewData_Split/train/red_rust/red_rust_733.jpg
train,red_rust,4,/content/CashewData_Split/train/red_rust/red_rust_734.jpg
train,red_rust,4,/content/CashewData_Split/train/red_rust/red_rust_735.jpg
train,red_rust,4,/content/CashewData_Split/train/red_rust/red_rust_736.jpg
train,red_rust,4,/content/CashewData_Split/train/red_rust/red_rust_737.jpg
train,red_rust,4,/content/CashewData_Split/train/red_rust/red_rust_738.jpg
train,red_rust,4,/content/CashewData_Split/train/red_rust/red_rust_739.jpg
train,red_rust,4,/content/CashewData_Split/train/red_rust/red_rust_74.jpg
train,red_rust,4,/content/CashewData_Split/train/red_rust/red_rust_740.jpg
train,red_rust,4,/content/CashewData_Split/train/red_rust/red_rust_741.jpg
train,red_rust,4,/content/CashewData_Split/train/red_rust/red_rust_742.jpg
train,red_rust,4,/content/CashewData_Split/train/red_rust/red_rust_743.jpg
train,red_rust,4,/content/CashewData_Split/train/red_rust/red_rust_744.jpg
train,red_rust,4,/content/CashewData_Split/train/red_rust/red_rust_745.jpg
train,red_rust,4,/content/CashewData_Split/train/red_rust/red_rust_746.jpg
train,red_rust,4,/content/CashewData_Split/train/red_rust/red_rust_747.jpg
train,red_rust,4,/content/CashewData_Split/train/red_rust/red_rust_748.jpg
train,red_rust,4,/content/CashewData_Split/train/red_rust/red_rust_749.jpg
train,red_rust,4,/content/CashewData_Split/train/red_rust/red_rust_75.jpg
train,red_rust,4,/content/CashewData_Split/train/red_rust/red_rust_750.jpg
train,red_rust,4,/content/CashewData_Split/train/red_rust/red_rust_751.jpg
train,red_rust,4,/content/CashewData_Split/train/red_rust/red_rust_752.jpg
train,red_rust,4,/content/CashewData_Split/train/red_rust/red_rust_753.jpg
train,red_rust,4,/content/CashewData_Split/train/red_rust/red_rust_754.jpg
train,red_rust,4,/content/CashewData_Split/train/red_rust/red_rust_755.jpg
train,red_rust,4,/content/CashewData_Split/train/red_rust/red_rust_756.jpg
train,red_rust,4,/content/CashewData_Split/train/red_rust/red_rust_757.jpg
train,red_rust,4,/content/CashewData_Split/train/red_rust/red_rust_758.jpg
train,red_rust,4,/content/CashewData_Split/train/red_rust/red_rust_759.jpg
train,red_rust,4,/content/CashewData_Split/train/red_rust/red_rust_76.jpg
train,red_rust,4,/content/CashewData_Split/train/red_rust/red_rust_760.jpg
train,red_rust,4,/content/CashewData_Split/train/red_rust/red_rust_761.jpg
train,red_rust,4,/content/CashewData_Split/train/red_rust/red_rust_762.jpg
train,red_rust,4,/content/CashewData_Split/train/red_rust/red_rust_763.jpg
train,red_rust,4,/content/CashewData_Split/train/red_rust/red_rust_764.jpg
train,red_rust,4,/content/CashewData_Split/train/red_rust/red_rust_765.jpg
train,red_rust,4,/content/CashewData_Split/train/red_rust/red_rust_766.jpg
train,red_rust,4,/content/CashewData_Split/train/red_rust/red_rust_767.jpg
train,red_rust,4,/content/CashewData_Split/train/red_rust/red_rust_768.jpg
train,red_rust,4,/content/CashewData_Split/train/red_rust/red_rust_769.jpg
train,red_rust,4,/content/CashewData_Split/train/red_rust/red_rust_77.jpg
train,red_rust,4,/content/CashewData_Split/train/red_rust/red_rust_771.jpg
train,red_rust,4,/content/CashewData_Split/train/red_rust/red_rust_772.jpg
train,red_rust,4,/content/CashewData_Split/train/red_rust/red_rust_773.jpg
train,red_rust,4,/content/CashewData_Split/train/red_rust/red_rust_774.jpg
train,red_rust,4,/content/CashewData_Split/train/red_rust/red_rust_775.jpg
train,red_rust,4,/content/CashewData_Split/train/red_rust/red_rust_776.jpg
train,red_rust,4,/content/CashewData_Split/train/red_rust/red_rust_777.jpg
train,red_rust,4,/content/CashewData_Split/train/red_rust/red_rust_778.jpg
train,red_rust,4,/content/CashewData_Split/train/red_rust/red_rust_779.jpg
train,red_rust,4,/content/CashewData_Split/train/red_rust/red_rust_78.jpg
train,red_rust,4,/content/CashewData_Split/train/red_rust/red_rust_780.jpg
train,red_rust,4,/content/CashewData_Split/train/red_rust/red_rust_781.jpg
train,red_rust,4,/content/CashewData_Split/train/red_rust/red_rust_782.jpg
train,red_rust,4,/content/CashewData_Split/train/red_rust/red_rust_783.jpg
train,red_rust,4,/content/CashewData_Split/train/red_rust/red_rust_784.jpg
train,red_rust,4,/content/CashewData_Split/train/red_rust/red_rust_786.jpg
train,red_rust,4,/content/CashewData_Split/train/red_rust/red_rust_787.jpg
train,red_rust,4,/content/CashewData_Split/train/red_rust/red_rust_788.jpg
train,red_rust,4,/content/CashewData_Split/train/red_rust/red_rust_789.jpg
train,red_rust,4,/content/CashewData_Split/train/red_rust/red_rust_79.jpg
train,red_rust,4,/content/CashewData_Split/train/red_rust/red_rust_790.jpg
train,red_rust,4,/content/CashewData_Split/train/red_rust/red_rust_791.jpg
train,red_rust,4,/content/CashewData_Split/train/red_rust/red_rust_792.jpg
train,red_rust,4,/content/CashewData_Split/train/red_rust/red_rust_793.jpg
train,red_rust,4,/content/CashewData_Split/train/red_rust/red_rust_794.jpg
train,red_rust,4,/content/CashewData_Split/train/red_rust/red_rust_795.jpg
train,red_rust,4,/content/CashewData_Split/train/red_rust/red_rust_796.jpg
train,red_rust,4,/content/CashewData_Split/train/red_rust/red_rust_797.jpg
train,red_rust,4,/content/CashewData_Split/train/red_rust/red_rust_799.jpg
train,red_rust,4,/content/CashewData_Split/train/red_rust/red_rust_8.jpg
train,red_rust,4,/content/CashewData_Split/train/red_rust/red_rust_80.jpg
train,red_rust,4,/content/CashewData_Split/train/red_rust/red_rust_800.jpg
train,red_rust,4,/content/CashewData_Split/train/red_rust/red_rust_801.jpg
train,red_rust,4,/content/CashewData_Split/train/red_rust/red_rust_802.jpg
train,red_rust,4,/content/CashewData_Split/train/red_rust/red_rust_803.jpg
train,red_rust,4,/content/CashewData_Split/train/red_rust/red_rust_804.jpg
train,red_rust,4,/content/CashewData_Split/train/red_rust/red_rust_805.jpg
train,red_rust,4,/content/CashewData_Split/train/red_rust/red_rust_806.jpg
train,red_rust,4,/content/CashewData_Split/train/red_rust/red_rust_807.jpg
train,red_rust,4,/content/CashewData_Split/train/red_rust/red_rust_808.jpg
train,red_rust,4,/content/CashewData_Split/train/red_rust/red_rust_809.jpg
train,red_rust,4,/content/CashewData_Split/train/red_rust/red_rust_81.jpg
train,red_rust,4,/content/CashewData_Split/train/red_rust/red_rust_810.jpg
train,red_rust,4,/content/CashewData_Split/train/red_rust/red_rust_811.jpg
train,red_rust,4,/content/CashewData_Split/train/red_rust/red_rust_812.jpg
train,red_rust,4,/content/CashewData_Split/train/red_rust/red_rust_813.jpg
train,red_rust,4,/content/CashewData_Split/train/red_rust/red_rust_814.jpg
train,red_rust,4,/content/CashewData_Split/train/red_rust/red_rust_815.jpg
train,red_rust,4,/content/CashewData_Split/train/red_rust/red_rust_816.jpg
train,red_rust,4,/content/CashewData_Split/train/red_rust/red_rust_817.jpg
train,red_rust,4,/content/CashewData_Split/train/red_rust/red_rust_818.jpg
train,red_rust,4,/content/CashewData_Split/train/red_rust/red_rust_819.jpg
train,red_rust,4,/content/CashewData_Split/train/red_rust/red_rust_82.jpg
train,red_rust,4,/content/CashewData_Split/train/red_rust/red_rust_820.jpg
train,red_rust,4,/content/CashewData_Split/train/red_rust/red_rust_821.jpg
train,red_rust,4,/content/CashewData_Split/train/red_rust/red_rust_822.jpg
train,red_rust,4,/content/CashewData_Split/train/red_rust/red_rust_823.jpg
train,red_rust,4,/content/CashewData_Split/train/red_rust/red_rust_824.jpg
train,red_rust,4,/content/CashewData_Split/train/red_rust/red_rust_825.jpg
train,red_rust,4,/content/CashewData_Split/train/red_rust/red_rust_826.jpg
train,red_rust,4,/content/CashewData_Split/train/red_rust/red_rust_827.jpg
train,red_rust,4,/content/CashewData_Split/train/red_rust/red_rust_828.jpg
train,red_rust,4,/content/CashewData_Split/train/red_rust/red_rust_829.jpg
train,red_rust,4,/content/CashewData_Split/train/red_rust/red_rust_83.jpg
train,red_rust,4,/content/CashewData_Split/train/red_rust/red_rust_830.jpg
train,red_rust,4,/content/CashewData_Split/train/red_rust/red_rust_831.jpg
train,red_rust,4,/content/CashewData_Split/train/red_rust/red_rust_832.jpg
train,red_rust,4,/content/CashewData_Split/train/red_rust/red_rust_833.jpg
train,red_rust,4,/content/CashewData_Split/train/red_rust/red_rust_834.jpg
train,red_rust,4,/content/CashewData_Split/train/red_rust/red_rust_835.jpg
train,red_rust,4,/content/CashewData_Split/train/red_rust/red_rust_836.jpg
train,red_rust,4,/content/CashewData_Split/train/red_rust/red_rust_837.jpg
train,red_rust,4,/content/CashewData_Split/train/red_rust/red_rust_838.jpg
train,red_rust,4,/content/CashewData_Split/train/red_rust/red_rust_839.jpg
train,red_rust,4,/content/CashewData_Split/train/red_rust/red_rust_84.jpg
train,red_rust,4,/content/CashewData_Split/train/red_rust/red_rust_840.jpg
train,red_rust,4,/content/CashewData_Split/train/red_rust/red_rust_841.jpg
train,red_rust,4,/content/CashewData_Split/train/red_rust/red_rust_842.jpg
train,red_rust,4,/content/CashewData_Split/train/red_rust/red_rust_843.jpg
train,red_rust,4,/content/CashewData_Split/train/red_rust/red_rust_844.jpg
train,red_rust,4,/content/CashewData_Split/train/red_rust/red_rust_845.jpg
train,red_rust,4,/content/CashewData_Split/train/red_rust/red_rust_846.jpg
train,red_rust,4,/content/CashewData_Split/train/red_rust/red_rust_847.jpg
train,red_rust,4,/content/CashewData_Split/train/red_rust/red_rust_848.jpg
train,red_rust,4,/content/CashewData_Split/train/red_rust/red_rust_849.jpg
train,red_rust,4,/content/CashewData_Split/train/red_rust/red_rust_85.jpg
train,red_rust,4,/content/CashewData_Split/train/red_rust/red_rust_850.jpg
train,red_rust,4,/content/CashewData_Split/train/red_rust/red_rust_851.jpg
train,red_rust,4,/content/CashewData_Split/train/red_rust/red_rust_852.jpg
train,red_rust,4,/content/CashewData_Split/train/red_rust/red_rust_853.jpg
train,red_rust,4,/content/CashewData_Split/train/red_rust/red_rust_854.jpg
train,red_rust,4,/content/CashewData_Split/train/red_rust/red_rust_855.jpg
train,red_rust,4,/content/CashewData_Split/train/red_rust/red_rust_856.jpg
train,red_rust,4,/content/CashewData_Split/train/red_rust/red_rust_857.jpg
train,red_rust,4,/content/CashewData_Split/train/red_rust/red_rust_858.jpg
train,red_rust,4,/content/CashewData_Split/train/red_rust/red_rust_859.jpg
train,red_rust,4,/content/CashewData_Split/train/red_rust/red_rust_86.jpg
train,red_rust,4,/content/CashewData_Split/train/red_rust/red_rust_860.jpg
train,red_rust,4,/content/CashewData_Split/train/red_rust/red_rust_861.jpg
train,red_rust,4,/content/CashewData_Split/train/red_rust/red_rust_862.jpg
train,red_rust,4,/content/CashewData_Split/train/red_rust/red_rust_863.jpg
train,red_rust,4,/content/CashewData_Split/train/red_rust/red_rust_864.jpg
train,red_rust,4,/content/CashewData_Split/train/red_rust/red_rust_865.jpg
train,red_rust,4,/content/CashewData_Split/train/red_rust/red_rust_866.jpg
train,red_rust,4,/content/CashewData_Split/train/red_rust/red_rust_867.jpg
train,red_rust,4,/content/CashewData_Split/train/red_rust/red_rust_868.jpg
train,red_rust,4,/content/CashewData_Split/train/red_rust/red_rust_869.jpg
train,red_rust,4,/content/CashewData_Split/train/red_rust/red_rust_87.jpg
train,red_rust,4,/content/CashewData_Split/train/red_rust/red_rust_870.jpg
train,red_rust,4,/content/CashewData_Split/train/red_rust/red_rust_871.jpg
train,red_rust,4,/content/CashewData_Split/train/red_rust/red_rust_872.jpg
train,red_rust,4,/content/CashewData_Split/train/red_rust/red_rust_873.jpg
train,red_rust,4,/content/CashewData_Split/train/red_rust/red_rust_874.jpg
train,red_rust,4,/content/CashewData_Split/train/red_rust/red_rust_875.jpg
train,red_rust,4,/content/CashewData_Split/train/red_rust/red_rust_876.jpg
train,red_rust,4,/content/CashewData_Split/train/red_rust/red_rust_877.jpg
train,red_rust,4,/content/CashewData_Split/train/red_rust/red_rust_878.jpg
train,red_rust,4,/content/CashewData_Split/train/red_rust/red_rust_879.jpg
train,red_rust,4,/content/CashewData_Split/train/red_rust/red_rust_88.jpg
train,red_rust,4,/content/CashewData_Split/train/red_rust/red_rust_880.jpg
train,red_rust,4,/content/CashewData_Split/train/red_rust/red_rust_881.jpg
train,red_rust,4,/content/CashewData_Split/train/red_rust/red_rust_882.jpg
train,red_rust,4,/content/CashewData_Split/train/red_rust/red_rust_883.jpg
train,red_rust,4,/content/CashewData_Split/train/red_rust/red_rust_884.jpg
train,red_rust,4,/content/CashewData_Split/train/red_rust/red_rust_885.jpg
train,red_rust,4,/content/CashewData_Split/train/red_rust/red_rust_886.jpg
train,red_rust,4,/content/CashewData_Split/train/red_rust/red_rust_887.jpg
train,red_rust,4,/content/CashewData_Split/train/red_rust/red_rust_888.jpg
train,red_rust,4,/content/CashewData_Split/train/red_rust/red_rust_889.jpg
train,red_rust,4,/content/CashewData_Split/train/red_rust/red_rust_89.jpg
train,red_rust,4,/content/CashewData_Split/train/red_rust/red_rust_890.jpg
train,red_rust,4,/content/CashewData_Split/train/red_rust/red_rust_892.jpg
train,red_rust,4,/content/CashewData_Split/train/red_rust/red_rust_893.jpg
train,red_rust,4,/content/CashewData_Split/train/red_rust/red_rust_894.jpg
train,red_rust,4,/content/CashewData_Split/train/red_rust/red_rust_895.jpg
train,red_rust,4,/content/CashewData_Split/train/red_rust/red_rust_896.jpg
train,red_rust,4,/content/CashewData_Split/train/red_rust/red_rust_897.jpg
train,red_rust,4,/content/CashewData_Split/train/red_rust/red_rust_898.jpg
train,red_rust,4,/content/CashewData_Split/train/red_rust/red_rust_899.jpg
train,red_rust,4,/content/CashewData_Split/train/red_rust/red_rust_90.jpg
train,red_rust,4,/content/CashewData_Split/train/red_rust/red_rust_900.jpg
train,red_rust,4,/content/CashewData_Split/train/red_rust/red_rust_901.jpg
train,red_rust,4,/content/CashewData_Split/train/red_rust/red_rust_902.jpg
train,red_rust,4,/content/CashewData_Split/train/red_rust/red_rust_903.jpg
train,red_rust,4,/content/CashewData_Split/train/red_rust/red_rust_904.jpg
train,red_rust,4,/content/CashewData_Split/train/red_rust/red_rust_905.jpg
train,red_rust,4,/content/CashewData_Split/train/red_rust/red_rust_906.jpg
train,red_rust,4,/content/CashewData_Split/train/red_rust/red_rust_907.jpg
train,red_rust,4,/content/CashewData_Split/train/red_rust/red_rust_908.jpg
train,red_rust,4,/content/CashewData_Split/train/red_rust/red_rust_909.jpg
train,red_rust,4,/content/CashewData_Split/train/red_rust/red_rust_91.jpg
train,red_rust,4,/content/CashewData_Split/train/red_rust/red_rust_910.jpg
train,red_rust,4,/content/CashewData_Split/train/red_rust/red_rust_911.jpg
train,red_rust,4,/content/CashewData_Split/train/red_rust/red_rust_912.jpg
train,red_rust,4,/content/CashewData_Split/train/red_rust/red_rust_913.jpg
train,red_rust,4,/content/CashewData_Split/train/red_rust/red_rust_914.jpg
train,red_rust,4,/content/CashewData_Split/train/red_rust/red_rust_915.jpg
train,red_rust,4,/content/CashewData_Split/train/red_rust/red_rust_916.jpg
train,red_rust,4,/content/CashewData_Split/train/red_rust/red_rust_917.jpg
train,red_rust,4,/content/CashewData_Split/train/red_rust/red_rust_918.jpg
train,red_rust,4,/content/CashewData_Split/train/red_rust/red_rust_919.jpg
train,red_rust,4,/content/CashewData_Split/train/red_rust/red_rust_92.jpg
train,red_rust,4,/content/CashewData_Split/train/red_rust/red_rust_920.jpg
train,red_rust,4,/content/CashewData_Split/train/red_rust/red_rust_921.jpg
train,red_rust,4,/content/CashewData_Split/train/red_rust/red_rust_922.jpg
train,red_rust,4,/content/CashewData_Split/train/red_rust/red_rust_923.jpg
train,red_rust,4,/content/CashewData_Split/train/red_rust/red_rust_924.jpg
train,red_rust,4,/content/CashewData_Split/train/red_rust/red_rust_925.jpg
train,red_rust,4,/content/CashewData_Split/train/red_rust/red_rust_926.jpg
train,red_rust,4,/content/CashewData_Split/train/red_rust/red_rust_927.jpg
train,red_rust,4,/content/CashewData_Split/train/red_rust/red_rust_928.jpg
train,red_rust,4,/content/CashewData_Split/train/red_rust/red_rust_929.jpg
train,red_rust,4,/content/CashewData_Split/train/red_rust/red_rust_93.jpg
train,red_rust,4,/content/CashewData_Split/train/red_rust/red_rust_930.jpg
train,red_rust,4,/content/CashewData_Split/train/red_rust/red_rust_931.jpg
train,red_rust,4,/content/CashewData_Split/train/red_rust/red_rust_932.jpg
train,red_rust,4,/content/CashewData_Split/train/red_rust/red_rust_933.jpg
train,red_rust,4,/content/CashewData_Split/train/red_rust/red_rust_934.jpg
train,red_rust,4,/content/CashewData_Split/train/red_rust/red_rust_935.jpg
train,red_rust,4,/content/CashewData_Split/train/red_rust/red_rust_936.jpg
train,red_rust,4,/content/CashewData_Split/train/red_rust/red_rust_937.jpg
train,red_rust,4,/content/CashewData_Split/train/red_rust/red_rust_938.jpg
train,red_rust,4,/content/CashewData_Split/train/red_rust/red_rust_939.jpg
train,red_rust,4,/content/CashewData_Split/train/red_rust/red_rust_94.jpg
train,red_rust,4,/content/CashewData_Split/train/red_rust/red_rust_940.jpg
train,red_rust,4,/content/CashewData_Split/train/red_rust/red_rust_941.jpg
train,red_rust,4,/content/CashewData_Split/train/red_rust/red_rust_942.jpg
train,red_rust,4,/content/CashewData_Split/train/red_rust/red_rust_943.jpg
train,red_rust,4,/content/CashewData_Split/train/red_rust/red_rust_944.jpg
train,red_rust,4,/content/CashewData_Split/train/red_rust/red_rust_945.jpg
train,red_rust,4,/content/CashewData_Split/train/red_rust/red_rust_946.jpg
train,red_rust,4,/content/CashewData_Split/train/red_rust/red_rust_947.jpg
train,red_rust,4,/content/CashewData_Split/train/red_rust/red_rust_948.jpg
train,red_rust,4,/content/CashewData_Split/train/red_rust/red_rust_949.jpg
train,red_rust,4,/content/CashewData_Split/train/red_rust/red_rust_95.jpg
train,red_rust,4,/content/CashewData_Split/train/red_rust/red_rust_950.jpg
train,red_rust,4,/content/CashewData_Split/train/red_rust/red_rust_951.jpg
train,red_rust,4,/content/CashewData_Split/train/red_rust/red_rust_952.jpg
train,red_rust,4,/content/CashewData_Split/train/red_rust/red_rust_953.jpg
train,red_rust,4,/content/CashewData_Split/train/red_rust/red_rust_954.jpg
train,red_rust,4,/content/CashewData_Split/train/red_rust/red_rust_955.jpg
train,red_rust,4,/content/CashewData_Split/train/red_rust/red_rust_956.jpg
train,red_rust,4,/content/CashewData_Split/train/red_rust/red_rust_957.jpg
train,red_rust,4,/content/CashewData_Split/train/red_rust/red_rust_958.jpg
train,red_rust,4,/content/CashewData_Split/train/red_rust/red_rust_959.jpg
train,red_rust,4,/content/CashewData_Split/train/red_rust/red_rust_96.jpg
train,red_rust,4,/content/CashewData_Split/train/red_rust/red_rust_960.jpg
train,red_rust,4,/content/CashewData_Split/train/red_rust/red_rust_961.jpg
train,red_rust,4,/content/CashewData_Split/train/red_rust/red_rust_962.jpg
train,red_rust,4,/content/CashewData_Split/train/red_rust/red_rust_963.jpg
train,red_rust,4,/content/CashewData_Split/train/red_rust/red_rust_964.jpg
train,red_rust,4,/content/CashewData_Split/train/red_rust/red_rust_965.jpg
train,red_rust,4,/content/CashewData_Split/train/red_rust/red_rust_966.jpg
train,red_rust,4,/content/CashewData_Split/train/red_rust/red_rust_967.jpg
train,red_rust,4,/content/CashewData_Split/train/red_rust/red_rust_968.jpg
train,red_rust,4,/content/CashewData_Split/train/red_rust/red_rust_969.jpg
train,red_rust,4,/content/CashewData_Split/train/red_rust/red_rust_97.jpg
train,red_rust,4,/content/CashewData_Split/train/red_rust/red_rust_970.jpg
train,red_rust,4,/content/CashewData_Split/train/red_rust/red_rust_971.jpg
train,red_rust,4,/content/CashewData_Split/train/red_rust/red_rust_972.jpg
train,red_rust,4,/content/CashewData_Split/train/red_rust/red_rust_973.jpg
train,red_rust,4,/content/CashewData_Split/train/red_rust/red_rust_974.jpg
train,red_rust,4,/content/CashewData_Split/train/red_rust/red_rust_975.jpg
train,red_rust,4,/content/CashewData_Split/train/red_rust/red_rust_976.jpg
train,red_rust,4,/content/CashewData_Split/train/red_rust/red_rust_977.jpg
train,red_rust,4,/content/CashewData_Split/train/red_rust/red_rust_979.jpg
train,red_rust,4,/content/CashewData_Split/train/red_rust/red_rust_98.jpg
train,red_rust,4,/content/CashewData_Split/train/red_rust/red_rust_980.jpg
train,red_rust,4,/content/CashewData_Split/train/red_rust/red_rust_981.jpg
train,red_rust,4,/content/CashewData_Split/train/red_rust/red_rust_982.jpg
train,red_rust,4,/content/CashewData_Split/train/red_rust/red_rust_984.jpg
train,red_rust,4,/content/CashewData_Split/train/red_rust/red_rust_985.jpg
train,red_rust,4,/content/CashewData_Split/train/red_rust/red_rust_986.jpg
train,red_rust,4,/content/CashewData_Split/train/red_rust/red_rust_987.jpg
train,red_rust,4,/content/CashewData_Split/train/red_rust/red_rust_988.jpg
train,red_rust,4,/content/CashewData_Split/train/red_rust/red_rust_989.jpg
train,red_rust,4,/content/CashewData_Split/train/red_rust/red_rust_99.jpg
train,red_rust,4,/content/CashewData_Split/train/red_rust/red_rust_990.jpg
train,red_rust,4,/content/CashewData_Split/train/red_rust/red_rust_991.jpg
train,red_rust,4,/content/CashewData_Split/train/red_rust/red_rust_992.jpg
train,red_rust,4,/content/CashewData_Split/train/red_rust/red_rust_993.jpg
train,red_rust,4,/content/CashewData_Split/train/red_rust/red_rust_995.jpg
train,red_rust,4,/content/CashewData_Split/train/red_rust/red_rust_996.jpg
train,red_rust,4,/content/CashewData_Split/train/red_rust/red_rust_997.jpg
train,red_rust,4,/content/CashewData_Split/train/red_rust/red_rust_998.jpg
train,red_rust,4,/content/CashewData_Split/train/red_rust/red_rust_999.jpg
val,anthracnose,0,/content/CashewData_Split/val/anthracnose/anthracnose_1.jpg
val,anthracnose,0,/content/CashewData_Split/val/anthracnose/anthracnose_100.jpg
val,anthracnose,0,/content/CashewData_Split/val/anthracnose/anthracnose_101.jpg
val,anthracnose,0,/content/CashewData_Split/val/anthracnose/anthracnose_102.jpg
val,anthracnose,0,/content/CashewData_Split/val/anthracnose/anthracnose_1026.jpg
val,anthracnose,0,/content/CashewData_Split/val/anthracnose/anthracnose_103.jpg
val,anthracnose,0,/content/CashewData_Split/val/anthracnose/anthracnose_104.jpg
val,anthracnose,0,/content/CashewData_Split/val/anthracnose/anthracnose_1045.jpg
val,anthracnose,0,/content/CashewData_Split/val/anthracnose/anthracnose_1046.jpg
val,anthracnose,0,/content/CashewData_Split/val/anthracnose/anthracnose_1047.jpg
val,anthracnose,0,/content/CashewData_Split/val/anthracnose/anthracnose_105.jpg
val,anthracnose,0,/content/CashewData_Split/val/anthracnose/anthracnose_106.jpg
val,anthracnose,0,/content/CashewData_Split/val/anthracnose/anthracnose_107.jpg
val,anthracnose,0,/content/CashewData_Split/val/anthracnose/anthracnose_1070.jpg
val,anthracnose,0,/content/CashewData_Split/val/anthracnose/anthracnose_1071.jpg
val,anthracnose,0,/content/CashewData_Split/val/anthracnose/anthracnose_108.jpg
val,anthracnose,0,/content/CashewData_Split/val/anthracnose/anthracnose_109.jpg
val,anthracnose,0,/content/CashewData_Split/val/anthracnose/anthracnose_11.jpg
val,anthracnose,0,/content/CashewData_Split/val/anthracnose/anthracnose_110.jpg
val,anthracnose,0,/content/CashewData_Split/val/anthracnose/anthracnose_111.jpg
val,anthracnose,0,/content/CashewData_Split/val/anthracnose/anthracnose_1110.jpg
val,anthracnose,0,/content/CashewData_Split/val/anthracnose/anthracnose_1111.jpg
val,anthracnose,0,/content/CashewData_Split/val/anthracnose/anthracnose_1112.jpg
val,anthracnose,0,/content/CashewData_Split/val/anthracnose/anthracnose_1117.jpg
val,anthracnose,0,/content/CashewData_Split/val/anthracnose/anthracnose_112.jpg
val,anthracnose,0,/content/CashewData_Split/val/anthracnose/anthracnose_1126.jpg
val,anthracnose,0,/content/CashewData_Split/val/anthracnose/anthracnose_1128.jpg
val,anthracnose,0,/content/CashewData_Split/val/anthracnose/anthracnose_113.jpg
val,anthracnose,0,/content/CashewData_Split/val/anthracnose/anthracnose_1137.jpg
val,anthracnose,0,/content/CashewData_Split/val/anthracnose/anthracnose_114.jpg
val,anthracnose,0,/content/CashewData_Split/val/anthracnose/anthracnose_115.jpg
val,anthracnose,0,/content/CashewData_Split/val/anthracnose/anthracnose_116.jpg
val,anthracnose,0,/content/CashewData_Split/val/anthracnose/anthracnose_117.jpg
val,anthracnose,0,/content/CashewData_Split/val/anthracnose/anthracnose_1170.jpg
val,anthracnose,0,/content/CashewData_Split/val/anthracnose/anthracnose_118.jpg
val,anthracnose,0,/content/CashewData_Split/val/anthracnose/anthracnose_119.jpg
val,anthracnose,0,/content/CashewData_Split/val/anthracnose/anthracnose_120.jpg
val,anthracnose,0,/content/CashewData_Split/val/anthracnose/anthracnose_1229.jpg
val,anthracnose,0,/content/CashewData_Split/val/anthracnose/anthracnose_1230.jpg
val,anthracnose,0,/content/CashewData_Split/val/anthracnose/anthracnose_1231.jpg
val,anthracnose,0,/content/CashewData_Split/val/anthracnose/anthracnose_1232.jpg
val,anthracnose,0,/content/CashewData_Split/val/anthracnose/anthracnose_1233.jpg
val,anthracnose,0,/content/CashewData_Split/val/anthracnose/anthracnose_1238.jpg
val,anthracnose,0,/content/CashewData_Split/val/anthracnose/anthracnose_1239.jpg
val,anthracnose,0,/content/CashewData_Split/val/anthracnose/anthracnose_124.jpg
val,anthracnose,0,/content/CashewData_Split/val/anthracnose/anthracnose_1240.jpg
val,anthracnose,0,/content/CashewData_Split/val/anthracnose/anthracnose_1241.jpg
val,anthracnose,0,/content/CashewData_Split/val/anthracnose/anthracnose_1242.jpg
val,anthracnose,0,/content/CashewData_Split/val/anthracnose/anthracnose_1247.jpg
val,anthracnose,0,/content/CashewData_Split/val/anthracnose/anthracnose_1248.jpg
val,anthracnose,0,/content/CashewData_Split/val/anthracnose/anthracnose_125.jpg
val,anthracnose,0,/content/CashewData_Split/val/anthracnose/anthracnose_1254.jpg
val,anthracnose,0,/content/CashewData_Split/val/anthracnose/anthracnose_1255.jpg
val,anthracnose,0,/content/CashewData_Split/val/anthracnose/anthracnose_1256.jpg
val,anthracnose,0,/content/CashewData_Split/val/anthracnose/anthracnose_126.jpg
val,anthracnose,0,/content/CashewData_Split/val/anthracnose/anthracnose_1276.jpg
val,anthracnose,0,/content/CashewData_Split/val/anthracnose/anthracnose_1280.jpg
val,anthracnose,0,/content/CashewData_Split/val/anthracnose/anthracnose_1281.jpg
val,anthracnose,0,/content/CashewData_Split/val/anthracnose/anthracnose_129.jpg
val,anthracnose,0,/content/CashewData_Split/val/anthracnose/anthracnose_1298.jpg
val,anthracnose,0,/content/CashewData_Split/val/anthracnose/anthracnose_1299.jpg
val,anthracnose,0,/content/CashewData_Split/val/anthracnose/anthracnose_13.jpg
val,anthracnose,0,/content/CashewData_Split/val/anthracnose/anthracnose_130.jpg
val,anthracnose,0,/content/CashewData_Split/val/anthracnose/anthracnose_1300.jpg
val,anthracnose,0,/content/CashewData_Split/val/anthracnose/anthracnose_1301.jpg
val,anthracnose,0,/content/CashewData_Split/val/anthracnose/anthracnose_1302.jpg
val,anthracnose,0,/content/CashewData_Split/val/anthracnose/anthracnose_1303.jpg
val,anthracnose,0,/content/CashewData_Split/val/anthracnose/anthracnose_1304.jpg
val,anthracnose,0,/content/CashewData_Split/val/anthracnose/anthracnose_1305.jpg
val,anthracnose,0,/content/CashewData_Split/val/anthracnose/anthracnose_1306.jpg
val,anthracnose,0,/content/CashewData_Split/val/anthracnose/anthracnose_1307.jpg
val,anthracnose,0,/content/CashewData_Split/val/anthracnose/anthracnose_1308.jpg
val,anthracnose,0,/content/CashewData_Split/val/anthracnose/anthracnose_1309.jpg
val,anthracnose,0,/content/CashewData_Split/val/anthracnose/anthracnose_1310.jpg
val,anthracnose,0,/content/CashewData_Split/val/anthracnose/anthracnose_1315.jpg
val,anthracnose,0,/content/CashewData_Split/val/anthracnose/anthracnose_1322.jpg
val,anthracnose,0,/content/CashewData_Split/val/anthracnose/anthracnose_1323.jpg
val,anthracnose,0,/content/CashewData_Split/val/anthracnose/anthracnose_1324.jpg
val,anthracnose,0,/content/CashewData_Split/val/anthracnose/anthracnose_134.jpg
val,anthracnose,0,/content/CashewData_Split/val/anthracnose/anthracnose_135.jpg
val,anthracnose,0,/content/CashewData_Split/val/anthracnose/anthracnose_136.jpg
val,anthracnose,0,/content/CashewData_Split/val/anthracnose/anthracnose_1367.jpg
val,anthracnose,0,/content/CashewData_Split/val/anthracnose/anthracnose_137.jpg
val,anthracnose,0,/content/CashewData_Split/val/anthracnose/anthracnose_1379.jpg
val,anthracnose,0,/content/CashewData_Split/val/anthracnose/anthracnose_138.jpg
val,anthracnose,0,/content/CashewData_Split/val/anthracnose/anthracnose_139.jpg
val,anthracnose,0,/content/CashewData_Split/val/anthracnose/anthracnose_1393.jpg
val,anthracnose,0,/content/CashewData_Split/val/anthracnose/anthracnose_140.jpg
val,anthracnose,0,/content/CashewData_Split/val/anthracnose/anthracnose_143.jpg
val,anthracnose,0,/content/CashewData_Split/val/anthracnose/anthracnose_144.jpg
val,anthracnose,0,/content/CashewData_Split/val/anthracnose/anthracnose_146.jpg
val,anthracnose,0,/content/CashewData_Split/val/anthracnose/anthracnose_147.jpg
val,anthracnose,0,/content/CashewData_Split/val/anthracnose/anthracnose_1475.jpg
val,anthracnose,0,/content/CashewData_Split/val/anthracnose/anthracnose_148.jpg
val,anthracnose,0,/content/CashewData_Split/val/anthracnose/anthracnose_149.jpg
val,anthracnose,0,/content/CashewData_Split/val/anthracnose/anthracnose_150.jpg
val,anthracnose,0,/content/CashewData_Split/val/anthracnose/anthracnose_154.jpg
val,anthracnose,0,/content/CashewData_Split/val/anthracnose/anthracnose_155.jpg
val,anthracnose,0,/content/CashewData_Split/val/anthracnose/anthracnose_156.jpg
val,anthracnose,0,/content/CashewData_Split/val/anthracnose/anthracnose_158.jpg
val,anthracnose,0,/content/CashewData_Split/val/anthracnose/anthracnose_16.jpg
val,anthracnose,0,/content/CashewData_Split/val/anthracnose/anthracnose_167.jpg
val,anthracnose,0,/content/CashewData_Split/val/anthracnose/anthracnose_168.jpg
val,anthracnose,0,/content/CashewData_Split/val/anthracnose/anthracnose_169.jpg
val,anthracnose,0,/content/CashewData_Split/val/anthracnose/anthracnose_17.jpg
val,anthracnose,0,/content/CashewData_Split/val/anthracnose/anthracnose_170.jpg
val,anthracnose,0,/content/CashewData_Split/val/anthracnose/anthracnose_171.jpg
val,anthracnose,0,/content/CashewData_Split/val/anthracnose/anthracnose_174.jpg
val,anthracnose,0,/content/CashewData_Split/val/anthracnose/anthracnose_177.jpg
val,anthracnose,0,/content/CashewData_Split/val/anthracnose/anthracnose_178.jpg
val,anthracnose,0,/content/CashewData_Split/val/anthracnose/anthracnose_179.jpg
val,anthracnose,0,/content/CashewData_Split/val/anthracnose/anthracnose_18.jpg
val,anthracnose,0,/content/CashewData_Split/val/anthracnose/anthracnose_180.jpg
val,anthracnose,0,/content/CashewData_Split/val/anthracnose/anthracnose_181.jpg
val,anthracnose,0,/content/CashewData_Split/val/anthracnose/anthracnose_182.jpg
val,anthracnose,0,/content/CashewData_Split/val/anthracnose/anthracnose_183.jpg
val,anthracnose,0,/content/CashewData_Split/val/anthracnose/anthracnose_184.jpg
val,anthracnose,0,/content/CashewData_Split/val/anthracnose/anthracnose_19.jpg
val,anthracnose,0,/content/CashewData_Split/val/anthracnose/anthracnose_191.jpg
val,anthracnose,0,/content/CashewData_Split/val/anthracnose/anthracnose_192.jpg
val,anthracnose,0,/content/CashewData_Split/val/anthracnose/anthracnose_193.jpg
val,anthracnose,0,/content/CashewData_Split/val/anthracnose/anthracnose_195.jpg
val,anthracnose,0,/content/CashewData_Split/val/anthracnose/anthracnose_196.jpg
val,anthracnose,0,/content/CashewData_Split/val/anthracnose/anthracnose_197.jpg
val,anthracnose,0,/content/CashewData_Split/val/anthracnose/anthracnose_198.jpg
val,anthracnose,0,/content/CashewData_Split/val/anthracnose/anthracnose_199.jpg
val,anthracnose,0,/content/CashewData_Split/val/anthracnose/anthracnose_20.jpg
val,anthracnose,0,/content/CashewData_Split/val/anthracnose/anthracnose_200.jpg
val,anthracnose,0,/content/CashewData_Split/val/anthracnose/anthracnose_201.jpg
val,anthracnose,0,/content/CashewData_Split/val/anthracnose/anthracnose_202.jpg
val,anthracnose,0,/content/CashewData_Split/val/anthracnose/anthracnose_204.jpg
val,anthracnose,0,/content/CashewData_Split/val/anthracnose/anthracnose_205.jpg
val,anthracnose,0,/content/CashewData_Split/val/anthracnose/anthracnose_206.jpg
val,anthracnose,0,/content/CashewData_Split/val/anthracnose/anthracnose_207.jpg
val,anthracnose,0,/content/CashewData_Split/val/anthracnose/anthracnose_208.jpg
val,anthracnose,0,/content/CashewData_Split/val/anthracnose/anthracnose_21.jpg
val,anthracnose,0,/content/CashewData_Split/val/anthracnose/anthracnose_210.jpg
val,anthracnose,0,/content/CashewData_Split/val/anthracnose/anthracnose_211.jpg
val,anthracnose,0,/content/CashewData_Split/val/anthracnose/anthracnose_212.jpg
val,anthracnose,0,/content/CashewData_Split/val/anthracnose/anthracnose_213.jpg
val,anthracnose,0,/content/CashewData_Split/val/anthracnose/anthracnose_214.jpg
val,anthracnose,0,/content/CashewData_Split/val/anthracnose/anthracnose_218.jpg
val,anthracnose,0,/content/CashewData_Split/val/anthracnose/anthracnose_219.jpg
val,anthracnose,0,/content/CashewData_Split/val/anthracnose/anthracnose_22.jpg
val,anthracnose,0,/content/CashewData_Split/val/anthracnose/anthracnose_225.jpg
val,anthracnose,0,/content/CashewData_Split/val/anthracnose/anthracnose_226.jpg
val,anthracnose,0,/content/CashewData_Split/val/anthracnose/anthracnose_228.jpg
val,anthracnose,0,/content/CashewData_Split/val/anthracnose/anthracnose_229.jpg
val,anthracnose,0,/content/CashewData_Split/val/anthracnose/anthracnose_23.jpg
val,anthracnose,0,/content/CashewData_Split/val/anthracnose/anthracnose_230.jpg
val,anthracnose,0,/content/CashewData_Split/val/anthracnose/anthracnose_231.jpg
val,anthracnose,0,/content/CashewData_Split/val/anthracnose/anthracnose_233.jpg
val,anthracnose,0,/content/CashewData_Split/val/anthracnose/anthracnose_234.jpg
val,anthracnose,0,/content/CashewData_Split/val/anthracnose/anthracnose_236.jpg
val,anthracnose,0,/content/CashewData_Split/val/anthracnose/anthracnose_238.jpg
val,anthracnose,0,/content/CashewData_Split/val/anthracnose/anthracnose_239.jpg
val,anthracnose,0,/content/CashewData_Split/val/anthracnose/anthracnose_240.jpg
val,anthracnose,0,/content/CashewData_Split/val/anthracnose/anthracnose_241.jpg
val,anthracnose,0,/content/CashewData_Split/val/anthracnose/anthracnose_242.jpg
val,anthracnose,0,/content/CashewData_Split/val/anthracnose/anthracnose_243.jpg
val,anthracnose,0,/content/CashewData_Split/val/anthracnose/anthracnose_245.jpg
val,anthracnose,0,/content/CashewData_Split/val/anthracnose/anthracnose_246.jpg
val,anthracnose,0,/content/CashewData_Split/val/anthracnose/anthracnose_247.jpg
val,anthracnose,0,/content/CashewData_Split/val/anthracnose/anthracnose_248.jpg
val,anthracnose,0,/content/CashewData_Split/val/anthracnose/anthracnose_249.jpg
val,anthracnose,0,/content/CashewData_Split/val/anthracnose/anthracnose_25.jpg
val,anthracnose,0,/content/CashewData_Split/val/anthracnose/anthracnose_250.jpg
val,anthracnose,0,/content/CashewData_Split/val/anthracnose/anthracnose_253.jpg
val,anthracnose,0,/content/CashewData_Split/val/anthracnose/anthracnose_254.jpg
val,anthracnose,0,/content/CashewData_Split/val/anthracnose/anthracnose_255.jpg
val,anthracnose,0,/content/CashewData_Split/val/anthracnose/anthracnose_256.jpg
val,anthracnose,0,/content/CashewData_Split/val/anthracnose/anthracnose_257.jpg
val,anthracnose,0,/content/CashewData_Split/val/anthracnose/anthracnose_258.jpg
val,anthracnose,0,/content/CashewData_Split/val/anthracnose/anthracnose_259.jpg
val,anthracnose,0,/content/CashewData_Split/val/anthracnose/anthracnose_26.jpg
val,anthracnose,0,/content/CashewData_Split/val/anthracnose/anthracnose_260.jpg
val,anthracnose,0,/content/CashewData_Split/val/anthracnose/anthracnose_261.jpg
val,anthracnose,0,/content/CashewData_Split/val/anthracnose/anthracnose_262.jpg
val,anthracnose,0,/content/CashewData_Split/val/anthracnose/anthracnose_263.jpg
val,anthracnose,0,/content/CashewData_Split/val/anthracnose/anthracnose_264.jpg
val,anthracnose,0,/content/CashewData_Split/val/anthracnose/anthracnose_265.jpg
val,anthracnose,0,/content/CashewData_Split/val/anthracnose/anthracnose_266.jpg
val,anthracnose,0,/content/CashewData_Split/val/anthracnose/anthracnose_268.jpg
val,anthracnose,0,/content/CashewData_Split/val/anthracnose/anthracnose_269.jpg
val,anthracnose,0,/content/CashewData_Split/val/anthracnose/anthracnose_27.jpg
val,anthracnose,0,/content/CashewData_Split/val/anthracnose/anthracnose_270.jpg
val,anthracnose,0,/content/CashewData_Split/val/anthracnose/anthracnose_271.jpg
val,anthracnose,0,/content/CashewData_Split/val/anthracnose/anthracnose_272.jpg
val,anthracnose,0,/content/CashewData_Split/val/anthracnose/anthracnose_273.jpg
val,anthracnose,0,/content/CashewData_Split/val/anthracnose/anthracnose_274.jpg
val,anthracnose,0,/content/CashewData_Split/val/anthracnose/anthracnose_275.jpg
val,anthracnose,0,/content/CashewData_Split/val/anthracnose/anthracnose_276.jpg
val,anthracnose,0,/content/CashewData_Split/val/anthracnose/anthracnose_277.jpg
val,anthracnose,0,/content/CashewData_Split/val/anthracnose/anthracnose_278.jpg
val,anthracnose,0,/content/CashewData_Split/val/anthracnose/anthracnose_279.jpg
val,anthracnose,0,/content/CashewData_Split/val/anthracnose/anthracnose_28.jpg
val,anthracnose,0,/content/CashewData_Split/val/anthracnose/anthracnose_280.jpg
val,anthracnose,0,/content/CashewData_Split/val/anthracnose/anthracnose_281.jpg
val,anthracnose,0,/content/CashewData_Split/val/anthracnose/anthracnose_282.jpg
val,anthracnose,0,/content/CashewData_Split/val/anthracnose/anthracnose_283.jpg
val,anthracnose,0,/content/CashewData_Split/val/anthracnose/anthracnose_284.jpg
val,anthracnose,0,/content/CashewData_Split/val/anthracnose/anthracnose_285.jpg
val,anthracnose,0,/content/CashewData_Split/val/anthracnose/anthracnose_287.jpg
val,anthracnose,0,/content/CashewData_Split/val/anthracnose/anthracnose_288.jpg
val,anthracnose,0,/content/CashewData_Split/val/anthracnose/anthracnose_289.jpg
val,anthracnose,0,/content/CashewData_Split/val/anthracnose/anthracnose_29.jpg
val,anthracnose,0,/content/CashewData_Split/val/anthracnose/anthracnose_290.jpg
val,anthracnose,0,/content/CashewData_Split/val/anthracnose/anthracnose_291.jpg
val,anthracnose,0,/content/CashewData_Split/val/anthracnose/anthracnose_292.jpg
val,anthracnose,0,/content/CashewData_Split/val/anthracnose/anthracnose_293.jpg
val,anthracnose,0,/content/CashewData_Split/val/anthracnose/anthracnose_294.jpg
val,anthracnose,0,/content/CashewData_Split/val/anthracnose/anthracnose_295.jpg
val,anthracnose,0,/content/CashewData_Split/val/anthracnose/anthracnose_298.jpg
val,anthracnose,0,/content/CashewData_Split/val/anthracnose/anthracnose_299.jpg
val,anthracnose,0,/content/CashewData_Split/val/anthracnose/anthracnose_3.jpg
val,anthracnose,0,/content/CashewData_Split/val/anthracnose/anthracnose_300.jpg
val,anthracnose,0,/content/CashewData_Split/val/anthracnose/anthracnose_301.jpg
val,anthracnose,0,/content/CashewData_Split/val/anthracnose/anthracnose_302.jpg
val,anthracnose,0,/content/CashewData_Split/val/anthracnose/anthracnose_304.jpg
val,anthracnose,0,/content/CashewData_Split/val/anthracnose/anthracnose_306.jpg
val,anthracnose,0,/content/CashewData_Split/val/anthracnose/anthracnose_31.jpg
val,anthracnose,0,/content/CashewData_Split/val/anthracnose/anthracnose_313.jpg
val,anthracnose,0,/content/CashewData_Split/val/anthracnose/anthracnose_32.jpg
val,anthracnose,0,/content/CashewData_Split/val/anthracnose/anthracnose_33.jpg
val,anthracnose,0,/content/CashewData_Split/val/anthracnose/anthracnose_34.jpg
val,anthracnose,0,/content/CashewData_Split/val/anthracnose/anthracnose_36.jpg
val,anthracnose,0,/content/CashewData_Split/val/anthracnose/anthracnose_37.jpg
val,anthracnose,0,/content/CashewData_Split/val/anthracnose/anthracnose_38.jpg
val,anthracnose,0,/content/CashewData_Split/val/anthracnose/anthracnose_39.jpg
val,anthracnose,0,/content/CashewData_Split/val/anthracnose/anthracnose_4.jpg
val,anthracnose,0,/content/CashewData_Split/val/anthracnose/anthracnose_40.jpg
val,anthracnose,0,/content/CashewData_Split/val/anthracnose/anthracnose_41.jpg
val,anthracnose,0,/content/CashewData_Split/val/anthracnose/anthracnose_42.jpg
val,anthracnose,0,/content/CashewData_Split/val/anthracnose/anthracnose_45.jpg
val,anthracnose,0,/content/CashewData_Split/val/anthracnose/anthracnose_46.jpg
val,anthracnose,0,/content/CashewData_Split/val/anthracnose/anthracnose_47.jpg
val,anthracnose,0,/content/CashewData_Split/val/anthracnose/anthracnose_5.jpg
val,anthracnose,0,/content/CashewData_Split/val/anthracnose/anthracnose_50.jpg
val,anthracnose,0,/content/CashewData_Split/val/anthracnose/anthracnose_51.jpg
val,anthracnose,0,/content/CashewData_Split/val/anthracnose/anthracnose_52.jpg
val,anthracnose,0,/content/CashewData_Split/val/anthracnose/anthracnose_54.jpg
val,anthracnose,0,/content/CashewData_Split/val/anthracnose/anthracnose_55.jpg
val,anthracnose,0,/content/CashewData_Split/val/anthracnose/anthracnose_58.jpg
val,anthracnose,0,/content/CashewData_Split/val/anthracnose/anthracnose_59.jpg
val,anthracnose,0,/content/CashewData_Split/val/anthracnose/anthracnose_599.jpg
val,anthracnose,0,/content/CashewData_Split/val/anthracnose/anthracnose_6.jpg
val,anthracnose,0,/content/CashewData_Split/val/anthracnose/anthracnose_60.jpg
val,anthracnose,0,/content/CashewData_Split/val/anthracnose/anthracnose_600.jpg
val,anthracnose,0,/content/CashewData_Split/val/anthracnose/anthracnose_601.jpg
val,anthracnose,0,/content/CashewData_Split/val/anthracnose/anthracnose_602.jpg
val,anthracnose,0,/content/CashewData_Split/val/anthracnose/anthracnose_63.jpg
val,anthracnose,0,/content/CashewData_Split/val/anthracnose/anthracnose_64.jpg
val,anthracnose,0,/content/CashewData_Split/val/anthracnose/anthracnose_642.jpg
val,anthracnose,0,/content/CashewData_Split/val/anthracnose/anthracnose_643.jpg
val,anthracnose,0,/content/CashewData_Split/val/anthracnose/anthracnose_65.jpg
val,anthracnose,0,/content/CashewData_Split/val/anthracnose/anthracnose_654.jpg
val,anthracnose,0,/content/CashewData_Split/val/anthracnose/anthracnose_66.jpg
val,anthracnose,0,/content/CashewData_Split/val/anthracnose/anthracnose_69.jpg
val,anthracnose,0,/content/CashewData_Split/val/anthracnose/anthracnose_7.jpg
val,anthracnose,0,/content/CashewData_Split/val/anthracnose/anthracnose_70.jpg
val,anthracnose,0,/content/CashewData_Split/val/anthracnose/anthracnose_712.jpg
val,anthracnose,0,/content/CashewData_Split/val/anthracnose/anthracnose_72.jpg
val,anthracnose,0,/content/CashewData_Split/val/anthracnose/anthracnose_73.jpg
val,anthracnose,0,/content/CashewData_Split/val/anthracnose/anthracnose_76.jpg
val,anthracnose,0,/content/CashewData_Split/val/anthracnose/anthracnose_77.jpg
val,anthracnose,0,/content/CashewData_Split/val/anthracnose/anthracnose_78.jpg
val,anthracnose,0,/content/CashewData_Split/val/anthracnose/anthracnose_79.jpg
val,anthracnose,0,/content/CashewData_Split/val/anthracnose/anthracnose_80.jpg
val,anthracnose,0,/content/CashewData_Split/val/anthracnose/anthracnose_81.jpg
val,anthracnose,0,/content/CashewData_Split/val/anthracnose/anthracnose_828.jpg
val,anthracnose,0,/content/CashewData_Split/val/anthracnose/anthracnose_829.jpg
val,anthracnose,0,/content/CashewData_Split/val/anthracnose/anthracnose_83.jpg
val,anthracnose,0,/content/CashewData_Split/val/anthracnose/anthracnose_830.jpg
val,anthracnose,0,/content/CashewData_Split/val/anthracnose/anthracnose_849.jpg
val,anthracnose,0,/content/CashewData_Split/val/anthracnose/anthracnose_85.jpg
val,anthracnose,0,/content/CashewData_Split/val/anthracnose/anthracnose_86.jpg
val,anthracnose,0,/content/CashewData_Split/val/anthracnose/anthracnose_860.jpg
val,anthracnose,0,/content/CashewData_Split/val/anthracnose/anthracnose_88.jpg
val,anthracnose,0,/content/CashewData_Split/val/anthracnose/anthracnose_884.jpg
val,anthracnose,0,/content/CashewData_Split/val/anthracnose/anthracnose_9.jpg
val,anthracnose,0,/content/CashewData_Split/val/anthracnose/anthracnose_90.jpg
val,anthracnose,0,/content/CashewData_Split/val/anthracnose/anthracnose_91.jpg
val,anthracnose,0,/content/CashewData_Split/val/anthracnose/anthracnose_912.jpg
val,anthracnose,0,/content/CashewData_Split/val/anthracnose/anthracnose_913.jpg
val,anthracnose,0,/content/CashewData_Split/val/anthracnose/anthracnose_914.jpg
val,anthracnose,0,/content/CashewData_Split/val/anthracnose/anthracnose_92.jpg
val,anthracnose,0,/content/CashewData_Split/val/anthracnose/anthracnose_925.jpg
val,anthracnose,0,/content/CashewData_Split/val/anthracnose/anthracnose_928.jpg
val,anthracnose,0,/content/CashewData_Split/val/anthracnose/anthracnose_929.jpg
val,anthracnose,0,/content/CashewData_Split/val/anthracnose/anthracnose_93.jpg
val,anthracnose,0,/content/CashewData_Split/val/anthracnose/anthracnose_948.jpg
val,anthracnose,0,/content/CashewData_Split/val/anthracnose/anthracnose_955.jpg
val,anthracnose,0,/content/CashewData_Split/val/anthracnose/anthracnose_96.jpg
val,anthracnose,0,/content/CashewData_Split/val/anthracnose/anthracnose_975.jpg
val,healthy,1,/content/CashewData_Split/val/healthy/healthy_1000.jpg
val,healthy,1,/content/CashewData_Split/val/healthy/healthy_1001.jpg
val,healthy,1,/content/CashewData_Split/val/healthy/healthy_1002.jpg
val,healthy,1,/content/CashewData_Split/val/healthy/healthy_1003.jpg
val,healthy,1,/content/CashewData_Split/val/healthy/healthy_1004.jpg
val,healthy,1,/content/CashewData_Split/val/healthy/healthy_1005.jpg
val,healthy,1,/content/CashewData_Split/val/healthy/healthy_1006.jpg
val,healthy,1,/content/CashewData_Split/val/healthy/healthy_1007.jpg
val,healthy,1,/content/CashewData_Split/val/healthy/healthy_1008.jpg
val,healthy,1,/content/CashewData_Split/val/healthy/healthy_1009.jpg
val,healthy,1,/content/CashewData_Split/val/healthy/healthy_1010.jpg
val,healthy,1,/content/CashewData_Split/val/healthy/healthy_1011.jpg
val,healthy,1,/content/CashewData_Split/val/healthy/healthy_1012.jpg
val,healthy,1,/content/CashewData_Split/val/healthy/healthy_1013.jpg
val,healthy,1,/content/CashewData_Split/val/healthy/healthy_1014.jpg
val,healthy,1,/content/CashewData_Split/val/healthy/healthy_1015.jpg
val,healthy,1,/content/CashewData_Split/val/healthy/healthy_1016.jpg
val,healthy,1,/content/CashewData_Split/val/healthy/healthy_1017.jpg
val,healthy,1,/content/CashewData_Split/val/healthy/healthy_1018.jpg
val,healthy,1,/content/CashewData_Split/val/healthy/healthy_1019.jpg
val,healthy,1,/content/CashewData_Split/val/healthy/healthy_1020.jpg
val,healthy,1,/content/CashewData_Split/val/healthy/healthy_1021.jpg
val,healthy,1,/content/CashewData_Split/val/healthy/healthy_1022.jpg
val,healthy,1,/content/CashewData_Split/val/healthy/healthy_1023.jpg
val,healthy,1,/content/CashewData_Split/val/healthy/healthy_1024.jpg
val,healthy,1,/content/CashewData_Split/val/healthy/healthy_1025.jpg
val,healthy,1,/content/CashewData_Split/val/healthy/healthy_1026.jpg
val,healthy,1,/content/CashewData_Split/val/healthy/healthy_1027.jpg
val,healthy,1,/content/CashewData_Split/val/healthy/healthy_1028.jpg
val,healthy,1,/content/CashewData_Split/val/healthy/healthy_1029.jpg
val,healthy,1,/content/CashewData_Split/val/healthy/healthy_1030.jpg
val,healthy,1,/content/CashewData_Split/val/healthy/healthy_1031.jpg
val,healthy,1,/content/CashewData_Split/val/healthy/healthy_1032.jpg
val,healthy,1,/content/CashewData_Split/val/healthy/healthy_1033.jpg
val,healthy,1,/content/CashewData_Split/val/healthy/healthy_1034.jpg
val,healthy,1,/content/CashewData_Split/val/healthy/healthy_1035.jpg
val,healthy,1,/content/CashewData_Split/val/healthy/healthy_1036.jpg
val,healthy,1,/content/CashewData_Split/val/healthy/healthy_1037.jpg
val,healthy,1,/content/CashewData_Split/val/healthy/healthy_1038.jpg
val,healthy,1,/content/CashewData_Split/val/healthy/healthy_1039.jpg
val,healthy,1,/content/CashewData_Split/val/healthy/healthy_1040.jpg
val,healthy,1,/content/CashewData_Split/val/healthy/healthy_1041.jpg
val,healthy,1,/content/CashewData_Split/val/healthy/healthy_1042.jpg
val,healthy,1,/content/CashewData_Split/val/healthy/healthy_1043.jpg
val,healthy,1,/content/CashewData_Split/val/healthy/healthy_1044.jpg
val,healthy,1,/content/CashewData_Split/val/healthy/healthy_1045.jpg
val,healthy,1,/content/CashewData_Split/val/healthy/healthy_1046.jpg
val,healthy,1,/content/CashewData_Split/val/healthy/healthy_1047.jpg
val,healthy,1,/content/CashewData_Split/val/healthy/healthy_1048.jpg
val,healthy,1,/content/CashewData_Split/val/healthy/healthy_1049.jpg
val,healthy,1,/content/CashewData_Split/val/healthy/healthy_1050.jpg
val,healthy,1,/content/CashewData_Split/val/healthy/healthy_1051.jpg
val,healthy,1,/content/CashewData_Split/val/healthy/healthy_1052.jpg
val,healthy,1,/content/CashewData_Split/val/healthy/healthy_1053.jpg
val,healthy,1,/content/CashewData_Split/val/healthy/healthy_1054.jpg
val,healthy,1,/content/CashewData_Split/val/healthy/healthy_1055.jpg
val,healthy,1,/content/CashewData_Split/val/healthy/healthy_1056.jpg
val,healthy,1,/content/CashewData_Split/val/healthy/healthy_1057.jpg
val,healthy,1,/content/CashewData_Split/val/healthy/healthy_1058.jpg
val,healthy,1,/content/CashewData_Split/val/healthy/healthy_1059.jpg
val,healthy,1,/content/CashewData_Split/val/healthy/healthy_1060.jpg
val,healthy,1,/content/CashewData_Split/val/healthy/healthy_1061.jpg
val,healthy,1,/content/CashewData_Split/val/healthy/healthy_1062.jpg
val,healthy,1,/content/CashewData_Split/val/healthy/healthy_1063.jpg
val,healthy,1,/content/CashewData_Split/val/healthy/healthy_1064.jpg
val,healthy,1,/content/CashewData_Split/val/healthy/healthy_1065.jpg
val,healthy,1,/content/CashewData_Split/val/healthy/healthy_1066.jpg
val,healthy,1,/content/CashewData_Split/val/healthy/healthy_1067.jpg
val,healthy,1,/content/CashewData_Split/val/healthy/healthy_1068.jpg
val,healthy,1,/content/CashewData_Split/val/healthy/healthy_1069.jpg
val,healthy,1,/content/CashewData_Split/val/healthy/healthy_1070.jpg
val,healthy,1,/content/CashewData_Split/val/healthy/healthy_1071.jpg
val,healthy,1,/content/CashewData_Split/val/healthy/healthy_1072.jpg
val,healthy,1,/content/CashewData_Split/val/healthy/healthy_1073.jpg
val,healthy,1,/content/CashewData_Split/val/healthy/healthy_1074.jpg
val,healthy,1,/content/CashewData_Split/val/healthy/healthy_1075.jpg
val,healthy,1,/content/CashewData_Split/val/healthy/healthy_1076.jpg
val,healthy,1,/content/CashewData_Split/val/healthy/healthy_1077.jpg
val,healthy,1,/content/CashewData_Split/val/healthy/healthy_1078.jpg
val,healthy,1,/content/CashewData_Split/val/healthy/healthy_1079.jpg
val,healthy,1,/content/CashewData_Split/val/healthy/healthy_1080.jpg
val,healthy,1,/content/CashewData_Split/val/healthy/healthy_1081.jpg
val,healthy,1,/content/CashewData_Split/val/healthy/healthy_1082.jpg
val,healthy,1,/content/CashewData_Split/val/healthy/healthy_1083.jpg
val,healthy,1,/content/CashewData_Split/val/healthy/healthy_1084.jpg
val,healthy,1,/content/CashewData_Split/val/healthy/healthy_1085.jpg
val,healthy,1,/content/CashewData_Split/val/healthy/healthy_1086.jpg
val,healthy,1,/content/CashewData_Split/val/healthy/healthy_1087.jpg
val,healthy,1,/content/CashewData_Split/val/healthy/healthy_1088.jpg
val,healthy,1,/content/CashewData_Split/val/healthy/healthy_1089.jpg
val,healthy,1,/content/CashewData_Split/val/healthy/healthy_1090.jpg
val,healthy,1,/content/CashewData_Split/val/healthy/healthy_1091.jpg
val,healthy,1,/content/CashewData_Split/val/healthy/healthy_1092.jpg
val,healthy,1,/content/CashewData_Split/val/healthy/healthy_1093.jpg
val,healthy,1,/content/CashewData_Split/val/healthy/healthy_1094.jpg
val,healthy,1,/content/CashewData_Split/val/healthy/healthy_1095.jpg
val,healthy,1,/content/CashewData_Split/val/healthy/healthy_1096.jpg
val,healthy,1,/content/CashewData_Split/val/healthy/healthy_1097.jpg
val,healthy,1,/content/CashewData_Split/val/healthy/healthy_1098.jpg
val,healthy,1,/content/CashewData_Split/val/healthy/healthy_1099.jpg
val,healthy,1,/content/CashewData_Split/val/healthy/healthy_1100.jpg
val,healthy,1,/content/CashewData_Split/val/healthy/healthy_1101.jpg
val,healthy,1,/content/CashewData_Split/val/healthy/healthy_1102.jpg
val,healthy,1,/content/CashewData_Split/val/healthy/healthy_1103.jpg
val,healthy,1,/content/CashewData_Split/val/healthy/healthy_1104.jpg
val,healthy,1,/content/CashewData_Split/val/healthy/healthy_1105.jpg
val,healthy,1,/content/CashewData_Split/val/healthy/healthy_1106.jpg
val,healthy,1,/content/CashewData_Split/val/healthy/healthy_1107.jpg
val,healthy,1,/content/CashewData_Split/val/healthy/healthy_1108.jpg
val,healthy,1,/content/CashewData_Split/val/healthy/healthy_1109.jpg
val,healthy,1,/content/CashewData_Split/val/healthy/healthy_1110.jpg
val,healthy,1,/content/CashewData_Split/val/healthy/healthy_1111.jpg
val,healthy,1,/content/CashewData_Split/val/healthy/healthy_1112.jpg
val,healthy,1,/content/CashewData_Split/val/healthy/healthy_1113.jpg
val,healthy,1,/content/CashewData_Split/val/healthy/healthy_1114.jpg
val,healthy,1,/content/CashewData_Split/val/healthy/healthy_1115.jpg
val,healthy,1,/content/CashewData_Split/val/healthy/healthy_1116.jpg
val,healthy,1,/content/CashewData_Split/val/healthy/healthy_1117.jpg
val,healthy,1,/content/CashewData_Split/val/healthy/healthy_1118.jpg
val,healthy,1,/content/CashewData_Split/val/healthy/healthy_1119.jpg
val,healthy,1,/content/CashewData_Split/val/healthy/healthy_1120.jpg
val,healthy,1,/content/CashewData_Split/val/healthy/healthy_1121.jpg
val,healthy,1,/content/CashewData_Split/val/healthy/healthy_1122.jpg
val,healthy,1,/content/CashewData_Split/val/healthy/healthy_1123.jpg
val,healthy,1,/content/CashewData_Split/val/healthy/healthy_1124.jpg
val,healthy,1,/content/CashewData_Split/val/healthy/healthy_1125.jpg
val,healthy,1,/content/CashewData_Split/val/healthy/healthy_1126.jpg
val,healthy,1,/content/CashewData_Split/val/healthy/healthy_1127.jpg
val,healthy,1,/content/CashewData_Split/val/healthy/healthy_1128.jpg
val,healthy,1,/content/CashewData_Split/val/healthy/healthy_1129.jpg
val,healthy,1,/content/CashewData_Split/val/healthy/healthy_1130.jpg
val,healthy,1,/content/CashewData_Split/val/healthy/healthy_1131.jpg
val,healthy,1,/content/CashewData_Split/val/healthy/healthy_1132.jpg
val,healthy,1,/content/CashewData_Split/val/healthy/healthy_1133.jpg
val,healthy,1,/content/CashewData_Split/val/healthy/healthy_1134.jpg
val,healthy,1,/content/CashewData_Split/val/healthy/healthy_1135.jpg
val,healthy,1,/content/CashewData_Split/val/healthy/healthy_1136.jpg
val,healthy,1,/content/CashewData_Split/val/healthy/healthy_1137.jpg
val,healthy,1,/content/CashewData_Split/val/healthy/healthy_1138.jpg
val,healthy,1,/content/CashewData_Split/val/healthy/healthy_1139.jpg
val,healthy,1,/content/CashewData_Split/val/healthy/healthy_1140.jpg
val,healthy,1,/content/CashewData_Split/val/healthy/healthy_1141.jpg
val,healthy,1,/content/CashewData_Split/val/healthy/healthy_1142.jpg
val,healthy,1,/content/CashewData_Split/val/healthy/healthy_1143.jpg
val,healthy,1,/content/CashewData_Split/val/healthy/healthy_1144.jpg
val,healthy,1,/content/CashewData_Split/val/healthy/healthy_1145.jpg
val,healthy,1,/content/CashewData_Split/val/healthy/healthy_1146.jpg
val,healthy,1,/content/CashewData_Split/val/healthy/healthy_1147.jpg
val,healthy,1,/content/CashewData_Split/val/healthy/healthy_1148.jpg
val,healthy,1,/content/CashewData_Split/val/healthy/healthy_1149.jpg
val,healthy,1,/content/CashewData_Split/val/healthy/healthy_925.jpg
val,healthy,1,/content/CashewData_Split/val/healthy/healthy_926.jpg
val,healthy,1,/content/CashewData_Split/val/healthy/healthy_927.jpg
val,healthy,1,/content/CashewData_Split/val/healthy/healthy_928.jpg
val,healthy,1,/content/CashewData_Split/val/healthy/healthy_929.jpg
val,healthy,1,/content/CashewData_Split/val/healthy/healthy_930.jpg
val,healthy,1,/content/CashewData_Split/val/healthy/healthy_931.jpg
val,healthy,1,/content/CashewData_Split/val/healthy/healthy_932.jpg
val,healthy,1,/content/CashewData_Split/val/healthy/healthy_933.jpg
val,healthy,1,/content/CashewData_Split/val/healthy/healthy_934.jpg
val,healthy,1,/content/CashewData_Split/val/healthy/healthy_935.jpg
val,healthy,1,/content/CashewData_Split/val/healthy/healthy_936.jpg
val,healthy,1,/content/CashewData_Split/val/healthy/healthy_937.jpg
val,healthy,1,/content/CashewData_Split/val/healthy/healthy_938.jpg
val,healthy,1,/content/CashewData_Split/val/healthy/healthy_939.jpg
val,healthy,1,/content/CashewData_Split/val/healthy/healthy_940.jpg
val,healthy,1,/content/CashewData_Split/val/healthy/healthy_941.jpg
val,healthy,1,/content/CashewData_Split/val/healthy/healthy_942.jpg
val,healthy,1,/content/CashewData_Split/val/healthy/healthy_943.jpg
val,healthy,1,/content/CashewData_Split/val/healthy/healthy_944.jpg
val,healthy,1,/content/CashewData_Split/val/healthy/healthy_945.jpg
val,healthy,1,/content/CashewData_Split/val/healthy/healthy_946.jpg
val,healthy,1,/content/CashewData_Split/val/healthy/healthy_947.jpg
val,healthy,1,/content/CashewData_Split/val/healthy/healthy_948.jpg
val,healthy,1,/content/CashewData_Split/val/healthy/healthy_949.jpg
val,healthy,1,/content/CashewData_Split/val/healthy/healthy_950.jpg
val,healthy,1,/content/CashewData_Split/val/healthy/healthy_951.jpg
val,healthy,1,/content/CashewData_Split/val/healthy/healthy_952.jpg
val,healthy,1,/content/CashewData_Split/val/healthy/healthy_953.jpg
val,healthy,1,/content/CashewData_Split/val/healthy/healthy_954.jpg
val,healthy,1,/content/CashewData_Split/val/healthy/healthy_955.jpg
val,healthy,1,/content/CashewData_Split/val/healthy/healthy_956.jpg
val,healthy,1,/content/CashewData_Split/val/healthy/healthy_957.jpg
val,healthy,1,/content/CashewData_Split/val/healthy/healthy_958.jpg
val,healthy,1,/content/CashewData_Split/val/healthy/healthy_959.jpg
val,healthy,1,/content/CashewData_Split/val/healthy/healthy_960.jpg
val,healthy,1,/content/CashewData_Split/val/healthy/healthy_961.jpg
val,healthy,1,/content/CashewData_Split/val/healthy/healthy_962.jpg
val,healthy,1,/content/CashewData_Split/val/healthy/healthy_963.jpg
val,healthy,1,/content/CashewData_Split/val/healthy/healthy_964.jpg
val,healthy,1,/content/CashewData_Split/val/healthy/healthy_965.jpg
val,healthy,1,/content/CashewData_Split/val/healthy/healthy_966.jpg
val,healthy,1,/content/CashewData_Split/val/healthy/healthy_967.jpg
val,healthy,1,/content/CashewData_Split/val/healthy/healthy_968.jpg
val,healthy,1,/content/CashewData_Split/val/healthy/healthy_969.jpg
val,healthy,1,/content/CashewData_Split/val/healthy/healthy_970.jpg
val,healthy,1,/content/CashewData_Split/val/healthy/healthy_971.jpg
val,healthy,1,/content/CashewData_Split/val/healthy/healthy_972.jpg
val,healthy,1,/content/CashewData_Split/val/healthy/healthy_973.jpg
val,healthy,1,/content/CashewData_Split/val/healthy/healthy_974.jpg
val,healthy,1,/content/CashewData_Split/val/healthy/healthy_975.jpg
val,healthy,1,/content/CashewData_Split/val/healthy/healthy_976.jpg
val,healthy,1,/content/CashewData_Split/val/healthy/healthy_977.jpg
val,healthy,1,/content/CashewData_Split/val/healthy/healthy_978.jpg
val,healthy,1,/content/CashewData_Split/val/healthy/healthy_979.jpg
val,healthy,1,/content/CashewData_Split/val/healthy/healthy_980.jpg
val,healthy,1,/content/CashewData_Split/val/healthy/healthy_981.jpg
val,healthy,1,/content/CashewData_Split/val/healthy/healthy_982.jpg
val,healthy,1,/content/CashewData_Split/val/healthy/healthy_983.jpg
val,healthy,1,/content/CashewData_Split/val/healthy/healthy_984.jpg
val,healthy,1,/content/CashewData_Split/val/healthy/healthy_985.jpg
val,healthy,1,/content/CashewData_Split/val/healthy/healthy_986.jpg
val,healthy,1,/content/CashewData_Split/val/healthy/healthy_987.jpg
val,healthy,1,/content/CashewData_Split/val/healthy/healthy_988.jpg
val,healthy,1,/content/CashewData_Split/val/healthy/healthy_989.jpg
val,healthy,1,/content/CashewData_Split/val/healthy/healthy_990.jpg
val,healthy,1,/content/CashewData_Split/val/healthy/healthy_991.jpg
val,healthy,1,/content/CashewData_Split/val/healthy/healthy_992.jpg
val,healthy,1,/content/CashewData_Split/val/healthy/healthy_993.jpg
val,healthy,1,/content/CashewData_Split/val/healthy/healthy_994.jpg
val,healthy,1,/content/CashewData_Split/val/healthy/healthy_995.jpg
val,healthy,1,/content/CashewData_Split/val/healthy/healthy_996.jpg
val,healthy,1,/content/CashewData_Split/val/healthy/healthy_997.jpg
val,healthy,1,/content/CashewData_Split/val/healthy/healthy_998.jpg
val,healthy,1,/content/CashewData_Split/val/healthy/healthy_999.jpg
val,leaf_miner,2,/content/CashewData_Split/val/leaf_miner/leaf_miner_1000.jpg
val,leaf_miner,2,/content/CashewData_Split/val/leaf_miner/leaf_miner_1001.jpg
val,leaf_miner,2,/content/CashewData_Split/val/leaf_miner/leaf_miner_1002.jpg
val,leaf_miner,2,/content/CashewData_Split/val/leaf_miner/leaf_miner_1003.jpg
val,leaf_miner,2,/content/CashewData_Split/val/leaf_miner/leaf_miner_1004.jpg
val,leaf_miner,2,/content/CashewData_Split/val/leaf_miner/leaf_miner_1006.jpg
val,leaf_miner,2,/content/CashewData_Split/val/leaf_miner/leaf_miner_1007.jpg
val,leaf_miner,2,/content/CashewData_Split/val/leaf_miner/leaf_miner_1008.jpg
val,leaf_miner,2,/content/CashewData_Split/val/leaf_miner/leaf_miner_1009.jpg
val,leaf_miner,2,/content/CashewData_Split/val/leaf_miner/leaf_miner_1010.jpg
val,leaf_miner,2,/content/CashewData_Split/val/leaf_miner/leaf_miner_1011.jpg
val,leaf_miner,2,/content/CashewData_Split/val/leaf_miner/leaf_miner_1012.jpg
val,leaf_miner,2,/content/CashewData_Split/val/leaf_miner/leaf_miner_1013.jpg
val,leaf_miner,2,/content/CashewData_Split/val/leaf_miner/leaf_miner_1014.jpg
val,leaf_miner,2,/content/CashewData_Split/val/leaf_miner/leaf_miner_1015.jpg
val,leaf_miner,2,/content/CashewData_Split/val/leaf_miner/leaf_miner_1017.jpg
val,leaf_miner,2,/content/CashewData_Split/val/leaf_miner/leaf_miner_1018.jpg
val,leaf_miner,2,/content/CashewData_Split/val/leaf_miner/leaf_miner_1019.jpg
val,leaf_miner,2,/content/CashewData_Split/val/leaf_miner/leaf_miner_1020.jpg
val,leaf_miner,2,/content/CashewData_Split/val/leaf_miner/leaf_miner_1021.jpg
val,leaf_miner,2,/content/CashewData_Split/val/leaf_miner/leaf_miner_1022.jpg
val,leaf_miner,2,/content/CashewData_Split/val/leaf_miner/leaf_miner_1024.jpg
val,leaf_miner,2,/content/CashewData_Split/val/leaf_miner/leaf_miner_1025.jpg
val,leaf_miner,2,/content/CashewData_Split/val/leaf_miner/leaf_miner_1028.jpg
val,leaf_miner,2,/content/CashewData_Split/val/leaf_miner/leaf_miner_1029.jpg
val,leaf_miner,2,/content/CashewData_Split/val/leaf_miner/leaf_miner_1030.jpg
val,leaf_miner,2,/content/CashewData_Split/val/leaf_miner/leaf_miner_1031.jpg
val,leaf_miner,2,/content/CashewData_Split/val/leaf_miner/leaf_miner_1032.jpg
val,leaf_miner,2,/content/CashewData_Split/val/leaf_miner/leaf_miner_1033.jpg
val,leaf_miner,2,/content/CashewData_Split/val/leaf_miner/leaf_miner_1034.jpg
val,leaf_miner,2,/content/CashewData_Split/val/leaf_miner/leaf_miner_1035.jpg
val,leaf_miner,2,/content/CashewData_Split/val/leaf_miner/leaf_miner_1036.jpg
val,leaf_miner,2,/content/CashewData_Split/val/leaf_miner/leaf_miner_1037.jpg
val,leaf_miner,2,/content/CashewData_Split/val/leaf_miner/leaf_miner_1039.jpg
val,leaf_miner,2,/content/CashewData_Split/val/leaf_miner/leaf_miner_1040.jpg
val,leaf_miner,2,/content/CashewData_Split/val/leaf_miner/leaf_miner_1041.jpg
val,leaf_miner,2,/content/CashewData_Split/val/leaf_miner/leaf_miner_1042.jpg
val,leaf_miner,2,/content/CashewData_Split/val/leaf_miner/leaf_miner_1043.jpg
val,leaf_miner,2,/content/CashewData_Split/val/leaf_miner/leaf_miner_1044.jpg
val,leaf_miner,2,/content/CashewData_Split/val/leaf_miner/leaf_miner_1045.jpg
val,leaf_miner,2,/content/CashewData_Split/val/leaf_miner/leaf_miner_1046.jpg
val,leaf_miner,2,/content/CashewData_Split/val/leaf_miner/leaf_miner_1047.jpg
val,leaf_miner,2,/content/CashewData_Split/val/leaf_miner/leaf_miner_1048.jpg
val,leaf_miner,2,/content/CashewData_Split/val/leaf_miner/leaf_miner_1050.jpg
val,leaf_miner,2,/content/CashewData_Split/val/leaf_miner/leaf_miner_1051.jpg
val,leaf_miner,2,/content/CashewData_Split/val/leaf_miner/leaf_miner_1052.jpg
val,leaf_miner,2,/content/CashewData_Split/val/leaf_miner/leaf_miner_1053.jpg
val,leaf_miner,2,/content/CashewData_Split/val/leaf_miner/leaf_miner_1054.jpg
val,leaf_miner,2,/content/CashewData_Split/val/leaf_miner/leaf_miner_1055.jpg
val,leaf_miner,2,/content/CashewData_Split/val/leaf_miner/leaf_miner_1056.jpg
val,leaf_miner,2,/content/CashewData_Split/val/leaf_miner/leaf_miner_1057.jpg
val,leaf_miner,2,/content/CashewData_Split/val/leaf_miner/leaf_miner_1058.jpg
val,leaf_miner,2,/content/CashewData_Split/val/leaf_miner/leaf_miner_1059.jpg
val,leaf_miner,2,/content/CashewData_Split/val/leaf_miner/leaf_miner_1064.jpg
val,leaf_miner,2,/content/CashewData_Split/val/leaf_miner/leaf_miner_1065.jpg
val,leaf_miner,2,/content/CashewData_Split/val/leaf_miner/leaf_miner_1066.jpg
val,leaf_miner,2,/content/CashewData_Split/val/leaf_miner/leaf_miner_1068.jpg
val,leaf_miner,2,/content/CashewData_Split/val/leaf_miner/leaf_miner_1069.jpg
val,leaf_miner,2,/content/CashewData_Split/val/leaf_miner/leaf_miner_1070.jpg
val,leaf_miner,2,/content/CashewData_Split/val/leaf_miner/leaf_miner_1072.jpg
val,leaf_miner,2,/content/CashewData_Split/val/leaf_miner/leaf_miner_1074.jpg
val,leaf_miner,2,/content/CashewData_Split/val/leaf_miner/leaf_miner_1075.jpg
val,leaf_miner,2,/content/CashewData_Split/val/leaf_miner/leaf_miner_1076.jpg
val,leaf_miner,2,/content/CashewData_Split/val/leaf_miner/leaf_miner_1077.jpg
val,leaf_miner,2,/content/CashewData_Split/val/leaf_miner/leaf_miner_1078.jpg
val,leaf_miner,2,/content/CashewData_Split/val/leaf_miner/leaf_miner_1079.jpg
val,leaf_miner,2,/content/CashewData_Split/val/leaf_miner/leaf_miner_1080.jpg
val,leaf_miner,2,/content/CashewData_Split/val/leaf_miner/leaf_miner_1081.jpg
val,leaf_miner,2,/content/CashewData_Split/val/leaf_miner/leaf_miner_1083.jpg
val,leaf_miner,2,/content/CashewData_Split/val/leaf_miner/leaf_miner_1084.jpg
val,leaf_miner,2,/content/CashewData_Split/val/leaf_miner/leaf_miner_1085.jpg
val,leaf_miner,2,/content/CashewData_Split/val/leaf_miner/leaf_miner_1086.jpg
val,leaf_miner,2,/content/CashewData_Split/val/leaf_miner/leaf_miner_1087.jpg
val,leaf_miner,2,/content/CashewData_Split/val/leaf_miner/leaf_miner_1088.jpg
val,leaf_miner,2,/content/CashewData_Split/val/leaf_miner/leaf_miner_1089.jpg
val,leaf_miner,2,/content/CashewData_Split/val/leaf_miner/leaf_miner_1091.jpg
val,leaf_miner,2,/content/CashewData_Split/val/leaf_miner/leaf_miner_1092.jpg
val,leaf_miner,2,/content/CashewData_Split/val/leaf_miner/leaf_miner_1093.jpg
val,leaf_miner,2,/content/CashewData_Split/val/leaf_miner/leaf_miner_1094.jpg
val,leaf_miner,2,/content/CashewData_Split/val/leaf_miner/leaf_miner_1095.jpg
val,leaf_miner,2,/content/CashewData_Split/val/leaf_miner/leaf_miner_1096.jpg
val,leaf_miner,2,/content/CashewData_Split/val/leaf_miner/leaf_miner_1097.jpg
val,leaf_miner,2,/content/CashewData_Split/val/leaf_miner/leaf_miner_1099.jpg
val,leaf_miner,2,/content/CashewData_Split/val/leaf_miner/leaf_miner_1100.jpg
val,leaf_miner,2,/content/CashewData_Split/val/leaf_miner/leaf_miner_1101.jpg
val,leaf_miner,2,/content/CashewData_Split/val/leaf_miner/leaf_miner_1102.jpg
val,leaf_miner,2,/content/CashewData_Split/val/leaf_miner/leaf_miner_1103.jpg
val,leaf_miner,2,/content/CashewData_Split/val/leaf_miner/leaf_miner_1104.jpg
val,leaf_miner,2,/content/CashewData_Split/val/leaf_miner/leaf_miner_1106.jpg
val,leaf_miner,2,/content/CashewData_Split/val/leaf_miner/leaf_miner_1107.jpg
val,leaf_miner,2,/content/CashewData_Split/val/leaf_miner/leaf_miner_1108.jpg
val,leaf_miner,2,/content/CashewData_Split/val/leaf_miner/leaf_miner_1109.jpg
val,leaf_miner,2,/content/CashewData_Split/val/leaf_miner/leaf_miner_1110.jpg
val,leaf_miner,2,/content/CashewData_Split/val/leaf_miner/leaf_miner_1111.jpg
val,leaf_miner,2,/content/CashewData_Split/val/leaf_miner/leaf_miner_1112.jpg
val,leaf_miner,2,/content/CashewData_Split/val/leaf_miner/leaf_miner_1113.jpg
val,leaf_miner,2,/content/CashewData_Split/val/leaf_miner/leaf_miner_1114.jpg
val,leaf_miner,2,/content/CashewData_Split/val/leaf_miner/leaf_miner_1115.jpg
val,leaf_miner,2,/content/CashewData_Split/val/leaf_miner/leaf_miner_1117.jpg
val,leaf_miner,2,/content/CashewData_Split/val/leaf_miner/leaf_miner_1118.jpg
val,leaf_miner,2,/content/CashewData_Split/val/leaf_miner/leaf_miner_1119.jpg
val,leaf_miner,2,/content/CashewData_Split/val/leaf_miner/leaf_miner_1120.jpg
val,leaf_miner,2,/content/CashewData_Split/val/leaf_miner/leaf_miner_1121.jpg
val,leaf_miner,2,/content/CashewData_Split/val/leaf_miner/leaf_miner_1122.jpg
val,leaf_miner,2,/content/CashewData_Split/val/leaf_miner/leaf_miner_1123.jpg
val,leaf_miner,2,/content/CashewData_Split/val/leaf_miner/leaf_miner_1124.jpg
val,leaf_miner,2,/content/CashewData_Split/val/leaf_miner/leaf_miner_1125.jpg
val,leaf_miner,2,/content/CashewData_Split/val/leaf_miner/leaf_miner_1126.jpg
val,leaf_miner,2,/content/CashewData_Split/val/leaf_miner/leaf_miner_1128.jpg
val,leaf_miner,2,/content/CashewData_Split/val/leaf_miner/leaf_miner_1129.jpg
val,leaf_miner,2,/content/CashewData_Split/val/leaf_miner/leaf_miner_1130.jpg
val,leaf_miner,2,/content/CashewData_Split/val/leaf_miner/leaf_miner_1131.jpg
val,leaf_miner,2,/content/CashewData_Split/val/leaf_miner/leaf_miner_1132.jpg
val,leaf_miner,2,/content/CashewData_Split/val/leaf_miner/leaf_miner_1133.jpg
val,leaf_miner,2,/content/CashewData_Split/val/leaf_miner/leaf_miner_1134.jpg
val,leaf_miner,2,/content/CashewData_Split/val/leaf_miner/leaf_miner_1135.jpg
val,leaf_miner,2,/content/CashewData_Split/val/leaf_miner/leaf_miner_1136.jpg
val,leaf_miner,2,/content/CashewData_Split/val/leaf_miner/leaf_miner_1137.jpg
val,leaf_miner,2,/content/CashewData_Split/val/leaf_miner/leaf_miner_1139.jpg
val,leaf_miner,2,/content/CashewData_Split/val/leaf_miner/leaf_miner_1140.jpg
val,leaf_miner,2,/content/CashewData_Split/val/leaf_miner/leaf_miner_1141.jpg
val,leaf_miner,2,/content/CashewData_Split/val/leaf_miner/leaf_miner_1142.jpg
val,leaf_miner,2,/content/CashewData_Split/val/leaf_miner/leaf_miner_1143.jpg
val,leaf_miner,2,/content/CashewData_Split/val/leaf_miner/leaf_miner_1144.jpg
val,leaf_miner,2,/content/CashewData_Split/val/leaf_miner/leaf_miner_1146.jpg
val,leaf_miner,2,/content/CashewData_Split/val/leaf_miner/leaf_miner_1147.jpg
val,leaf_miner,2,/content/CashewData_Split/val/leaf_miner/leaf_miner_1148.jpg
val,leaf_miner,2,/content/CashewData_Split/val/leaf_miner/leaf_miner_1150.jpg
val,leaf_miner,2,/content/CashewData_Split/val/leaf_miner/leaf_miner_1151.jpg
val,leaf_miner,2,/content/CashewData_Split/val/leaf_miner/leaf_miner_1152.jpg
val,leaf_miner,2,/content/CashewData_Split/val/leaf_miner/leaf_miner_1153.jpg
val,leaf_miner,2,/content/CashewData_Split/val/leaf_miner/leaf_miner_1154.jpg
val,leaf_miner,2,/content/CashewData_Split/val/leaf_miner/leaf_miner_1155.jpg
val,leaf_miner,2,/content/CashewData_Split/val/leaf_miner/leaf_miner_1156.jpg
val,leaf_miner,2,/content/CashewData_Split/val/leaf_miner/leaf_miner_1157.jpg
val,leaf_miner,2,/content/CashewData_Split/val/leaf_miner/leaf_miner_1158.jpg
val,leaf_miner,2,/content/CashewData_Split/val/leaf_miner/leaf_miner_1159.jpg
val,leaf_miner,2,/content/CashewData_Split/val/leaf_miner/leaf_miner_1161.jpg
val,leaf_miner,2,/content/CashewData_Split/val/leaf_miner/leaf_miner_1162.jpg
val,leaf_miner,2,/content/CashewData_Split/val/leaf_miner/leaf_miner_1163.jpg
val,leaf_miner,2,/content/CashewData_Split/val/leaf_miner/leaf_miner_1164.jpg
val,leaf_miner,2,/content/CashewData_Split/val/leaf_miner/leaf_miner_1165.jpg
val,leaf_miner,2,/content/CashewData_Split/val/leaf_miner/leaf_miner_1166.jpg
val,leaf_miner,2,/content/CashewData_Split/val/leaf_miner/leaf_miner_1167.jpg
val,leaf_miner,2,/content/CashewData_Split/val/leaf_miner/leaf_miner_1168.jpg
val,leaf_miner,2,/content/CashewData_Split/val/leaf_miner/leaf_miner_1169.jpg
val,leaf_miner,2,/content/CashewData_Split/val/leaf_miner/leaf_miner_1170.jpg
val,leaf_miner,2,/content/CashewData_Split/val/leaf_miner/leaf_miner_1172.jpg
val,leaf_miner,2,/content/CashewData_Split/val/leaf_miner/leaf_miner_1173.jpg
val,leaf_miner,2,/content/CashewData_Split/val/leaf_miner/leaf_miner_1174.jpg
val,leaf_miner,2,/content/CashewData_Split/val/leaf_miner/leaf_miner_1175.jpg
val,leaf_miner,2,/content/CashewData_Split/val/leaf_miner/leaf_miner_1176.jpg
val,leaf_miner,2,/content/CashewData_Split/val/leaf_miner/leaf_miner_1177.jpg
val,leaf_miner,2,/content/CashewData_Split/val/leaf_miner/leaf_miner_1178.jpg
val,leaf_miner,2,/content/CashewData_Split/val/leaf_miner/leaf_miner_1179.jpg
val,leaf_miner,2,/content/CashewData_Split/val/leaf_miner/leaf_miner_1180.jpg
val,leaf_miner,2,/content/CashewData_Split/val/leaf_miner/leaf_miner_1181.jpg
val,leaf_miner,2,/content/CashewData_Split/val/leaf_miner/leaf_miner_1184.jpg
val,leaf_miner,2,/content/CashewData_Split/val/leaf_miner/leaf_miner_1185.jpg
val,leaf_miner,2,/content/CashewData_Split/val/leaf_miner/leaf_miner_1186.jpg
val,leaf_miner,2,/content/CashewData_Split/val/leaf_miner/leaf_miner_1187.jpg
val,leaf_miner,2,/content/CashewData_Split/val/leaf_miner/leaf_miner_1188.jpg
val,leaf_miner,2,/content/CashewData_Split/val/leaf_miner/leaf_miner_1189.jpg
val,leaf_miner,2,/content/CashewData_Split/val/leaf_miner/leaf_miner_1190.jpg
val,leaf_miner,2,/content/CashewData_Split/val/leaf_miner/leaf_miner_1191.jpg
val,leaf_miner,2,/content/CashewData_Split/val/leaf_miner/leaf_miner_1192.jpg
val,leaf_miner,2,/content/CashewData_Split/val/leaf_miner/leaf_miner_1193.jpg
val,leaf_miner,2,/content/CashewData_Split/val/leaf_miner/leaf_miner_1194.jpg
val,leaf_miner,2,/content/CashewData_Split/val/leaf_miner/leaf_miner_1195.jpg
val,leaf_miner,2,/content/CashewData_Split/val/leaf_miner/leaf_miner_1196.jpg
val,leaf_miner,2,/content/CashewData_Split/val/leaf_miner/leaf_miner_1197.jpg
val,leaf_miner,2,/content/CashewData_Split/val/leaf_miner/leaf_miner_1199.jpg
val,leaf_miner,2,/content/CashewData_Split/val/leaf_miner/leaf_miner_1200.jpg
val,leaf_miner,2,/content/CashewData_Split/val/leaf_miner/leaf_miner_1201.jpg
val,leaf_miner,2,/content/CashewData_Split/val/leaf_miner/leaf_miner_1202.jpg
val,leaf_miner,2,/content/CashewData_Split/val/leaf_miner/leaf_miner_1203.jpg
val,leaf_miner,2,/content/CashewData_Split/val/leaf_miner/leaf_miner_1205.jpg
val,leaf_miner,2,/content/CashewData_Split/val/leaf_miner/leaf_miner_1206.jpg
val,leaf_miner,2,/content/CashewData_Split/val/leaf_miner/leaf_miner_1207.jpg
val,leaf_miner,2,/content/CashewData_Split/val/leaf_miner/leaf_miner_1208.jpg
val,leaf_miner,2,/content/CashewData_Split/val/leaf_miner/leaf_miner_1209.jpg
val,leaf_miner,2,/content/CashewData_Split/val/leaf_miner/leaf_miner_1210.jpg
val,leaf_miner,2,/content/CashewData_Split/val/leaf_miner/leaf_miner_1211.jpg
val,leaf_miner,2,/content/CashewData_Split/val/leaf_miner/leaf_miner_1212.jpg
val,leaf_miner,2,/content/CashewData_Split/val/leaf_miner/leaf_miner_1213.jpg
val,leaf_miner,2,/content/CashewData_Split/val/leaf_miner/leaf_miner_1214.jpg
val,leaf_miner,2,/content/CashewData_Split/val/leaf_miner/leaf_miner_1215.jpg
val,leaf_miner,2,/content/CashewData_Split/val/leaf_miner/leaf_miner_1216.jpg
val,leaf_miner,2,/content/CashewData_Split/val/leaf_miner/leaf_miner_239.jpg
val,leaf_miner,2,/content/CashewData_Split/val/leaf_miner/leaf_miner_240.jpg
val,leaf_miner,2,/content/CashewData_Split/val/leaf_miner/leaf_miner_475.jpg
val,leaf_miner,2,/content/CashewData_Split/val/leaf_miner/leaf_miner_476.jpg
val,leaf_miner,2,/content/CashewData_Split/val/leaf_miner/leaf_miner_477.jpg
val,leaf_miner,2,/content/CashewData_Split/val/leaf_miner/leaf_miner_478.jpg
val,leaf_miner,2,/content/CashewData_Split/val/leaf_miner/leaf_miner_778.jpg
val,leaf_miner,2,/content/CashewData_Split/val/leaf_miner/leaf_miner_779.jpg
val,leaf_miner,2,/content/CashewData_Split/val/leaf_miner/leaf_miner_780.jpg
val,leaf_miner,2,/content/CashewData_Split/val/leaf_miner/leaf_miner_781.jpg
val,leaf_miner,2,/content/CashewData_Split/val/leaf_miner/leaf_miner_782.jpg
val,leaf_miner,2,/content/CashewData_Split/val/leaf_miner/leaf_miner_783.jpg
val,leaf_miner,2,/content/CashewData_Split/val/leaf_miner/leaf_miner_784.jpg
val,leaf_miner,2,/content/CashewData_Split/val/leaf_miner/leaf_miner_785.jpg
val,leaf_miner,2,/content/CashewData_Split/val/leaf_miner/leaf_miner_786.jpg
val,leaf_miner,2,/content/CashewData_Split/val/leaf_miner/leaf_miner_788.jpg
val,leaf_miner,2,/content/CashewData_Split/val/leaf_miner/leaf_miner_789.jpg
val,leaf_miner,2,/content/CashewData_Split/val/leaf_miner/leaf_miner_790.jpg
val,leaf_miner,2,/content/CashewData_Split/val/leaf_miner/leaf_miner_953.jpg
val,leaf_miner,2,/content/CashewData_Split/val/leaf_miner/leaf_miner_954.jpg
val,leaf_miner,2,/content/CashewData_Split/val/leaf_miner/leaf_miner_955.jpg
val,leaf_miner,2,/content/CashewData_Split/val/leaf_miner/leaf_miner_956.jpg
val,leaf_miner,2,/content/CashewData_Split/val/leaf_miner/leaf_miner_957.jpg
val,leaf_miner,2,/content/CashewData_Split/val/leaf_miner/leaf_miner_958.jpg
val,leaf_miner,2,/content/CashewData_Split/val/leaf_miner/leaf_miner_959.jpg
val,leaf_miner,2,/content/CashewData_Split/val/leaf_miner/leaf_miner_961.jpg
val,leaf_miner,2,/content/CashewData_Split/val/leaf_miner/leaf_miner_962.jpg
val,leaf_miner,2,/content/CashewData_Split/val/leaf_miner/leaf_miner_963.jpg
val,leaf_miner,2,/content/CashewData_Split/val/leaf_miner/leaf_miner_964.jpg
val,leaf_miner,2,/content/CashewData_Split/val/leaf_miner/leaf_miner_965.jpg
val,leaf_miner,2,/content/CashewData_Split/val/leaf_miner/leaf_miner_966.jpg
val,leaf_miner,2,/content/CashewData_Split/val/leaf_miner/leaf_miner_967.jpg
val,leaf_miner,2,/content/CashewData_Split/val/leaf_miner/leaf_miner_968.jpg
val,leaf_miner,2,/content/CashewData_Split/val/leaf_miner/leaf_miner_969.jpg
val,leaf_miner,2,/content/CashewData_Split/val/leaf_miner/leaf_miner_970.jpg
val,leaf_miner,2,/content/CashewData_Split/val/leaf_miner/leaf_miner_973.jpg
val,leaf_miner,2,/content/CashewData_Split/val/leaf_miner/leaf_miner_974.jpg
val,leaf_miner,2,/content/CashewData_Split/val/leaf_miner/leaf_miner_975.jpg
val,leaf_miner,2,/content/CashewData_Split/val/leaf_miner/leaf_miner_976.jpg
val,leaf_miner,2,/content/CashewData_Split/val/leaf_miner/leaf_miner_977.jpg
val,leaf_miner,2,/content/CashewData_Split/val/leaf_miner/leaf_miner_978.jpg
val,leaf_miner,2,/content/CashewData_Split/val/leaf_miner/leaf_miner_979.jpg
val,leaf_miner,2,/content/CashewData_Split/val/leaf_miner/leaf_miner_980.jpg
val,leaf_miner,2,/content/CashewData_Split/val/leaf_miner/leaf_miner_981.jpg
val,leaf_miner,2,/content/CashewData_Split/val/leaf_miner/leaf_miner_982.jpg
val,leaf_miner,2,/content/CashewData_Split/val/leaf_miner/leaf_miner_983.jpg
val,leaf_miner,2,/content/CashewData_Split/val/leaf_miner/leaf_miner_984.jpg
val,leaf_miner,2,/content/CashewData_Split/val/leaf_miner/leaf_miner_985.jpg
val,leaf_miner,2,/content/CashewData_Split/val/leaf_miner/leaf_miner_986.jpg
val,leaf_miner,2,/content/CashewData_Split/val/leaf_miner/leaf_miner_987.jpg
val,leaf_miner,2,/content/CashewData_Split/val/leaf_miner/leaf_miner_988.jpg
val,leaf_miner,2,/content/CashewData_Split/val/leaf_miner/leaf_miner_989.jpg
val,leaf_miner,2,/content/CashewData_Split/val/leaf_miner/leaf_miner_990.jpg
val,leaf_miner,2,/content/CashewData_Split/val/leaf_miner/leaf_miner_991.jpg
val,leaf_miner,2,/content/CashewData_Split/val/leaf_miner/leaf_miner_992.jpg
val,leaf_miner,2,/content/CashewData_Split/val/leaf_miner/leaf_miner_993.jpg
val,leaf_miner,2,/content/CashewData_Split/val/leaf_miner/leaf_miner_995.jpg
val,leaf_miner,2,/content/CashewData_Split/val/leaf_miner/leaf_miner_996.jpg
val,leaf_miner,2,/content/CashewData_Split/val/leaf_miner/leaf_miner_997.jpg
val,leaf_miner,2,/content/CashewData_Split/val/leaf_miner/leaf_miner_998.jpg
val,leaf_miner,2,/content/CashewData_Split/val/leaf_miner/leaf_miner_999.jpg
val,not_cashew_leaf,3,/content/CashewData_Split/val/not_cashew_leaf/not_cashew_leaf_1102.jpg
val,not_cashew_leaf,3,/content/CashewData_Split/val/not_cashew_leaf/not_cashew_leaf_1103.jpg
val,not_cashew_leaf,3,/content/CashewData_Split/val/not_cashew_leaf/not_cashew_leaf_1104.jpg
val,not_cashew_leaf,3,/content/CashewData_Split/val/not_cashew_leaf/not_cashew_leaf_1105.jpg
val,not_cashew_leaf,3,/content/CashewData_Split/val/not_cashew_leaf/not_cashew_leaf_1106.jpg
val,not_cashew_leaf,3,/content/CashewData_Split/val/not_cashew_leaf/not_cashew_leaf_1107.jpg
val,not_cashew_leaf,3,/content/CashewData_Split/val/not_cashew_leaf/not_cashew_leaf_1108.jpg
val,not_cashew_leaf,3,/content/CashewData_Split/val/not_cashew_leaf/not_cashew_leaf_1109.jpg
val,not_cashew_leaf,3,/content/CashewData_Split/val/not_cashew_leaf/not_cashew_leaf_1110.jpg
val,not_cashew_leaf,3,/content/CashewData_Split/val/not_cashew_leaf/not_cashew_leaf_1111.jpg
val,not_cashew_leaf,3,/content/CashewData_Split/val/not_cashew_leaf/not_cashew_leaf_1112.jpg
val,not_cashew_leaf,3,/content/CashewData_Split/val/not_cashew_leaf/not_cashew_leaf_1113.jpg
val,not_cashew_leaf,3,/content/CashewData_Split/val/not_cashew_leaf/not_cashew_leaf_1114.jpg
val,not_cashew_leaf,3,/content/CashewData_Split/val/not_cashew_leaf/not_cashew_leaf_1115.jpg
val,not_cashew_leaf,3,/content/CashewData_Split/val/not_cashew_leaf/not_cashew_leaf_1116.jpg
val,not_cashew_leaf,3,/content/CashewData_Split/val/not_cashew_leaf/not_cashew_leaf_1117.jpg
val,not_cashew_leaf,3,/content/CashewData_Split/val/not_cashew_leaf/not_cashew_leaf_1118.jpg
val,not_cashew_leaf,3,/content/CashewData_Split/val/not_cashew_leaf/not_cashew_leaf_1119.jpg
val,not_cashew_leaf,3,/content/CashewData_Split/val/not_cashew_leaf/not_cashew_leaf_1120.jpg
val,not_cashew_leaf,3,/content/CashewData_Split/val/not_cashew_leaf/not_cashew_leaf_1121.jpg
val,not_cashew_leaf,3,/content/CashewData_Split/val/not_cashew_leaf/not_cashew_leaf_1122.jpg
val,not_cashew_leaf,3,/content/CashewData_Split/val/not_cashew_leaf/not_cashew_leaf_1123.jpg
val,not_cashew_leaf,3,/content/CashewData_Split/val/not_cashew_leaf/not_cashew_leaf_1124.jpg
val,not_cashew_leaf,3,/content/CashewData_Split/val/not_cashew_leaf/not_cashew_leaf_1125.jpg
val,not_cashew_leaf,3,/content/CashewData_Split/val/not_cashew_leaf/not_cashew_leaf_1126.jpg
val,not_cashew_leaf,3,/content/CashewData_Split/val/not_cashew_leaf/not_cashew_leaf_1127.jpg
val,not_cashew_leaf,3,/content/CashewData_Split/val/not_cashew_leaf/not_cashew_leaf_1128.jpg
val,not_cashew_leaf,3,/content/CashewData_Split/val/not_cashew_leaf/not_cashew_leaf_1129.jpg
val,not_cashew_leaf,3,/content/CashewData_Split/val/not_cashew_leaf/not_cashew_leaf_1130.jpg
val,not_cashew_leaf,3,/content/CashewData_Split/val/not_cashew_leaf/not_cashew_leaf_1131.jpg
val,not_cashew_leaf,3,/content/CashewData_Split/val/not_cashew_leaf/not_cashew_leaf_1132.jpg
val,not_cashew_leaf,3,/content/CashewData_Split/val/not_cashew_leaf/not_cashew_leaf_1133.jpg
val,not_cashew_leaf,3,/content/CashewData_Split/val/not_cashew_leaf/not_cashew_leaf_1134.jpg
val,not_cashew_leaf,3,/content/CashewData_Split/val/not_cashew_leaf/not_cashew_leaf_1135.JPG
val,not_cashew_leaf,3,/content/CashewData_Split/val/not_cashew_leaf/not_cashew_leaf_1136.jpg
val,not_cashew_leaf,3,/content/CashewData_Split/val/not_cashew_leaf/not_cashew_leaf_1137.jpg
val,not_cashew_leaf,3,/content/CashewData_Split/val/not_cashew_leaf/not_cashew_leaf_1138.jpg
val,not_cashew_leaf,3,/content/CashewData_Split/val/not_cashew_leaf/not_cashew_leaf_1139.jpg
val,not_cashew_leaf,3,/content/CashewData_Split/val/not_cashew_leaf/not_cashew_leaf_1140.jpg
val,not_cashew_leaf,3,/content/CashewData_Split/val/not_cashew_leaf/not_cashew_leaf_1141.jpg
val,not_cashew_leaf,3,/content/CashewData_Split/val/not_cashew_leaf/not_cashew_leaf_1142.jpg
val,not_cashew_leaf,3,/content/CashewData_Split/val/not_cashew_leaf/not_cashew_leaf_1143.jpg
val,not_cashew_leaf,3,/content/CashewData_Split/val/not_cashew_leaf/not_cashew_leaf_1144.jpg
val,not_cashew_leaf,3,/content/CashewData_Split/val/not_cashew_leaf/not_cashew_leaf_1145.jpg
val,not_cashew_leaf,3,/content/CashewData_Split/val/not_cashew_leaf/not_cashew_leaf_1146.jpg
val,not_cashew_leaf,3,/content/CashewData_Split/val/not_cashew_leaf/not_cashew_leaf_1147.jpg
val,not_cashew_leaf,3,/content/CashewData_Split/val/not_cashew_leaf/not_cashew_leaf_1148.jpg
val,not_cashew_leaf,3,/content/CashewData_Split/val/not_cashew_leaf/not_cashew_leaf_1149.jpg
val,not_cashew_leaf,3,/content/CashewData_Split/val/not_cashew_leaf/not_cashew_leaf_1150.jpg
val,not_cashew_leaf,3,/content/CashewData_Split/val/not_cashew_leaf/not_cashew_leaf_1151.jpg
val,not_cashew_leaf,3,/content/CashewData_Split/val/not_cashew_leaf/not_cashew_leaf_1152.jpg
val,not_cashew_leaf,3,/content/CashewData_Split/val/not_cashew_leaf/not_cashew_leaf_1153.jpg
val,not_cashew_leaf,3,/content/CashewData_Split/val/not_cashew_leaf/not_cashew_leaf_1154.jpg
val,not_cashew_leaf,3,/content/CashewData_Split/val/not_cashew_leaf/not_cashew_leaf_1155.jpg
val,not_cashew_leaf,3,/content/CashewData_Split/val/not_cashew_leaf/not_cashew_leaf_1156.jpg
val,not_cashew_leaf,3,/content/CashewData_Split/val/not_cashew_leaf/not_cashew_leaf_1157.jpg
val,not_cashew_leaf,3,/content/CashewData_Split/val/not_cashew_leaf/not_cashew_leaf_1158.jpg
val,not_cashew_leaf,3,/content/CashewData_Split/val/not_cashew_leaf/not_cashew_leaf_1159.jpg
val,not_cashew_leaf,3,/content/CashewData_Split/val/not_cashew_leaf/not_cashew_leaf_1160.jpg
val,not_cashew_leaf,3,/content/CashewData_Split/val/not_cashew_leaf/not_cashew_leaf_1161.jpg
val,not_cashew_leaf,3,/content/CashewData_Split/val/not_cashew_leaf/not_cashew_leaf_1162.jpg
val,not_cashew_leaf,3,/content/CashewData_Split/val/not_cashew_leaf/not_cashew_leaf_1163.jpg
val,not_cashew_leaf,3,/content/CashewData_Split/val/not_cashew_leaf/not_cashew_leaf_1164.jpg
val,not_cashew_leaf,3,/content/CashewData_Split/val/not_cashew_leaf/not_cashew_leaf_1165.jpg
val,not_cashew_leaf,3,/content/CashewData_Split/val/not_cashew_leaf/not_cashew_leaf_1166.jpg
val,not_cashew_leaf,3,/content/CashewData_Split/val/not_cashew_leaf/not_cashew_leaf_1167.jpg
val,not_cashew_leaf,3,/content/CashewData_Split/val/not_cashew_leaf/not_cashew_leaf_1168.jpg
val,not_cashew_leaf,3,/content/CashewData_Split/val/not_cashew_leaf/not_cashew_leaf_1169.jpg
val,not_cashew_leaf,3,/content/CashewData_Split/val/not_cashew_leaf/not_cashew_leaf_1170.jpg
val,not_cashew_leaf,3,/content/CashewData_Split/val/not_cashew_leaf/not_cashew_leaf_1171.jpg
val,not_cashew_leaf,3,/content/CashewData_Split/val/not_cashew_leaf/not_cashew_leaf_1172.jpg
val,not_cashew_leaf,3,/content/CashewData_Split/val/not_cashew_leaf/not_cashew_leaf_1173.jpg
val,not_cashew_leaf,3,/content/CashewData_Split/val/not_cashew_leaf/not_cashew_leaf_1174.jpg
val,not_cashew_leaf,3,/content/CashewData_Split/val/not_cashew_leaf/not_cashew_leaf_1175.jpg
val,not_cashew_leaf,3,/content/CashewData_Split/val/not_cashew_leaf/not_cashew_leaf_1176.jpg
val,not_cashew_leaf,3,/content/CashewData_Split/val/not_cashew_leaf/not_cashew_leaf_1177.jpg
val,not_cashew_leaf,3,/content/CashewData_Split/val/not_cashew_leaf/not_cashew_leaf_1178.jpg
val,not_cashew_leaf,3,/content/CashewData_Split/val/not_cashew_leaf/not_cashew_leaf_1179.jpg
val,not_cashew_leaf,3,/content/CashewData_Split/val/not_cashew_leaf/not_cashew_leaf_1180.jpg
val,not_cashew_leaf,3,/content/CashewData_Split/val/not_cashew_leaf/not_cashew_leaf_1181.jpg
val,not_cashew_leaf,3,/content/CashewData_Split/val/not_cashew_leaf/not_cashew_leaf_1182.jpg
val,not_cashew_leaf,3,/content/CashewData_Split/val/not_cashew_leaf/not_cashew_leaf_1183.jpg
val,not_cashew_leaf,3,/content/CashewData_Split/val/not_cashew_leaf/not_cashew_leaf_1184.jpg
val,not_cashew_leaf,3,/content/CashewData_Split/val/not_cashew_leaf/not_cashew_leaf_1185.jpg
val,not_cashew_leaf,3,/content/CashewData_Split/val/not_cashew_leaf/not_cashew_leaf_1186.jpg
val,not_cashew_leaf,3,/content/CashewData_Split/val/not_cashew_leaf/not_cashew_leaf_1187.jpg
val,not_cashew_leaf,3,/content/CashewData_Split/val/not_cashew_leaf/not_cashew_leaf_1188.jpg
val,not_cashew_leaf,3,/content/CashewData_Split/val/not_cashew_leaf/not_cashew_leaf_1189.jpg
val,not_cashew_leaf,3,/content/CashewData_Split/val/not_cashew_leaf/not_cashew_leaf_1190.jpg
val,not_cashew_leaf,3,/content/CashewData_Split/val/not_cashew_leaf/not_cashew_leaf_1191.jpg
val,not_cashew_leaf,3,/content/CashewData_Split/val/not_cashew_leaf/not_cashew_leaf_1192.jpg
val,not_cashew_leaf,3,/content/CashewData_Split/val/not_cashew_leaf/not_cashew_leaf_1193.jpg
val,not_cashew_leaf,3,/content/CashewData_Split/val/not_cashew_leaf/not_cashew_leaf_1194.jpg
val,not_cashew_leaf,3,/content/CashewData_Split/val/not_cashew_leaf/not_cashew_leaf_1195.jpg
val,not_cashew_leaf,3,/content/CashewData_Split/val/not_cashew_leaf/not_cashew_leaf_1196.jpg
val,not_cashew_leaf,3,/content/CashewData_Split/val/not_cashew_leaf/not_cashew_leaf_1197.jpg
val,not_cashew_leaf,3,/content/CashewData_Split/val/not_cashew_leaf/not_cashew_leaf_1198.jpg
val,not_cashew_leaf,3,/content/CashewData_Split/val/not_cashew_leaf/not_cashew_leaf_1199.jpg
val,not_cashew_leaf,3,/content/CashewData_Split/val/not_cashew_leaf/not_cashew_leaf_1200.jpg
val,not_cashew_leaf,3,/content/CashewData_Split/val/not_cashew_leaf/not_cashew_leaf_1201.jpg
val,not_cashew_leaf,3,/content/CashewData_Split/val/not_cashew_leaf/not_cashew_leaf_1202.jpg
val,not_cashew_leaf,3,/content/CashewData_Split/val/not_cashew_leaf/not_cashew_leaf_1203.jpg
val,not_cashew_leaf,3,/content/CashewData_Split/val/not_cashew_leaf/not_cashew_leaf_1204.jpg
val,not_cashew_leaf,3,/content/CashewData_Split/val/not_cashew_leaf/not_cashew_leaf_1205.jpg
val,not_cashew_leaf,3,/content/CashewData_Split/val/not_cashew_leaf/not_cashew_leaf_1206.jpg
val,not_cashew_leaf,3,/content/CashewData_Split/val/not_cashew_leaf/not_cashew_leaf_1207.jpg
val,not_cashew_leaf,3,/content/CashewData_Split/val/not_cashew_leaf/not_cashew_leaf_1208.jpg
val,not_cashew_leaf,3,/content/CashewData_Split/val/not_cashew_leaf/not_cashew_leaf_1209.jpg
val,not_cashew_leaf,3,/content/CashewData_Split/val/not_cashew_leaf/not_cashew_leaf_1210.jpg
val,not_cashew_leaf,3,/content/CashewData_Split/val/not_cashew_leaf/not_cashew_leaf_1211.jpg
val,not_cashew_leaf,3,/content/CashewData_Split/val/not_cashew_leaf/not_cashew_leaf_1212.jpg
val,not_cashew_leaf,3,/content/CashewData_Split/val/not_cashew_leaf/not_cashew_leaf_1213.jpg
val,not_cashew_leaf,3,/content/CashewData_Split/val/not_cashew_leaf/not_cashew_leaf_1214.jpg
val,not_cashew_leaf,3,/content/CashewData_Split/val/not_cashew_leaf/not_cashew_leaf_1215.jpg
val,not_cashew_leaf,3,/content/CashewData_Split/val/not_cashew_leaf/not_cashew_leaf_1216.jpg
val,not_cashew_leaf,3,/content/CashewData_Split/val/not_cashew_leaf/not_cashew_leaf_1217.jpg
val,not_cashew_leaf,3,/content/CashewData_Split/val/not_cashew_leaf/not_cashew_leaf_1218.jpg
val,not_cashew_leaf,3,/content/CashewData_Split/val/not_cashew_leaf/not_cashew_leaf_1219.jpg
val,not_cashew_leaf,3,/content/CashewData_Split/val/not_cashew_leaf/not_cashew_leaf_1220.jpg
val,not_cashew_leaf,3,/content/CashewData_Split/val/not_cashew_leaf/not_cashew_leaf_1221.jpg
val,not_cashew_leaf,3,/content/CashewData_Split/val/not_cashew_leaf/not_cashew_leaf_1222.jpg
val,not_cashew_leaf,3,/content/CashewData_Split/val/not_cashew_leaf/not_cashew_leaf_1223.jpg
val,not_cashew_leaf,3,/content/CashewData_Split/val/not_cashew_leaf/not_cashew_leaf_1224.jpg
val,not_cashew_leaf,3,/content/CashewData_Split/val/not_cashew_leaf/not_cashew_leaf_1225.jpg
val,not_cashew_leaf,3,/content/CashewData_Split/val/not_cashew_leaf/not_cashew_leaf_1226.jpg
val,not_cashew_leaf,3,/content/CashewData_Split/val/not_cashew_leaf/not_cashew_leaf_1227.jpg
val,not_cashew_leaf,3,/content/CashewData_Split/val/not_cashew_leaf/not_cashew_leaf_1228.jpg
val,not_cashew_leaf,3,/content/CashewData_Split/val/not_cashew_leaf/not_cashew_leaf_1229.jpg
val,not_cashew_leaf,3,/content/CashewData_Split/val/not_cashew_leaf/not_cashew_leaf_1230.jpg
val,not_cashew_leaf,3,/content/CashewData_Split/val/not_cashew_leaf/not_cashew_leaf_1231.jpg
val,not_cashew_leaf,3,/content/CashewData_Split/val/not_cashew_leaf/not_cashew_leaf_1232.jpg
val,not_cashew_leaf,3,/content/CashewData_Split/val/not_cashew_leaf/not_cashew_leaf_1233.jpg
val,not_cashew_leaf,3,/content/CashewData_Split/val/not_cashew_leaf/not_cashew_leaf_1234.jpg
val,not_cashew_leaf,3,/content/CashewData_Split/val/not_cashew_leaf/not_cashew_leaf_1235.jpg
val,not_cashew_leaf,3,/content/CashewData_Split/val/not_cashew_leaf/not_cashew_leaf_1236.JPG
val,not_cashew_leaf,3,/content/CashewData_Split/val/not_cashew_leaf/not_cashew_leaf_1237.jpg
val,not_cashew_leaf,3,/content/CashewData_Split/val/not_cashew_leaf/not_cashew_leaf_1238.jpg
val,not_cashew_leaf,3,/content/CashewData_Split/val/not_cashew_leaf/not_cashew_leaf_1239.jpg
val,not_cashew_leaf,3,/content/CashewData_Split/val/not_cashew_leaf/not_cashew_leaf_1240.jpg
val,not_cashew_leaf,3,/content/CashewData_Split/val/not_cashew_leaf/not_cashew_leaf_1241.jpg
val,not_cashew_leaf,3,/content/CashewData_Split/val/not_cashew_leaf/not_cashew_leaf_1242.jpg
val,not_cashew_leaf,3,/content/CashewData_Split/val/not_cashew_leaf/not_cashew_leaf_1243.jpg
val,not_cashew_leaf,3,/content/CashewData_Split/val/not_cashew_leaf/not_cashew_leaf_1244.jpg
val,not_cashew_leaf,3,/content/CashewData_Split/val/not_cashew_leaf/not_cashew_leaf_1245.jpg
val,not_cashew_leaf,3,/content/CashewData_Split/val/not_cashew_leaf/not_cashew_leaf_1246.jpg
val,not_cashew_leaf,3,/content/CashewData_Split/val/not_cashew_leaf/not_cashew_leaf_1247.jpg
val,not_cashew_leaf,3,/content/CashewData_Split/val/not_cashew_leaf/not_cashew_leaf_1248.jpg
val,not_cashew_leaf,3,/content/CashewData_Split/val/not_cashew_leaf/not_cashew_leaf_1249.jpg
val,not_cashew_leaf,3,/content/CashewData_Split/val/not_cashew_leaf/not_cashew_leaf_1250.jpg
val,not_cashew_leaf,3,/content/CashewData_Split/val/not_cashew_leaf/not_cashew_leaf_1251.jpg
val,not_cashew_leaf,3,/content/CashewData_Split/val/not_cashew_leaf/not_cashew_leaf_1252.jpg
val,not_cashew_leaf,3,/content/CashewData_Split/val/not_cashew_leaf/not_cashew_leaf_1253.jpg
val,not_cashew_leaf,3,/content/CashewData_Split/val/not_cashew_leaf/not_cashew_leaf_1254.jpg
val,not_cashew_leaf,3,/content/CashewData_Split/val/not_cashew_leaf/not_cashew_leaf_1255.jpg
val,not_cashew_leaf,3,/content/CashewData_Split/val/not_cashew_leaf/not_cashew_leaf_1256.jpg
val,not_cashew_leaf,3,/content/CashewData_Split/val/not_cashew_leaf/not_cashew_leaf_1257.jpg
val,not_cashew_leaf,3,/content/CashewData_Split/val/not_cashew_leaf/not_cashew_leaf_1258.jpg
val,not_cashew_leaf,3,/content/CashewData_Split/val/not_cashew_leaf/not_cashew_leaf_1259.jpg
val,not_cashew_leaf,3,/content/CashewData_Split/val/not_cashew_leaf/not_cashew_leaf_1260.jpg
val,not_cashew_leaf,3,/content/CashewData_Split/val/not_cashew_leaf/not_cashew_leaf_1261.jpg
val,not_cashew_leaf,3,/content/CashewData_Split/val/not_cashew_leaf/not_cashew_leaf_1262.jpg
val,not_cashew_leaf,3,/content/CashewData_Split/val/not_cashew_leaf/not_cashew_leaf_1263.jpg
val,not_cashew_leaf,3,/content/CashewData_Split/val/not_cashew_leaf/not_cashew_leaf_1264.jpg
val,not_cashew_leaf,3,/content/CashewData_Split/val/not_cashew_leaf/not_cashew_leaf_1265.jpg
val,not_cashew_leaf,3,/content/CashewData_Split/val/not_cashew_leaf/not_cashew_leaf_1266.jpg
val,not_cashew_leaf,3,/content/CashewData_Split/val/not_cashew_leaf/not_cashew_leaf_1267.jpg
val,not_cashew_leaf,3,/content/CashewData_Split/val/not_cashew_leaf/not_cashew_leaf_1268.jpg
val,not_cashew_leaf,3,/content/CashewData_Split/val/not_cashew_leaf/not_cashew_leaf_1269.jpg
val,not_cashew_leaf,3,/content/CashewData_Split/val/not_cashew_leaf/not_cashew_leaf_1270.jpg
val,not_cashew_leaf,3,/content/CashewData_Split/val/not_cashew_leaf/not_cashew_leaf_1271.jpg
val,not_cashew_leaf,3,/content/CashewData_Split/val/not_cashew_leaf/not_cashew_leaf_1272.jpg
val,not_cashew_leaf,3,/content/CashewData_Split/val/not_cashew_leaf/not_cashew_leaf_1273.jpg
val,not_cashew_leaf,3,/content/CashewData_Split/val/not_cashew_leaf/not_cashew_leaf_1274.jpg
val,not_cashew_leaf,3,/content/CashewData_Split/val/not_cashew_leaf/not_cashew_leaf_1275.jpg
val,not_cashew_leaf,3,/content/CashewData_Split/val/not_cashew_leaf/not_cashew_leaf_1276.jpg
val,not_cashew_leaf,3,/content/CashewData_Split/val/not_cashew_leaf/not_cashew_leaf_1277.jpg
val,not_cashew_leaf,3,/content/CashewData_Split/val/not_cashew_leaf/not_cashew_leaf_1278.JPG
val,not_cashew_leaf,3,/content/CashewData_Split/val/not_cashew_leaf/not_cashew_leaf_1279.JPG
val,not_cashew_leaf,3,/content/CashewData_Split/val/not_cashew_leaf/not_cashew_leaf_1280.JPG
val,not_cashew_leaf,3,/content/CashewData_Split/val/not_cashew_leaf/not_cashew_leaf_1281.JPG
val,not_cashew_leaf,3,/content/CashewData_Split/val/not_cashew_leaf/not_cashew_leaf_1282.JPG
val,not_cashew_leaf,3,/content/CashewData_Split/val/not_cashew_leaf/not_cashew_leaf_1283.JPG
val,not_cashew_leaf,3,/content/CashewData_Split/val/not_cashew_leaf/not_cashew_leaf_1284.JPG
val,not_cashew_leaf,3,/content/CashewData_Split/val/not_cashew_leaf/not_cashew_leaf_1285.JPG
val,not_cashew_leaf,3,/content/CashewData_Split/val/not_cashew_leaf/not_cashew_leaf_1286.JPG
val,not_cashew_leaf,3,/content/CashewData_Split/val/not_cashew_leaf/not_cashew_leaf_1287.JPG
val,not_cashew_leaf,3,/content/CashewData_Split/val/not_cashew_leaf/not_cashew_leaf_1288.JPG
val,not_cashew_leaf,3,/content/CashewData_Split/val/not_cashew_leaf/not_cashew_leaf_1289.JPG
val,not_cashew_leaf,3,/content/CashewData_Split/val/not_cashew_leaf/not_cashew_leaf_1290.JPG
val,not_cashew_leaf,3,/content/CashewData_Split/val/not_cashew_leaf/not_cashew_leaf_1291.JPG
val,not_cashew_leaf,3,/content/CashewData_Split/val/not_cashew_leaf/not_cashew_leaf_1292.JPG
val,not_cashew_leaf,3,/content/CashewData_Split/val/not_cashew_leaf/not_cashew_leaf_1293.JPG
val,not_cashew_leaf,3,/content/CashewData_Split/val/not_cashew_leaf/not_cashew_leaf_1294.JPG
val,not_cashew_leaf,3,/content/CashewData_Split/val/not_cashew_leaf/not_cashew_leaf_1295.JPG
val,not_cashew_leaf,3,/content/CashewData_Split/val/not_cashew_leaf/not_cashew_leaf_1296.JPG
val,not_cashew_leaf,3,/content/CashewData_Split/val/not_cashew_leaf/not_cashew_leaf_1297.JPG
val,not_cashew_leaf,3,/content/CashewData_Split/val/not_cashew_leaf/not_cashew_leaf_1298.JPG
val,not_cashew_leaf,3,/content/CashewData_Split/val/not_cashew_leaf/not_cashew_leaf_1299.JPG
val,not_cashew_leaf,3,/content/CashewData_Split/val/not_cashew_leaf/not_cashew_leaf_1300.JPG
val,not_cashew_leaf,3,/content/CashewData_Split/val/not_cashew_leaf/not_cashew_leaf_1301.JPG
val,not_cashew_leaf,3,/content/CashewData_Split/val/not_cashew_leaf/not_cashew_leaf_1302.JPG
val,not_cashew_leaf,3,/content/CashewData_Split/val/not_cashew_leaf/not_cashew_leaf_1303.JPG
val,not_cashew_leaf,3,/content/CashewData_Split/val/not_cashew_leaf/not_cashew_leaf_1304.JPG
val,not_cashew_leaf,3,/content/CashewData_Split/val/not_cashew_leaf/not_cashew_leaf_1305.JPG
val,not_cashew_leaf,3,/content/CashewData_Split/val/not_cashew_leaf/not_cashew_leaf_1306.jpg
val,not_cashew_leaf,3,/content/CashewData_Split/val/not_cashew_leaf/not_cashew_leaf_1307.jpg
val,not_cashew_leaf,3,/content/CashewData_Split/val/not_cashew_leaf/not_cashew_leaf_1308.jpg
val,not_cashew_leaf,3,/content/CashewData_Split/val/not_cashew_leaf/not_cashew_leaf_1309.jpg
val,not_cashew_leaf,3,/content/CashewData_Split/val/not_cashew_leaf/not_cashew_leaf_1310.jpg
val,not_cashew_leaf,3,/content/CashewData_Split/val/not_cashew_leaf/not_cashew_leaf_1311.jpg
val,not_cashew_leaf,3,/content/CashewData_Split/val/not_cashew_leaf/not_cashew_leaf_1312.jpg
val,not_cashew_leaf,3,/content/CashewData_Split/val/not_cashew_leaf/not_cashew_leaf_1313.jpg
val,not_cashew_leaf,3,/content/CashewData_Split/val/not_cashew_leaf/not_cashew_leaf_1314.jpg
val,not_cashew_leaf,3,/content/CashewData_Split/val/not_cashew_leaf/not_cashew_leaf_1315.jpg
val,not_cashew_leaf,3,/content/CashewData_Split/val/not_cashew_leaf/not_cashew_leaf_1316.JPG
val,not_cashew_leaf,3,/content/CashewData_Split/val/not_cashew_leaf/not_cashew_leaf_1317.jpg
val,not_cashew_leaf,3,/content/CashewData_Split/val/not_cashew_leaf/not_cashew_leaf_1318.jpg
val,not_cashew_leaf,3,/content/CashewData_Split/val/not_cashew_leaf/not_cashew_leaf_1319.jpg
val,not_cashew_leaf,3,/content/CashewData_Split/val/not_cashew_leaf/not_cashew_leaf_1320.jpg
val,not_cashew_leaf,3,/content/CashewData_Split/val/not_cashew_leaf/not_cashew_leaf_1321.jpg
val,not_cashew_leaf,3,/content/CashewData_Split/val/not_cashew_leaf/not_cashew_leaf_1322.jpg
val,not_cashew_leaf,3,/content/CashewData_Split/val/not_cashew_leaf/not_cashew_leaf_1323.jpg
val,not_cashew_leaf,3,/content/CashewData_Split/val/not_cashew_leaf/not_cashew_leaf_1324.jpg
val,not_cashew_leaf,3,/content/CashewData_Split/val/not_cashew_leaf/not_cashew_leaf_1325.jpg
val,not_cashew_leaf,3,/content/CashewData_Split/val/not_cashew_leaf/not_cashew_leaf_1326.jpg
val,not_cashew_leaf,3,/content/CashewData_Split/val/not_cashew_leaf/not_cashew_leaf_1327.JPG
val,not_cashew_leaf,3,/content/CashewData_Split/val/not_cashew_leaf/not_cashew_leaf_1328.jpg
val,not_cashew_leaf,3,/content/CashewData_Split/val/not_cashew_leaf/not_cashew_leaf_1329.jpg
val,not_cashew_leaf,3,/content/CashewData_Split/val/not_cashew_leaf/not_cashew_leaf_1330.jpg
val,not_cashew_leaf,3,/content/CashewData_Split/val/not_cashew_leaf/not_cashew_leaf_1331.jpg
val,not_cashew_leaf,3,/content/CashewData_Split/val/not_cashew_leaf/not_cashew_leaf_1332.jpg
val,not_cashew_leaf,3,/content/CashewData_Split/val/not_cashew_leaf/not_cashew_leaf_1333.jpg
val,not_cashew_leaf,3,/content/CashewData_Split/val/not_cashew_leaf/not_cashew_leaf_1334.jpg
val,not_cashew_leaf,3,/content/CashewData_Split/val/not_cashew_leaf/not_cashew_leaf_1335.jpg
val,not_cashew_leaf,3,/content/CashewData_Split/val/not_cashew_leaf/not_cashew_leaf_1336.jpg
val,not_cashew_leaf,3,/content/CashewData_Split/val/not_cashew_leaf/not_cashew_leaf_1337.jpg
val,not_cashew_leaf,3,/content/CashewData_Split/val/not_cashew_leaf/not_cashew_leaf_1338.JPG
val,not_cashew_leaf,3,/content/CashewData_Split/val/not_cashew_leaf/not_cashew_leaf_1339.jpg
val,not_cashew_leaf,3,/content/CashewData_Split/val/not_cashew_leaf/not_cashew_leaf_1340.jpg
val,not_cashew_leaf,3,/content/CashewData_Split/val/not_cashew_leaf/not_cashew_leaf_1341.jpg
val,not_cashew_leaf,3,/content/CashewData_Split/val/not_cashew_leaf/not_cashew_leaf_1342.jpg
val,not_cashew_leaf,3,/content/CashewData_Split/val/not_cashew_leaf/not_cashew_leaf_1343.jpg
val,not_cashew_leaf,3,/content/CashewData_Split/val/not_cashew_leaf/not_cashew_leaf_1344.jpg
val,not_cashew_leaf,3,/content/CashewData_Split/val/not_cashew_leaf/not_cashew_leaf_1345.jpg
val,not_cashew_leaf,3,/content/CashewData_Split/val/not_cashew_leaf/not_cashew_leaf_1346.jpg
val,not_cashew_leaf,3,/content/CashewData_Split/val/not_cashew_leaf/not_cashew_leaf_1347.jpg
val,not_cashew_leaf,3,/content/CashewData_Split/val/not_cashew_leaf/not_cashew_leaf_1348.jpg
val,not_cashew_leaf,3,/content/CashewData_Split/val/not_cashew_leaf/not_cashew_leaf_1349.JPG
val,not_cashew_leaf,3,/content/CashewData_Split/val/not_cashew_leaf/not_cashew_leaf_1350.jpg
val,not_cashew_leaf,3,/content/CashewData_Split/val/not_cashew_leaf/not_cashew_leaf_1351.jpg
val,not_cashew_leaf,3,/content/CashewData_Split/val/not_cashew_leaf/not_cashew_leaf_1352.jpg
val,not_cashew_leaf,3,/content/CashewData_Split/val/not_cashew_leaf/not_cashew_leaf_1353.jpg
val,not_cashew_leaf,3,/content/CashewData_Split/val/not_cashew_leaf/not_cashew_leaf_1354.jpg
val,not_cashew_leaf,3,/content/CashewData_Split/val/not_cashew_leaf/not_cashew_leaf_1355.jpg
val,not_cashew_leaf,3,/content/CashewData_Split/val/not_cashew_leaf/not_cashew_leaf_1356.jpg
val,not_cashew_leaf,3,/content/CashewData_Split/val/not_cashew_leaf/not_cashew_leaf_1357.jpg
val,not_cashew_leaf,3,/content/CashewData_Split/val/not_cashew_leaf/not_cashew_leaf_1358.jpg
val,not_cashew_leaf,3,/content/CashewData_Split/val/not_cashew_leaf/not_cashew_leaf_1359.jpg
val,not_cashew_leaf,3,/content/CashewData_Split/val/not_cashew_leaf/not_cashew_leaf_1360.JPG
val,not_cashew_leaf,3,/content/CashewData_Split/val/not_cashew_leaf/not_cashew_leaf_1361.jpg
val,not_cashew_leaf,3,/content/CashewData_Split/val/not_cashew_leaf/not_cashew_leaf_1362.jpg
val,not_cashew_leaf,3,/content/CashewData_Split/val/not_cashew_leaf/not_cashew_leaf_1363.jpg
val,not_cashew_leaf,3,/content/CashewData_Split/val/not_cashew_leaf/not_cashew_leaf_1364.jpg
val,not_cashew_leaf,3,/content/CashewData_Split/val/not_cashew_leaf/not_cashew_leaf_1365.jpg
val,not_cashew_leaf,3,/content/CashewData_Split/val/not_cashew_leaf/not_cashew_leaf_1366.jpg
val,not_cashew_leaf,3,/content/CashewData_Split/val/not_cashew_leaf/not_cashew_leaf_1367.jpg
val,not_cashew_leaf,3,/content/CashewData_Split/val/not_cashew_leaf/not_cashew_leaf_1368.jpg
val,not_cashew_leaf,3,/content/CashewData_Split/val/not_cashew_leaf/not_cashew_leaf_1369.jpg
val,not_cashew_leaf,3,/content/CashewData_Split/val/not_cashew_leaf/not_cashew_leaf_1370.jpg
val,not_cashew_leaf,3,/content/CashewData_Split/val/not_cashew_leaf/not_cashew_leaf_1371.JPG
val,not_cashew_leaf,3,/content/CashewData_Split/val/not_cashew_leaf/not_cashew_leaf_1372.jpg
val,not_cashew_leaf,3,/content/CashewData_Split/val/not_cashew_leaf/not_cashew_leaf_1373.jpg
val,not_cashew_leaf,3,/content/CashewData_Split/val/not_cashew_leaf/not_cashew_leaf_1374.jpg
val,not_cashew_leaf,3,/content/CashewData_Split/val/not_cashew_leaf/not_cashew_leaf_1375.jpg
val,not_cashew_leaf,3,/content/CashewData_Split/val/not_cashew_leaf/not_cashew_leaf_1376.jpg
val,not_cashew_leaf,3,/content/CashewData_Split/val/not_cashew_leaf/not_cashew_leaf_1377.jpg
val,not_cashew_leaf,3,/content/CashewData_Split/val/not_cashew_leaf/not_cashew_leaf_1378.jpg
val,not_cashew_leaf,3,/content/CashewData_Split/val/not_cashew_leaf/not_cashew_leaf_1379.jpg
val,not_cashew_leaf,3,/content/CashewData_Split/val/not_cashew_leaf/not_cashew_leaf_1380.jpg
val,not_cashew_leaf,3,/content/CashewData_Split/val/not_cashew_leaf/not_cashew_leaf_1381.JPG
val,not_cashew_leaf,3,/content/CashewData_Split/val/not_cashew_leaf/not_cashew_leaf_1382.jpg
val,not_cashew_leaf,3,/content/CashewData_Split/val/not_cashew_leaf/not_cashew_leaf_1383.jpg
val,not_cashew_leaf,3,/content/CashewData_Split/val/not_cashew_leaf/not_cashew_leaf_1384.JPG
val,not_cashew_leaf,3,/content/CashewData_Split/val/not_cashew_leaf/not_cashew_leaf_1385.jpg
val,not_cashew_leaf,3,/content/CashewData_Split/val/not_cashew_leaf/not_cashew_leaf_1386.JPG
val,not_cashew_leaf,3,/content/CashewData_Split/val/not_cashew_leaf/not_cashew_leaf_1387.JPG
val,not_cashew_leaf,3,/content/CashewData_Split/val/not_cashew_leaf/not_cashew_leaf_1388.jpg
val,not_cashew_leaf,3,/content/CashewData_Split/val/not_cashew_leaf/not_cashew_leaf_1389.jpg
val,not_cashew_leaf,3,/content/CashewData_Split/val/not_cashew_leaf/not_cashew_leaf_1390.jpg
val,not_cashew_leaf,3,/content/CashewData_Split/val/not_cashew_leaf/not_cashew_leaf_1391.jpg
val,not_cashew_leaf,3,/content/CashewData_Split/val/not_cashew_leaf/not_cashew_leaf_1392.jpg
val,not_cashew_leaf,3,/content/CashewData_Split/val/not_cashew_leaf/not_cashew_leaf_1393.jpg
val,not_cashew_leaf,3,/content/CashewData_Split/val/not_cashew_leaf/not_cashew_leaf_1394.jpg
val,not_cashew_leaf,3,/content/CashewData_Split/val/not_cashew_leaf/not_cashew_leaf_1395.jpg
val,not_cashew_leaf,3,/content/CashewData_Split/val/not_cashew_leaf/not_cashew_leaf_1396.JPG
val,not_cashew_leaf,3,/content/CashewData_Split/val/not_cashew_leaf/not_cashew_leaf_1397.JPG
val,not_cashew_leaf,3,/content/CashewData_Split/val/not_cashew_leaf/not_cashew_leaf_1398.JPG
val,not_cashew_leaf,3,/content/CashewData_Split/val/not_cashew_leaf/not_cashew_leaf_1399.jpg
val,not_cashew_leaf,3,/content/CashewData_Split/val/not_cashew_leaf/not_cashew_leaf_1400.jpg
val,not_cashew_leaf,3,/content/CashewData_Split/val/not_cashew_leaf/not_cashew_leaf_1401.jpg
val,not_cashew_leaf,3,/content/CashewData_Split/val/not_cashew_leaf/not_cashew_leaf_1402.jpg
val,not_cashew_leaf,3,/content/CashewData_Split/val/not_cashew_leaf/not_cashew_leaf_1403.jpg
val,not_cashew_leaf,3,/content/CashewData_Split/val/not_cashew_leaf/not_cashew_leaf_1404.jpg
val,not_cashew_leaf,3,/content/CashewData_Split/val/not_cashew_leaf/not_cashew_leaf_1405.jpg
val,not_cashew_leaf,3,/content/CashewData_Split/val/not_cashew_leaf/not_cashew_leaf_1406.jpg
val,not_cashew_leaf,3,/content/CashewData_Split/val/not_cashew_leaf/not_cashew_leaf_1407.jpg
val,not_cashew_leaf,3,/content/CashewData_Split/val/not_cashew_leaf/not_cashew_leaf_1408.jpg
val,not_cashew_leaf,3,/content/CashewData_Split/val/not_cashew_leaf/not_cashew_leaf_1409.JPG
val,not_cashew_leaf,3,/content/CashewData_Split/val/not_cashew_leaf/not_cashew_leaf_1410.jpg
val,not_cashew_leaf,3,/content/CashewData_Split/val/not_cashew_leaf/not_cashew_leaf_1411.jpg
val,not_cashew_leaf,3,/content/CashewData_Split/val/not_cashew_leaf/not_cashew_leaf_1412.jpg
val,not_cashew_leaf,3,/content/CashewData_Split/val/not_cashew_leaf/not_cashew_leaf_1413.jpg
val,not_cashew_leaf,3,/content/CashewData_Split/val/not_cashew_leaf/not_cashew_leaf_1414.jpg
val,not_cashew_leaf,3,/content/CashewData_Split/val/not_cashew_leaf/not_cashew_leaf_1415.jpg
val,red_rust,4,/content/CashewData_Split/val/red_rust/leaf_miner_1067.jpg
val,red_rust,4,/content/CashewData_Split/val/red_rust/red_rust_1246.jpg
val,red_rust,4,/content/CashewData_Split/val/red_rust/red_rust_1247.jpg
val,red_rust,4,/content/CashewData_Split/val/red_rust/red_rust_1248.jpg
val,red_rust,4,/content/CashewData_Split/val/red_rust/red_rust_1249.jpg
val,red_rust,4,/content/CashewData_Split/val/red_rust/red_rust_1250.jpg
val,red_rust,4,/content/CashewData_Split/val/red_rust/red_rust_1251.jpg
val,red_rust,4,/content/CashewData_Split/val/red_rust/red_rust_1252.jpg
val,red_rust,4,/content/CashewData_Split/val/red_rust/red_rust_1253.jpg
val,red_rust,4,/content/CashewData_Split/val/red_rust/red_rust_1254.jpg
val,red_rust,4,/content/CashewData_Split/val/red_rust/red_rust_1255.jpg
val,red_rust,4,/content/CashewData_Split/val/red_rust/red_rust_1256.jpg
val,red_rust,4,/content/CashewData_Split/val/red_rust/red_rust_1257.jpg
val,red_rust,4,/content/CashewData_Split/val/red_rust/red_rust_1258.jpg
val,red_rust,4,/content/CashewData_Split/val/red_rust/red_rust_1259.jpg
val,red_rust,4,/content/CashewData_Split/val/red_rust/red_rust_1260.jpg
val,red_rust,4,/content/CashewData_Split/val/red_rust/red_rust_1261.jpg
val,red_rust,4,/content/CashewData_Split/val/red_rust/red_rust_1262.jpg
val,red_rust,4,/content/CashewData_Split/val/red_rust/red_rust_1263.jpg
val,red_rust,4,/content/CashewData_Split/val/red_rust/red_rust_1264.jpg
val,red_rust,4,/content/CashewData_Split/val/red_rust/red_rust_1265.jpg
val,red_rust,4,/content/CashewData_Split/val/red_rust/red_rust_1266.jpg
val,red_rust,4,/content/CashewData_Split/val/red_rust/red_rust_1267.jpg
val,red_rust,4,/content/CashewData_Split/val/red_rust/red_rust_1268.jpg
val,red_rust,4,/content/CashewData_Split/val/red_rust/red_rust_1269.jpg
val,red_rust,4,/content/CashewData_Split/val/red_rust/red_rust_1270.jpg
val,red_rust,4,/content/CashewData_Split/val/red_rust/red_rust_1271.jpg
val,red_rust,4,/content/CashewData_Split/val/red_rust/red_rust_1272.jpg
val,red_rust,4,/content/CashewData_Split/val/red_rust/red_rust_1273.jpg
val,red_rust,4,/content/CashewData_Split/val/red_rust/red_rust_1274.jpg
val,red_rust,4,/content/CashewData_Split/val/red_rust/red_rust_1275.jpg
val,red_rust,4,/content/CashewData_Split/val/red_rust/red_rust_1276.jpg
val,red_rust,4,/content/CashewData_Split/val/red_rust/red_rust_1277.jpg
val,red_rust,4,/content/CashewData_Split/val/red_rust/red_rust_1278.jpg
val,red_rust,4,/content/CashewData_Split/val/red_rust/red_rust_1279.jpg
val,red_rust,4,/content/CashewData_Split/val/red_rust/red_rust_1280.jpg
val,red_rust,4,/content/CashewData_Split/val/red_rust/red_rust_1281.jpg
val,red_rust,4,/content/CashewData_Split/val/red_rust/red_rust_1282.jpg
val,red_rust,4,/content/CashewData_Split/val/red_rust/red_rust_1283.jpg
val,red_rust,4,/content/CashewData_Split/val/red_rust/red_rust_1284.jpg
val,red_rust,4,/content/CashewData_Split/val/red_rust/red_rust_1285.jpg
val,red_rust,4,/content/CashewData_Split/val/red_rust/red_rust_1286.jpg
val,red_rust,4,/content/CashewData_Split/val/red_rust/red_rust_1287.jpg
val,red_rust,4,/content/CashewData_Split/val/red_rust/red_rust_1288.jpg
val,red_rust,4,/content/CashewData_Split/val/red_rust/red_rust_1289.jpg
val,red_rust,4,/content/CashewData_Split/val/red_rust/red_rust_1290.jpg
val,red_rust,4,/content/CashewData_Split/val/red_rust/red_rust_1291.jpg
val,red_rust,4,/content/CashewData_Split/val/red_rust/red_rust_1292.jpg
val,red_rust,4,/content/CashewData_Split/val/red_rust/red_rust_1293.jpg
val,red_rust,4,/content/CashewData_Split/val/red_rust/red_rust_1294.jpg
val,red_rust,4,/content/CashewData_Split/val/red_rust/red_rust_1295.jpg
val,red_rust,4,/content/CashewData_Split/val/red_rust/red_rust_1296.jpg
val,red_rust,4,/content/CashewData_Split/val/red_rust/red_rust_1297.jpg
val,red_rust,4,/content/CashewData_Split/val/red_rust/red_rust_1298.jpg
val,red_rust,4,/content/CashewData_Split/val/red_rust/red_rust_1299.jpg
val,red_rust,4,/content/CashewData_Split/val/red_rust/red_rust_1300.jpg
val,red_rust,4,/content/CashewData_Split/val/red_rust/red_rust_1301.jpg
val,red_rust,4,/content/CashewData_Split/val/red_rust/red_rust_1302.jpg
val,red_rust,4,/content/CashewData_Split/val/red_rust/red_rust_1303.jpg
val,red_rust,4,/content/CashewData_Split/val/red_rust/red_rust_1304.jpg
val,red_rust,4,/content/CashewData_Split/val/red_rust/red_rust_1305.jpg
val,red_rust,4,/content/CashewData_Split/val/red_rust/red_rust_1306.jpg
val,red_rust,4,/content/CashewData_Split/val/red_rust/red_rust_1307.jpg
val,red_rust,4,/content/CashewData_Split/val/red_rust/red_rust_1308.jpg
val,red_rust,4,/content/CashewData_Split/val/red_rust/red_rust_1309.jpg
val,red_rust,4,/content/CashewData_Split/val/red_rust/red_rust_1310.jpg
val,red_rust,4,/content/CashewData_Split/val/red_rust/red_rust_1311.jpg
val,red_rust,4,/content/CashewData_Split/val/red_rust/red_rust_1312.jpg
val,red_rust,4,/content/CashewData_Split/val/red_rust/red_rust_1313.jpg
val,red_rust,4,/content/CashewData_Split/val/red_rust/red_rust_1314.jpg
val,red_rust,4,/content/CashewData_Split/val/red_rust/red_rust_1315.jpg
val,red_rust,4,/content/CashewData_Split/val/red_rust/red_rust_1316.jpg
val,red_rust,4,/content/CashewData_Split/val/red_rust/red_rust_1317.jpg
val,red_rust,4,/content/CashewData_Split/val/red_rust/red_rust_1318.jpg
val,red_rust,4,/content/CashewData_Split/val/red_rust/red_rust_1319.jpg
val,red_rust,4,/content/CashewData_Split/val/red_rust/red_rust_1320.jpg
val,red_rust,4,/content/CashewData_Split/val/red_rust/red_rust_1321.jpg
val,red_rust,4,/content/CashewData_Split/val/red_rust/red_rust_1322.jpg
val,red_rust,4,/content/CashewData_Split/val/red_rust/red_rust_1323.jpg
val,red_rust,4,/content/CashewData_Split/val/red_rust/red_rust_1324.jpg
val,red_rust,4,/content/CashewData_Split/val/red_rust/red_rust_1325.jpg
val,red_rust,4,/content/CashewData_Split/val/red_rust/red_rust_1326.jpg
val,red_rust,4,/content/CashewData_Split/val/red_rust/red_rust_1327.jpg
val,red_rust,4,/content/CashewData_Split/val/red_rust/red_rust_1328.jpg
val,red_rust,4,/content/CashewData_Split/val/red_rust/red_rust_1329.jpg
val,red_rust,4,/content/CashewData_Split/val/red_rust/red_rust_1330.jpg
val,red_rust,4,/content/CashewData_Split/val/red_rust/red_rust_1331.jpg
val,red_rust,4,/content/CashewData_Split/val/red_rust/red_rust_1332.jpg
val,red_rust,4,/content/CashewData_Split/val/red_rust/red_rust_1333.jpg
val,red_rust,4,/content/CashewData_Split/val/red_rust/red_rust_1334.jpg
val,red_rust,4,/content/CashewData_Split/val/red_rust/red_rust_1335.jpg
val,red_rust,4,/content/CashewData_Split/val/red_rust/red_rust_1336.jpg
val,red_rust,4,/content/CashewData_Split/val/red_rust/red_rust_1337.jpg
val,red_rust,4,/content/CashewData_Split/val/red_rust/red_rust_1338.jpg
val,red_rust,4,/content/CashewData_Split/val/red_rust/red_rust_1339.jpg
val,red_rust,4,/content/CashewData_Split/val/red_rust/red_rust_1340.jpg
val,red_rust,4,/content/CashewData_Split/val/red_rust/red_rust_1341.jpg
val,red_rust,4,/content/CashewData_Split/val/red_rust/red_rust_1342.jpg
val,red_rust,4,/content/CashewData_Split/val/red_rust/red_rust_1343.jpg
val,red_rust,4,/content/CashewData_Split/val/red_rust/red_rust_1344.jpg
val,red_rust,4,/content/CashewData_Split/val/red_rust/red_rust_1345.jpg
val,red_rust,4,/content/CashewData_Split/val/red_rust/red_rust_1346.jpg
val,red_rust,4,/content/CashewData_Split/val/red_rust/red_rust_1347.jpg
val,red_rust,4,/content/CashewData_Split/val/red_rust/red_rust_1348.jpg
val,red_rust,4,/content/CashewData_Split/val/red_rust/red_rust_1349.jpg
val,red_rust,4,/content/CashewData_Split/val/red_rust/red_rust_1350.jpg
val,red_rust,4,/content/CashewData_Split/val/red_rust/red_rust_1351.jpg
val,red_rust,4,/content/CashewData_Split/val/red_rust/red_rust_1352.jpg
val,red_rust,4,/content/CashewData_Split/val/red_rust/red_rust_1353.jpg
val,red_rust,4,/content/CashewData_Split/val/red_rust/red_rust_1354.jpg
val,red_rust,4,/content/CashewData_Split/val/red_rust/red_rust_1355.jpg
val,red_rust,4,/content/CashewData_Split/val/red_rust/red_rust_1356.jpg
val,red_rust,4,/content/CashewData_Split/val/red_rust/red_rust_1357.jpg
val,red_rust,4,/content/CashewData_Split/val/red_rust/red_rust_1358.jpg
val,red_rust,4,/content/CashewData_Split/val/red_rust/red_rust_1359.jpg
val,red_rust,4,/content/CashewData_Split/val/red_rust/red_rust_1360.jpg
val,red_rust,4,/content/CashewData_Split/val/red_rust/red_rust_1361.jpg
val,red_rust,4,/content/CashewData_Split/val/red_rust/red_rust_1362.jpg
val,red_rust,4,/content/CashewData_Split/val/red_rust/red_rust_1363.jpg
val,red_rust,4,/content/CashewData_Split/val/red_rust/red_rust_1364.jpg
val,red_rust,4,/content/CashewData_Split/val/red_rust/red_rust_1365.jpg
val,red_rust,4,/content/CashewData_Split/val/red_rust/red_rust_1366.jpg
val,red_rust,4,/content/CashewData_Split/val/red_rust/red_rust_1367.jpg
val,red_rust,4,/content/CashewData_Split/val/red_rust/red_rust_1368.jpg
val,red_rust,4,/content/CashewData_Split/val/red_rust/red_rust_1369.jpg
val,red_rust,4,/content/CashewData_Split/val/red_rust/red_rust_1370.jpg
val,red_rust,4,/content/CashewData_Split/val/red_rust/red_rust_1371.jpg
val,red_rust,4,/content/CashewData_Split/val/red_rust/red_rust_1372.jpg
val,red_rust,4,/content/CashewData_Split/val/red_rust/red_rust_1373.jpg
val,red_rust,4,/content/CashewData_Split/val/red_rust/red_rust_1374.jpg
val,red_rust,4,/content/CashewData_Split/val/red_rust/red_rust_1375.jpg
val,red_rust,4,/content/CashewData_Split/val/red_rust/red_rust_1376.jpg
val,red_rust,4,/content/CashewData_Split/val/red_rust/red_rust_1377.jpg
val,red_rust,4,/content/CashewData_Split/val/red_rust/red_rust_1378.jpg
val,red_rust,4,/content/CashewData_Split/val/red_rust/red_rust_1379.jpg
val,red_rust,4,/content/CashewData_Split/val/red_rust/red_rust_1380.jpg
val,red_rust,4,/content/CashewData_Split/val/red_rust/red_rust_1381.jpg
val,red_rust,4,/content/CashewData_Split/val/red_rust/red_rust_1382.jpg
val,red_rust,4,/content/CashewData_Split/val/red_rust/red_rust_1383.jpg
val,red_rust,4,/content/CashewData_Split/val/red_rust/red_rust_1384.jpg
val,red_rust,4,/content/CashewData_Split/val/red_rust/red_rust_1385.jpg
val,red_rust,4,/content/CashewData_Split/val/red_rust/red_rust_1386.jpg
val,red_rust,4,/content/CashewData_Split/val/red_rust/red_rust_1387.jpg
val,red_rust,4,/content/CashewData_Split/val/red_rust/red_rust_1388.jpg
val,red_rust,4,/content/CashewData_Split/val/red_rust/red_rust_1389.jpg
val,red_rust,4,/content/CashewData_Split/val/red_rust/red_rust_1390.jpg
val,red_rust,4,/content/CashewData_Split/val/red_rust/red_rust_1391.jpg
val,red_rust,4,/content/CashewData_Split/val/red_rust/red_rust_1392.jpg
val,red_rust,4,/content/CashewData_Split/val/red_rust/red_rust_1393.jpg
val,red_rust,4,/content/CashewData_Split/val/red_rust/red_rust_1394.jpg
val,red_rust,4,/content/CashewData_Split/val/red_rust/red_rust_1395.jpg
val,red_rust,4,/content/CashewData_Split/val/red_rust/red_rust_1396.jpg
val,red_rust,4,/content/CashewData_Split/val/red_rust/red_rust_1397.jpg
val,red_rust,4,/content/CashewData_Split/val/red_rust/red_rust_1398.jpg
val,red_rust,4,/content/CashewData_Split/val/red_rust/red_rust_1399.jpg
val,red_rust,4,/content/CashewData_Split/val/red_rust/red_rust_1400.jpg
val,red_rust,4,/content/CashewData_Split/val/red_rust/red_rust_1401.jpg
val,red_rust,4,/content/CashewData_Split/val/red_rust/red_rust_1402.jpg
val,red_rust,4,/content/CashewData_Split/val/red_rust/red_rust_1403.jpg
val,red_rust,4,/content/CashewData_Split/val/red_rust/red_rust_1404.jpg
val,red_rust,4,/content/CashewData_Split/val/red_rust/red_rust_1405.jpg
val,red_rust,4,/content/CashewData_Split/val/red_rust/red_rust_1406.jpg
val,red_rust,4,/content/CashewData_Split/val/red_rust/red_rust_1407.jpg
val,red_rust,4,/content/CashewData_Split/val/red_rust/red_rust_1408.jpg
val,red_rust,4,/content/CashewData_Split/val/red_rust/red_rust_1409.jpg
val,red_rust,4,/content/CashewData_Split/val/red_rust/red_rust_1410.jpg
val,red_rust,4,/content/CashewData_Split/val/red_rust/red_rust_1411.jpg
val,red_rust,4,/content/CashewData_Split/val/red_rust/red_rust_1412.jpg
val,red_rust,4,/content/CashewData_Split/val/red_rust/red_rust_1413.jpg
val,red_rust,4,/content/CashewData_Split/val/red_rust/red_rust_1414.jpg
val,red_rust,4,/content/CashewData_Split/val/red_rust/red_rust_1415.jpg
val,red_rust,4,/content/CashewData_Split/val/red_rust/red_rust_1416.jpg
val,red_rust,4,/content/CashewData_Split/val/red_rust/red_rust_1417.jpg
val,red_rust,4,/content/CashewData_Split/val/red_rust/red_rust_1418.jpg
val,red_rust,4,/content/CashewData_Split/val/red_rust/red_rust_1419.jpg
val,red_rust,4,/content/CashewData_Split/val/red_rust/red_rust_1420.jpg
val,red_rust,4,/content/CashewData_Split/val/red_rust/red_rust_1421.jpg
val,red_rust,4,/content/CashewData_Split/val/red_rust/red_rust_1422.jpg
val,red_rust,4,/content/CashewData_Split/val/red_rust/red_rust_1423.jpg
val,red_rust,4,/content/CashewData_Split/val/red_rust/red_rust_1424.jpg
val,red_rust,4,/content/CashewData_Split/val/red_rust/red_rust_1425.jpg
val,red_rust,4,/content/CashewData_Split/val/red_rust/red_rust_1426.jpg
val,red_rust,4,/content/CashewData_Split/val/red_rust/red_rust_1427.jpg
val,red_rust,4,/content/CashewData_Split/val/red_rust/red_rust_1428.jpg
val,red_rust,4,/content/CashewData_Split/val/red_rust/red_rust_1429.jpg
val,red_rust,4,/content/CashewData_Split/val/red_rust/red_rust_1430.jpg
val,red_rust,4,/content/CashewData_Split/val/red_rust/red_rust_1431.jpg
val,red_rust,4,/content/CashewData_Split/val/red_rust/red_rust_1432.jpg
val,red_rust,4,/content/CashewData_Split/val/red_rust/red_rust_1433.jpg
val,red_rust,4,/content/CashewData_Split/val/red_rust/red_rust_1434.jpg
val,red_rust,4,/content/CashewData_Split/val/red_rust/red_rust_1435.jpg
val,red_rust,4,/content/CashewData_Split/val/red_rust/red_rust_1436.jpg
val,red_rust,4,/content/CashewData_Split/val/red_rust/red_rust_1437.jpg
val,red_rust,4,/content/CashewData_Split/val/red_rust/red_rust_1438.jpg
val,red_rust,4,/content/CashewData_Split/val/red_rust/red_rust_1439.jpg
val,red_rust,4,/content/CashewData_Split/val/red_rust/red_rust_1440.jpg
val,red_rust,4,/content/CashewData_Split/val/red_rust/red_rust_1441.jpg
val,red_rust,4,/content/CashewData_Split/val/red_rust/red_rust_1442.jpg
val,red_rust,4,/content/CashewData_Split/val/red_rust/red_rust_1443.jpg
val,red_rust,4,/content/CashewData_Split/val/red_rust/red_rust_1444.jpg
val,red_rust,4,/content/CashewData_Split/val/red_rust/red_rust_1445.jpg
val,red_rust,4,/content/CashewData_Split/val/red_rust/red_rust_1446.jpg
val,red_rust,4,/content/CashewData_Split/val/red_rust/red_rust_1447.jpg
val,red_rust,4,/content/CashewData_Split/val/red_rust/red_rust_1448.jpg
val,red_rust,4,/content/CashewData_Split/val/red_rust/red_rust_1449.jpg
val,red_rust,4,/content/CashewData_Split/val/red_rust/red_rust_1450.jpg
val,red_rust,4,/content/CashewData_Split/val/red_rust/red_rust_1451.jpg
val,red_rust,4,/content/CashewData_Split/val/red_rust/red_rust_1452.jpg
val,red_rust,4,/content/CashewData_Split/val/red_rust/red_rust_1453.jpg
val,red_rust,4,/content/CashewData_Split/val/red_rust/red_rust_1454.jpg
val,red_rust,4,/content/CashewData_Split/val/red_rust/red_rust_1455.jpg
val,red_rust,4,/content/CashewData_Split/val/red_rust/red_rust_1456.jpg
val,red_rust,4,/content/CashewData_Split/val/red_rust/red_rust_1457.jpg
val,red_rust,4,/content/CashewData_Split/val/red_rust/red_rust_1458.jpg
val,red_rust,4,/content/CashewData_Split/val/red_rust/red_rust_1459.jpg
val,red_rust,4,/content/CashewData_Split/val/red_rust/red_rust_1460.jpg
val,red_rust,4,/content/CashewData_Split/val/red_rust/red_rust_1461.jpg
val,red_rust,4,/content/CashewData_Split/val/red_rust/red_rust_1462.jpg
val,red_rust,4,/content/CashewData_Split/val/red_rust/red_rust_1463.jpg
val,red_rust,4,/content/CashewData_Split/val/red_rust/red_rust_1464.jpg
val,red_rust,4,/content/CashewData_Split/val/red_rust/red_rust_1465.jpg
val,red_rust,4,/content/CashewData_Split/val/red_rust/red_rust_1466.jpg
val,red_rust,4,/content/CashewData_Split/val/red_rust/red_rust_1467.jpg
val,red_rust,4,/content/CashewData_Split/val/red_rust/red_rust_1468.jpg
val,red_rust,4,/content/CashewData_Split/val/red_rust/red_rust_1469.jpg
val,red_rust,4,/content/CashewData_Split/val/red_rust/red_rust_1470.jpg
val,red_rust,4,/content/CashewData_Split/val/red_rust/red_rust_1471.jpg
val,red_rust,4,/content/CashewData_Split/val/red_rust/red_rust_1472.jpg
val,red_rust,4,/content/CashewData_Split/val/red_rust/red_rust_1473.jpg
val,red_rust,4,/content/CashewData_Split/val/red_rust/red_rust_1474.jpg
val,red_rust,4,/content/CashewData_Split/val/red_rust/red_rust_1475.jpg
val,red_rust,4,/content/CashewData_Split/val/red_rust/red_rust_1476.jpg
val,red_rust,4,/content/CashewData_Split/val/red_rust/red_rust_1477.jpg
val,red_rust,4,/content/CashewData_Split/val/red_rust/red_rust_1478.jpg
val,red_rust,4,/content/CashewData_Split/val/red_rust/red_rust_1479.jpg
val,red_rust,4,/content/CashewData_Split/val/red_rust/red_rust_1480.jpg
val,red_rust,4,/content/CashewData_Split/val/red_rust/red_rust_1481.jpg
val,red_rust,4,/content/CashewData_Split/val/red_rust/red_rust_1482.jpg
val,red_rust,4,/content/CashewData_Split/val/red_rust/red_rust_1483.jpg
val,red_rust,4,/content/CashewData_Split/val/red_rust/red_rust_1484.jpg
val,red_rust,4,/content/CashewData_Split/val/red_rust/red_rust_1485.jpg
val,red_rust,4,/content/CashewData_Split/val/red_rust/red_rust_1486.jpg
val,red_rust,4,/content/CashewData_Split/val/red_rust/red_rust_1487.jpg
val,red_rust,4,/content/CashewData_Split/val/red_rust/red_rust_1488.jpg
val,red_rust,4,/content/CashewData_Split/val/red_rust/red_rust_1489.jpg
val,red_rust,4,/content/CashewData_Split/val/red_rust/red_rust_1490.jpg
val,red_rust,4,/content/CashewData_Split/val/red_rust/red_rust_1491.jpg
val,red_rust,4,/content/CashewData_Split/val/red_rust/red_rust_1492.jpg
val,red_rust,4,/content/CashewData_Split/val/red_rust/red_rust_1493.jpg
val,red_rust,4,/content/CashewData_Split/val/red_rust/red_rust_1494.jpg
val,red_rust,4,/content/CashewData_Split/val/red_rust/red_rust_1495.jpg
val,red_rust,4,/content/CashewData_Split/val/red_rust/red_rust_1496.jpg
val,red_rust,4,/content/CashewData_Split/val/red_rust/red_rust_1497.jpg
val,red_rust,4,/content/CashewData_Split/val/red_rust/red_rust_1498.jpg
val,red_rust,4,/content/CashewData_Split/val/red_rust/red_rust_1499.jpg
val,red_rust,4,/content/CashewData_Split/val/red_rust/red_rust_1500.jpg
val,red_rust,4,/content/CashewData_Split/val/red_rust/red_rust_1501.jpg
val,red_rust,4,/content/CashewData_Split/val/red_rust/red_rust_1502.jpg
val,red_rust,4,/content/CashewData_Split/val/red_rust/red_rust_1503.jpg
val,red_rust,4,/content/CashewData_Split/val/red_rust/red_rust_1504.jpg
val,red_rust,4,/content/CashewData_Split/val/red_rust/red_rust_1505.jpg
val,red_rust,4,/content/CashewData_Split/val/red_rust/red_rust_1506.jpg
val,red_rust,4,/content/CashewData_Split/val/red_rust/red_rust_1507.jpg
val,red_rust,4,/content/CashewData_Split/val/red_rust/red_rust_1508.jpg
val,red_rust,4,/content/CashewData_Split/val/red_rust/red_rust_1509.jpg
val,red_rust,4,/content/CashewData_Split/val/red_rust/red_rust_1510.jpg
val,red_rust,4,/content/CashewData_Split/val/red_rust/red_rust_1511.jpg
val,red_rust,4,/content/CashewData_Split/val/red_rust/red_rust_1512.jpg
val,red_rust,4,/content/CashewData_Split/val/red_rust/red_rust_1513.jpg
val,red_rust,4,/content/CashewData_Split/val/red_rust/red_rust_1514.jpg
val,red_rust,4,/content/CashewData_Split/val/red_rust/red_rust_1515.jpg
val,red_rust,4,/content/CashewData_Split/val/red_rust/red_rust_1516.jpg
val,red_rust,4,/content/CashewData_Split/val/red_rust/red_rust_1517.jpg
val,red_rust,4,/content/CashewData_Split/val/red_rust/red_rust_1518.jpg
val,red_rust,4,/content/CashewData_Split/val/red_rust/red_rust_1519.jpg
val,red_rust,4,/content/CashewData_Split/val/red_rust/red_rust_1520.jpg
val,red_rust,4,/content/CashewData_Split/val/red_rust/red_rust_1521.jpg
val,red_rust,4,/content/CashewData_Split/val/red_rust/red_rust_1522.jpg
val,red_rust,4,/content/CashewData_Split/val/red_rust/red_rust_1523.jpg
val,red_rust,4,/content/CashewData_Split/val/red_rust/red_rust_1524.jpg
val,red_rust,4,/content/CashewData_Split/val/red_rust/red_rust_1525.jpg
val,red_rust,4,/content/CashewData_Split/val/red_rust/red_rust_1526.jpg
val,red_rust,4,/content/CashewData_Split/val/red_rust/red_rust_1527.jpg
val,red_rust,4,/content/CashewData_Split/val/red_rust/red_rust_1528.jpg
val,red_rust,4,/content/CashewData_Split/val/red_rust/red_rust_1529.jpg
val,red_rust,4,/content/CashewData_Split/val/red_rust/red_rust_1530.jpg
val,red_rust,4,/content/CashewData_Split/val/red_rust/red_rust_1531.jpg
val,red_rust,4,/content/CashewData_Split/val/red_rust/red_rust_1532.jpg
val,red_rust,4,/content/CashewData_Split/val/red_rust/red_rust_1533.jpg
val,red_rust,4,/content/CashewData_Split/val/red_rust/red_rust_1534.jpg
val,red_rust,4,/content/CashewData_Split/val/red_rust/red_rust_1535.jpg
val,red_rust,4,/content/CashewData_Split/val/red_rust/red_rust_1536.jpg
val,red_rust,4,/content/CashewData_Split/val/red_rust/red_rust_1537.jpg
val,red_rust,4,/content/CashewData_Split/val/red_rust/red_rust_1538.jpg
val,red_rust,4,/content/CashewData_Split/val/red_rust/red_rust_1539.jpg
val,red_rust,4,/content/CashewData_Split/val/red_rust/red_rust_1540.jpg
val,red_rust,4,/content/CashewData_Split/val/red_rust/red_rust_1541.jpg
val,red_rust,4,/content/CashewData_Split/val/red_rust/red_rust_1542.jpg
val,red_rust,4,/content/CashewData_Split/val/red_rust/red_rust_1543.jpg
val,red_rust,4,/content/CashewData_Split/val/red_rust/red_rust_1544.jpg
val,red_rust,4,/content/CashewData_Split/val/red_rust/red_rust_1545.jpg
val,red_rust,4,/content/CashewData_Split/val/red_rust/red_rust_1546.jpg
val,red_rust,4,/content/CashewData_Split/val/red_rust/red_rust_1547.jpg
val,red_rust,4,/content/CashewData_Split/val/red_rust/red_rust_1548.jpg
val,red_rust,4,/content/CashewData_Split/val/red_rust/red_rust_1549.jpg
val,red_rust,4,/content/CashewData_Split/val/red_rust/red_rust_1550.jpg
val,red_rust,4,/content/CashewData_Split/val/red_rust/red_rust_1551.jpg
val,red_rust,4,/content/CashewData_Split/val/red_rust/red_rust_1552.jpg
val,red_rust,4,/content/CashewData_Split/val/red_rust/red_rust_1553.jpg
val,red_rust,4,/content/CashewData_Split/val/red_rust/red_rust_1554.jpg
val,red_rust,4,/content/CashewData_Split/val/red_rust/red_rust_1555.jpg
val,red_rust,4,/content/CashewData_Split/val/red_rust/red_rust_1556.jpg
val,red_rust,4,/content/CashewData_Split/val/red_rust/red_rust_1557.jpg
val,red_rust,4,/content/CashewData_Split/val/red_rust/red_rust_1558.jpg
val,red_rust,4,/content/CashewData_Split/val/red_rust/red_rust_1559.jpg
val,red_rust,4,/content/CashewData_Split/val/red_rust/red_rust_1560.jpg
val,red_rust,4,/content/CashewData_Split/val/red_rust/red_rust_1561.jpg
val,red_rust,4,/content/CashewData_Split/val/red_rust/red_rust_1562.jpg
val,red_rust,4,/content/CashewData_Split/val/red_rust/red_rust_1563.jpg
val,red_rust,4,/content/CashewData_Split/val/red_rust/red_rust_1564.jpg
test,anthracnose,0,/content/CashewData_Split/test/anthracnose/anthracnose_318.jpg
test,anthracnose,0,/content/CashewData_Split/test/anthracnose/anthracnose_319.jpg
test,anthracnose,0,/content/CashewData_Split/test/anthracnose/anthracnose_320.jpg
test,anthracnose,0,/content/CashewData_Split/test/anthracnose/anthracnose_321.jpg
test,anthracnose,0,/content/CashewData_Split/test/anthracnose/anthracnose_322.jpg
test,anthracnose,0,/content/CashewData_Split/test/anthracnose/anthracnose_323.jpg
test,anthracnose,0,/content/CashewData_Split/test/anthracnose/anthracnose_324.jpg
test,anthracnose,0,/content/CashewData_Split/test/anthracnose/anthracnose_325.jpg
test,anthracnose,0,/content/CashewData_Split/test/anthracnose/anthracnose_326.jpg
test,anthracnose,0,/content/CashewData_Split/test/anthracnose/anthracnose_327.jpg
test,anthracnose,0,/content/CashewData_Split/test/anthracnose/anthracnose_328.jpg
test,anthracnose,0,/content/CashewData_Split/test/anthracnose/anthracnose_329.jpg
test,anthracnose,0,/content/CashewData_Split/test/anthracnose/anthracnose_330.jpg
test,anthracnose,0,/content/CashewData_Split/test/anthracnose/anthracnose_331.jpg
test,anthracnose,0,/content/CashewData_Split/test/anthracnose/anthracnose_332.jpg
test,anthracnose,0,/content/CashewData_Split/test/anthracnose/anthracnose_333.jpg
test,anthracnose,0,/content/CashewData_Split/test/anthracnose/anthracnose_334.jpg
test,anthracnose,0,/content/CashewData_Split/test/anthracnose/anthracnose_336.jpg
test,anthracnose,0,/content/CashewData_Split/test/anthracnose/anthracnose_337.jpg
test,anthracnose,0,/content/CashewData_Split/test/anthracnose/anthracnose_338.jpg
test,anthracnose,0,/content/CashewData_Split/test/anthracnose/anthracnose_339.jpg
test,anthracnose,0,/content/CashewData_Split/test/anthracnose/anthracnose_340.jpg
test,anthracnose,0,/content/CashewData_Split/test/anthracnose/anthracnose_341.jpg
test,anthracnose,0,/content/CashewData_Split/test/anthracnose/anthracnose_346.jpg
test,anthracnose,0,/content/CashewData_Split/test/anthracnose/anthracnose_347.jpg
test,anthracnose,0,/content/CashewData_Split/test/anthracnose/anthracnose_348.jpg
test,anthracnose,0,/content/CashewData_Split/test/anthracnose/anthracnose_349.jpg
test,anthracnose,0,/content/CashewData_Split/test/anthracnose/anthracnose_350.jpg
test,anthracnose,0,/content/CashewData_Split/test/anthracnose/anthracnose_351.jpg
test,anthracnose,0,/content/CashewData_Split/test/anthracnose/anthracnose_352.jpg
test,anthracnose,0,/content/CashewData_Split/test/anthracnose/anthracnose_354.jpg
test,anthracnose,0,/content/CashewData_Split/test/anthracnose/anthracnose_355.jpg
test,anthracnose,0,/content/CashewData_Split/test/anthracnose/anthracnose_357.jpg
test,anthracnose,0,/content/CashewData_Split/test/anthracnose/anthracnose_358.jpg
test,anthracnose,0,/content/CashewData_Split/test/anthracnose/anthracnose_360.jpg
test,anthracnose,0,/content/CashewData_Split/test/anthracnose/anthracnose_362.jpg
test,anthracnose,0,/content/CashewData_Split/test/anthracnose/anthracnose_363.jpg
test,anthracnose,0,/content/CashewData_Split/test/anthracnose/anthracnose_364.jpg
test,anthracnose,0,/content/CashewData_Split/test/anthracnose/anthracnose_365.jpg
test,anthracnose,0,/content/CashewData_Split/test/anthracnose/anthracnose_368.jpg
test,anthracnose,0,/content/CashewData_Split/test/anthracnose/anthracnose_369.jpg
test,anthracnose,0,/content/CashewData_Split/test/anthracnose/anthracnose_370.jpg
test,anthracnose,0,/content/CashewData_Split/test/anthracnose/anthracnose_371.jpg
test,anthracnose,0,/content/CashewData_Split/test/anthracnose/anthracnose_372.jpg
test,anthracnose,0,/content/CashewData_Split/test/anthracnose/anthracnose_373.jpg
test,anthracnose,0,/content/CashewData_Split/test/anthracnose/anthracnose_374.jpg
test,anthracnose,0,/content/CashewData_Split/test/anthracnose/anthracnose_375.jpg
test,anthracnose,0,/content/CashewData_Split/test/anthracnose/anthracnose_376.jpg
test,anthracnose,0,/content/CashewData_Split/test/anthracnose/anthracnose_378.jpg
test,anthracnose,0,/content/CashewData_Split/test/anthracnose/anthracnose_379.jpg
test,anthracnose,0,/content/CashewData_Split/test/anthracnose/anthracnose_380.jpg
test,anthracnose,0,/content/CashewData_Split/test/anthracnose/anthracnose_381.jpg
test,anthracnose,0,/content/CashewData_Split/test/anthracnose/anthracnose_382.jpg
test,anthracnose,0,/content/CashewData_Split/test/anthracnose/anthracnose_385.jpg
test,anthracnose,0,/content/CashewData_Split/test/anthracnose/anthracnose_386.jpg
test,anthracnose,0,/content/CashewData_Split/test/anthracnose/anthracnose_387.jpg
test,anthracnose,0,/content/CashewData_Split/test/anthracnose/anthracnose_390.jpg
test,anthracnose,0,/content/CashewData_Split/test/anthracnose/anthracnose_391.jpg
test,anthracnose,0,/content/CashewData_Split/test/anthracnose/anthracnose_392.jpg
test,anthracnose,0,/content/CashewData_Split/test/anthracnose/anthracnose_393.jpg
test,anthracnose,0,/content/CashewData_Split/test/anthracnose/anthracnose_394.jpg
test,anthracnose,0,/content/CashewData_Split/test/anthracnose/anthracnose_395.jpg
test,anthracnose,0,/content/CashewData_Split/test/anthracnose/anthracnose_396.jpg
test,anthracnose,0,/content/CashewData_Split/test/anthracnose/anthracnose_397.jpg
test,anthracnose,0,/content/CashewData_Split/test/anthracnose/anthracnose_398.jpg
test,anthracnose,0,/content/CashewData_Split/test/anthracnose/anthracnose_399.jpg
test,anthracnose,0,/content/CashewData_Split/test/anthracnose/anthracnose_400.jpg
test,anthracnose,0,/content/CashewData_Split/test/anthracnose/anthracnose_401.jpg
test,anthracnose,0,/content/CashewData_Split/test/anthracnose/anthracnose_402.jpg
test,anthracnose,0,/content/CashewData_Split/test/anthracnose/anthracnose_403.jpg
test,anthracnose,0,/content/CashewData_Split/test/anthracnose/anthracnose_404.jpg
test,anthracnose,0,/content/CashewData_Split/test/anthracnose/anthracnose_405.jpg
test,anthracnose,0,/content/CashewData_Split/test/anthracnose/anthracnose_409.jpg
test,anthracnose,0,/content/CashewData_Split/test/anthracnose/anthracnose_410.jpg
test,anthracnose,0,/content/CashewData_Split/test/anthracnose/anthracnose_411.jpg
test,anthracnose,0,/content/CashewData_Split/test/anthracnose/anthracnose_412.jpg
test,anthracnose,0,/content/CashewData_Split/test/anthracnose/anthracnose_413.jpg
test,anthracnose,0,/content/CashewData_Split/test/anthracnose/anthracnose_414.jpg
test,anthracnose,0,/content/CashewData_Split/test/anthracnose/anthracnose_415.jpg
test,anthracnose,0,/content/CashewData_Split/test/anthracnose/anthracnose_416.jpg
test,anthracnose,0,/content/CashewData_Split/test/anthracnose/anthracnose_417.jpg
test,anthracnose,0,/content/CashewData_Split/test/anthracnose/anthracnose_418.jpg
test,anthracnose,0,/content/CashewData_Split/test/anthracnose/anthracnose_419.jpg
test,anthracnose,0,/content/CashewData_Split/test/anthracnose/anthracnose_421.jpg
test,anthracnose,0,/content/CashewData_Split/test/anthracnose/anthracnose_422.jpg
test,anthracnose,0,/content/CashewData_Split/test/anthracnose/anthracnose_423.jpg
test,anthracnose,0,/content/CashewData_Split/test/anthracnose/anthracnose_424.jpg
test,anthracnose,0,/content/CashewData_Split/test/anthracnose/anthracnose_425.jpg
test,anthracnose,0,/content/CashewData_Split/test/anthracnose/anthracnose_426.jpg
test,anthracnose,0,/content/CashewData_Split/test/anthracnose/anthracnose_427.jpg
test,anthracnose,0,/content/CashewData_Split/test/anthracnose/anthracnose_428.jpg
test,anthracnose,0,/content/CashewData_Split/test/anthracnose/anthracnose_429.jpg
test,anthracnose,0,/content/CashewData_Split/test/anthracnose/anthracnose_432.jpg
test,anthracnose,0,/content/CashewData_Split/test/anthracnose/anthracnose_433.jpg
test,anthracnose,0,/content/CashewData_Split/test/anthracnose/anthracnose_435.jpg
test,anthracnose,0,/content/CashewData_Split/test/anthracnose/anthracnose_436.jpg
test,anthracnose,0,/content/CashewData_Split/test/anthracnose/anthracnose_437.jpg
test,anthracnose,0,/content/CashewData_Split/test/anthracnose/anthracnose_438.jpg
test,anthracnose,0,/content/CashewData_Split/test/anthracnose/anthracnose_441.jpg
test,anthracnose,0,/content/CashewData_Split/test/anthracnose/anthracnose_442.jpg
test,anthracnose,0,/content/CashewData_Split/test/anthracnose/anthracnose_443.jpg
test,anthracnose,0,/content/CashewData_Split/test/anthracnose/anthracnose_444.jpg
test,anthracnose,0,/content/CashewData_Split/test/anthracnose/anthracnose_445.jpg
test,anthracnose,0,/content/CashewData_Split/test/anthracnose/anthracnose_446.jpg
test,anthracnose,0,/content/CashewData_Split/test/anthracnose/anthracnose_447.jpg
test,anthracnose,0,/content/CashewData_Split/test/anthracnose/anthracnose_448.jpg
test,anthracnose,0,/content/CashewData_Split/test/anthracnose/anthracnose_450.jpg
test,anthracnose,0,/content/CashewData_Split/test/anthracnose/anthracnose_451.jpg
test,anthracnose,0,/content/CashewData_Split/test/anthracnose/anthracnose_452.jpg
test,anthracnose,0,/content/CashewData_Split/test/anthracnose/anthracnose_453.jpg
test,anthracnose,0,/content/CashewData_Split/test/anthracnose/anthracnose_454.jpg
test,anthracnose,0,/content/CashewData_Split/test/anthracnose/anthracnose_455.jpg
test,anthracnose,0,/content/CashewData_Split/test/anthracnose/anthracnose_458.jpg
test,anthracnose,0,/content/CashewData_Split/test/anthracnose/anthracnose_461.jpg
test,anthracnose,0,/content/CashewData_Split/test/anthracnose/anthracnose_462.jpg
test,anthracnose,0,/content/CashewData_Split/test/anthracnose/anthracnose_463.jpg
test,anthracnose,0,/content/CashewData_Split/test/anthracnose/real_anthracnose_045.jpg
test,anthracnose,0,/content/CashewData_Split/test/anthracnose/real_anthracnose_046.jpg
test,anthracnose,0,/content/CashewData_Split/test/anthracnose/real_anthracnose_047.jpg
test,anthracnose,0,/content/CashewData_Split/test/anthracnose/real_anthracnose_048.jpg
test,anthracnose,0,/content/CashewData_Split/test/anthracnose/real_anthracnose_049.jpg
test,anthracnose,0,/content/CashewData_Split/test/anthracnose/real_anthracnose_050.jpg
test,healthy,1,/content/CashewData_Split/test/healthy/healthy_804.jpg
test,healthy,1,/content/CashewData_Split/test/healthy/healthy_805.jpg
test,healthy,1,/content/CashewData_Split/test/healthy/healthy_806.jpg
test,healthy,1,/content/CashewData_Split/test/healthy/healthy_807.jpg
test,healthy,1,/content/CashewData_Split/test/healthy/healthy_808.jpg
test,healthy,1,/content/CashewData_Split/test/healthy/healthy_809.jpg
test,healthy,1,/content/CashewData_Split/test/healthy/healthy_810.jpg
test,healthy,1,/content/CashewData_Split/test/healthy/healthy_811.jpg
test,healthy,1,/content/CashewData_Split/test/healthy/healthy_812.jpg
test,healthy,1,/content/CashewData_Split/test/healthy/healthy_813.jpg
test,healthy,1,/content/CashewData_Split/test/healthy/healthy_814.jpg
test,healthy,1,/content/CashewData_Split/test/healthy/healthy_815.jpg
test,healthy,1,/content/CashewData_Split/test/healthy/healthy_816.jpg
test,healthy,1,/content/CashewData_Split/test/healthy/healthy_817.jpg
test,healthy,1,/content/CashewData_Split/test/healthy/healthy_819.jpg
test,healthy,1,/content/CashewData_Split/test/healthy/healthy_820.jpg
test,healthy,1,/content/CashewData_Split/test/healthy/healthy_821.jpg
test,healthy,1,/content/CashewData_Split/test/healthy/healthy_822.jpg
test,healthy,1,/content/CashewData_Split/test/healthy/healthy_823.jpg
test,healthy,1,/content/CashewData_Split/test/healthy/healthy_824.jpg
test,healthy,1,/content/CashewData_Split/test/healthy/healthy_825.jpg
test,healthy,1,/content/CashewData_Split/test/healthy/healthy_826.jpg
test,healthy,1,/content/CashewData_Split/test/healthy/healthy_827.jpg
test,healthy,1,/content/CashewData_Split/test/healthy/healthy_828.jpg
test,healthy,1,/content/CashewData_Split/test/healthy/healthy_830.jpg
test,healthy,1,/content/CashewData_Split/test/healthy/healthy_831.jpg
test,healthy,1,/content/CashewData_Split/test/healthy/healthy_832.jpg
test,healthy,1,/content/CashewData_Split/test/healthy/healthy_833.jpg
test,healthy,1,/content/CashewData_Split/test/healthy/healthy_834.jpg
test,healthy,1,/content/CashewData_Split/test/healthy/healthy_835.jpg
test,healthy,1,/content/CashewData_Split/test/healthy/healthy_836.jpg
test,healthy,1,/content/CashewData_Split/test/healthy/healthy_837.jpg
test,healthy,1,/content/CashewData_Split/test/healthy/healthy_838.jpg
test,healthy,1,/content/CashewData_Split/test/healthy/healthy_839.jpg
test,healthy,1,/content/CashewData_Split/test/healthy/healthy_841.jpg
test,healthy,1,/content/CashewData_Split/test/healthy/healthy_842.jpg
test,healthy,1,/content/CashewData_Split/test/healthy/healthy_843.jpg
test,healthy,1,/content/CashewData_Split/test/healthy/healthy_844.jpg
test,healthy,1,/content/CashewData_Split/test/healthy/healthy_845.jpg
test,healthy,1,/content/CashewData_Split/test/healthy/healthy_846.jpg
test,healthy,1,/content/CashewData_Split/test/healthy/healthy_847.jpg
test,healthy,1,/content/CashewData_Split/test/healthy/healthy_848.jpg
test,healthy,1,/content/CashewData_Split/test/healthy/healthy_849.jpg
test,healthy,1,/content/CashewData_Split/test/healthy/healthy_850.jpg
test,healthy,1,/content/CashewData_Split/test/healthy/healthy_852.jpg
test,healthy,1,/content/CashewData_Split/test/healthy/healthy_853.jpg
test,healthy,1,/content/CashewData_Split/test/healthy/healthy_854.jpg
test,healthy,1,/content/CashewData_Split/test/healthy/healthy_855.jpg
test,healthy,1,/content/CashewData_Split/test/healthy/healthy_856.jpg
test,healthy,1,/content/CashewData_Split/test/healthy/healthy_857.jpg
test,healthy,1,/content/CashewData_Split/test/healthy/healthy_858.jpg
test,healthy,1,/content/CashewData_Split/test/healthy/healthy_859.jpg
test,healthy,1,/content/CashewData_Split/test/healthy/healthy_860.jpg
test,healthy,1,/content/CashewData_Split/test/healthy/healthy_861.jpg
test,healthy,1,/content/CashewData_Split/test/healthy/healthy_863.jpg
test,healthy,1,/content/CashewData_Split/test/healthy/healthy_864.jpg
test,healthy,1,/content/CashewData_Split/test/healthy/healthy_865.jpg
test,healthy,1,/content/CashewData_Split/test/healthy/healthy_866.jpg
test,healthy,1,/content/CashewData_Split/test/healthy/healthy_867.jpg
test,healthy,1,/content/CashewData_Split/test/healthy/healthy_868.jpg
test,healthy,1,/content/CashewData_Split/test/healthy/healthy_869.jpg
test,healthy,1,/content/CashewData_Split/test/healthy/healthy_870.jpg
test,healthy,1,/content/CashewData_Split/test/healthy/healthy_871.jpg
test,healthy,1,/content/CashewData_Split/test/healthy/healthy_872.jpg
test,healthy,1,/content/CashewData_Split/test/healthy/healthy_874.jpg
test,healthy,1,/content/CashewData_Split/test/healthy/healthy_875.jpg
test,healthy,1,/content/CashewData_Split/test/healthy/healthy_876.jpg
test,healthy,1,/content/CashewData_Split/test/healthy/healthy_877.jpg
test,healthy,1,/content/CashewData_Split/test/healthy/healthy_878.jpg
test,healthy,1,/content/CashewData_Split/test/healthy/healthy_879.jpg
test,healthy,1,/content/CashewData_Split/test/healthy/healthy_880.jpg
test,healthy,1,/content/CashewData_Split/test/healthy/healthy_881.jpg
test,healthy,1,/content/CashewData_Split/test/healthy/healthy_882.jpg
test,healthy,1,/content/CashewData_Split/test/healthy/healthy_883.jpg
test,healthy,1,/content/CashewData_Split/test/healthy/healthy_885.jpg
test,healthy,1,/content/CashewData_Split/test/healthy/healthy_886.jpg
test,healthy,1,/content/CashewData_Split/test/healthy/healthy_887.jpg
test,healthy,1,/content/CashewData_Split/test/healthy/healthy_888.jpg
test,healthy,1,/content/CashewData_Split/test/healthy/healthy_889.jpg
test,healthy,1,/content/CashewData_Split/test/healthy/healthy_890.jpg
test,healthy,1,/content/CashewData_Split/test/healthy/healthy_891.jpg
test,healthy,1,/content/CashewData_Split/test/healthy/healthy_892.jpg
test,healthy,1,/content/CashewData_Split/test/healthy/healthy_893.jpg
test,healthy,1,/content/CashewData_Split/test/healthy/healthy_894.jpg
test,healthy,1,/content/CashewData_Split/test/healthy/healthy_896.jpg
test,healthy,1,/content/CashewData_Split/test/healthy/healthy_897.jpg
test,healthy,1,/content/CashewData_Split/test/healthy/healthy_898.jpg
test,healthy,1,/content/CashewData_Split/test/healthy/healthy_899.jpg
test,healthy,1,/content/CashewData_Split/test/healthy/healthy_900.jpg
test,healthy,1,/content/CashewData_Split/test/healthy/healthy_901.jpg
test,healthy,1,/content/CashewData_Split/test/healthy/healthy_902.jpg
test,healthy,1,/content/CashewData_Split/test/healthy/healthy_903.jpg
test,healthy,1,/content/CashewData_Split/test/healthy/healthy_904.jpg
test,healthy,1,/content/CashewData_Split/test/healthy/healthy_905.jpg
test,healthy,1,/content/CashewData_Split/test/healthy/healthy_907.jpg
test,healthy,1,/content/CashewData_Split/test/healthy/healthy_908.jpg
test,healthy,1,/content/CashewData_Split/test/healthy/healthy_909.jpg
test,healthy,1,/content/CashewData_Split/test/healthy/healthy_910.jpg
test,healthy,1,/content/CashewData_Split/test/healthy/healthy_911.jpg
test,healthy,1,/content/CashewData_Split/test/healthy/healthy_912.jpg
test,healthy,1,/content/CashewData_Split/test/healthy/healthy_913.jpg
test,healthy,1,/content/CashewData_Split/test/healthy/healthy_914.jpg
test,healthy,1,/content/CashewData_Split/test/healthy/healthy_915.jpg
test,healthy,1,/content/CashewData_Split/test/healthy/healthy_916.jpg
test,healthy,1,/content/CashewData_Split/test/healthy/healthy_918.jpg
test,healthy,1,/content/CashewData_Split/test/healthy/healthy_919.jpg
test,healthy,1,/content/CashewData_Split/test/healthy/healthy_920.jpg
test,healthy,1,/content/CashewData_Split/test/healthy/healthy_921.jpg
test,healthy,1,/content/CashewData_Split/test/healthy/healthy_922.jpg
test,healthy,1,/content/CashewData_Split/test/healthy/healthy_923.jpg
test,healthy,1,/content/CashewData_Split/test/healthy/healthy_924.jpg
test,healthy,1,/content/CashewData_Split/test/healthy/real_healthy_015.jpg
test,healthy,1,/content/CashewData_Split/test/healthy/real_healthy_016.jpg
test,healthy,1,/content/CashewData_Split/test/healthy/real_healthy_017.jpg
test,healthy,1,/content/CashewData_Split/test/healthy/real_healthy_018.jpg
test,healthy,1,/content/CashewData_Split/test/healthy/real_healthy_019.jpg
test,healthy,1,/content/CashewData_Split/test/healthy/real_healthy_020.jpg
test,healthy,1,/content/CashewData_Split/test/healthy/real_healthy_021.jpg
test,leaf_miner,2,/content/CashewData_Split/test/leaf_miner/anthracnose_456.jpg
test,leaf_miner,2,/content/CashewData_Split/test/leaf_miner/leaf_miner_831.jpg
test,leaf_miner,2,/content/CashewData_Split/test/leaf_miner/leaf_miner_832.jpg
test,leaf_miner,2,/content/CashewData_Split/test/leaf_miner/leaf_miner_833.jpg
test,leaf_miner,2,/content/CashewData_Split/test/leaf_miner/leaf_miner_834.jpg
test,leaf_miner,2,/content/CashewData_Split/test/leaf_miner/leaf_miner_835.jpg
test,leaf_miner,2,/content/CashewData_Split/test/leaf_miner/leaf_miner_836.jpg
test,leaf_miner,2,/content/CashewData_Split/test/leaf_miner/leaf_miner_837.jpg
test,leaf_miner,2,/content/CashewData_Split/test/leaf_miner/leaf_miner_838.jpg
test,leaf_miner,2,/content/CashewData_Split/test/leaf_miner/leaf_miner_839.jpg
test,leaf_miner,2,/content/CashewData_Split/test/leaf_miner/leaf_miner_840.jpg
test,leaf_miner,2,/content/CashewData_Split/test/leaf_miner/leaf_miner_841.jpg
test,leaf_miner,2,/content/CashewData_Split/test/leaf_miner/leaf_miner_842.jpg
test,leaf_miner,2,/content/CashewData_Split/test/leaf_miner/leaf_miner_843.jpg
test,leaf_miner,2,/content/CashewData_Split/test/leaf_miner/leaf_miner_844.jpg
test,leaf_miner,2,/content/CashewData_Split/test/leaf_miner/leaf_miner_845.jpg
test,leaf_miner,2,/content/CashewData_Split/test/leaf_miner/leaf_miner_846.jpg
test,leaf_miner,2,/content/CashewData_Split/test/leaf_miner/leaf_miner_847.jpg
test,leaf_miner,2,/content/CashewData_Split/test/leaf_miner/leaf_miner_848.jpg
test,leaf_miner,2,/content/CashewData_Split/test/leaf_miner/leaf_miner_849.jpg
test,leaf_miner,2,/content/CashewData_Split/test/leaf_miner/leaf_miner_850.jpg
test,leaf_miner,2,/content/CashewData_Split/test/leaf_miner/leaf_miner_851.jpg
test,leaf_miner,2,/content/CashewData_Split/test/leaf_miner/leaf_miner_852.jpg
test,leaf_miner,2,/content/CashewData_Split/test/leaf_miner/leaf_miner_853.jpg
test,leaf_miner,2,/content/CashewData_Split/test/leaf_miner/leaf_miner_854.jpg
test,leaf_miner,2,/content/CashewData_Split/test/leaf_miner/leaf_miner_855.jpg
test,leaf_miner,2,/content/CashewData_Split/test/leaf_miner/leaf_miner_856.jpg
test,leaf_miner,2,/content/CashewData_Split/test/leaf_miner/leaf_miner_857.jpg
test,leaf_miner,2,/content/CashewData_Split/test/leaf_miner/leaf_miner_858.jpg
test,leaf_miner,2,/content/CashewData_Split/test/leaf_miner/leaf_miner_859.jpg
test,leaf_miner,2,/content/CashewData_Split/test/leaf_miner/leaf_miner_860.jpg
test,leaf_miner,2,/content/CashewData_Split/test/leaf_miner/leaf_miner_861.jpg
test,leaf_miner,2,/content/CashewData_Split/test/leaf_miner/leaf_miner_862.jpg
test,leaf_miner,2,/content/CashewData_Split/test/leaf_miner/leaf_miner_863.jpg
test,leaf_miner,2,/content/CashewData_Split/test/leaf_miner/leaf_miner_864.jpg
test,leaf_miner,2,/content/CashewData_Split/test/leaf_miner/leaf_miner_865.jpg
test,leaf_miner,2,/content/CashewData_Split/test/leaf_miner/leaf_miner_866.jpg
test,leaf_miner,2,/content/CashewData_Split/test/leaf_miner/leaf_miner_867.jpg
test,leaf_miner,2,/content/CashewData_Split/test/leaf_miner/leaf_miner_868.jpg
test,leaf_miner,2,/content/CashewData_Split/test/leaf_miner/leaf_miner_869.jpg
test,leaf_miner,2,/content/CashewData_Split/test/leaf_miner/leaf_miner_870.jpg
test,leaf_miner,2,/content/CashewData_Split/test/leaf_miner/leaf_miner_871.jpg
test,leaf_miner,2,/content/CashewData_Split/test/leaf_miner/leaf_miner_872.jpg
test,leaf_miner,2,/content/CashewData_Split/test/leaf_miner/leaf_miner_873.jpg
test,leaf_miner,2,/content/CashewData_Split/test/leaf_miner/leaf_miner_874.jpg
test,leaf_miner,2,/content/CashewData_Split/test/leaf_miner/leaf_miner_875.jpg
test,leaf_miner,2,/content/CashewData_Split/test/leaf_miner/leaf_miner_876.jpg
test,leaf_miner,2,/content/CashewData_Split/test/leaf_miner/leaf_miner_877.jpg
test,leaf_miner,2,/content/CashewData_Split/test/leaf_miner/leaf_miner_878.jpg
test,leaf_miner,2,/content/CashewData_Split/test/leaf_miner/leaf_miner_879.jpg
test,leaf_miner,2,/content/CashewData_Split/test/leaf_miner/leaf_miner_880.jpg
test,leaf_miner,2,/content/CashewData_Split/test/leaf_miner/leaf_miner_881.jpg
test,leaf_miner,2,/content/CashewData_Split/test/leaf_miner/leaf_miner_882.jpg
test,leaf_miner,2,/content/CashewData_Split/test/leaf_miner/leaf_miner_883.jpg
test,leaf_miner,2,/content/CashewData_Split/test/leaf_miner/leaf_miner_884.jpg
test,leaf_miner,2,/content/CashewData_Split/test/leaf_miner/leaf_miner_885.jpg
test,leaf_miner,2,/content/CashewData_Split/test/leaf_miner/leaf_miner_886.jpg
test,leaf_miner,2,/content/CashewData_Split/test/leaf_miner/leaf_miner_887.jpg
test,leaf_miner,2,/content/CashewData_Split/test/leaf_miner/leaf_miner_888.jpg
test,leaf_miner,2,/content/CashewData_Split/test/leaf_miner/leaf_miner_889.jpg
test,leaf_miner,2,/content/CashewData_Split/test/leaf_miner/leaf_miner_890.jpg
test,leaf_miner,2,/content/CashewData_Split/test/leaf_miner/leaf_miner_891.jpg
test,leaf_miner,2,/content/CashewData_Split/test/leaf_miner/leaf_miner_892.jpg
test,leaf_miner,2,/content/CashewData_Split/test/leaf_miner/leaf_miner_893.jpg
test,leaf_miner,2,/content/CashewData_Split/test/leaf_miner/leaf_miner_894.jpg
test,leaf_miner,2,/content/CashewData_Split/test/leaf_miner/leaf_miner_895.jpg
test,leaf_miner,2,/content/CashewData_Split/test/leaf_miner/leaf_miner_896.jpg
test,leaf_miner,2,/content/CashewData_Split/test/leaf_miner/leaf_miner_897.jpg
test,leaf_miner,2,/content/CashewData_Split/test/leaf_miner/leaf_miner_898.jpg
test,leaf_miner,2,/content/CashewData_Split/test/leaf_miner/leaf_miner_899.jpg
test,leaf_miner,2,/content/CashewData_Split/test/leaf_miner/leaf_miner_900.jpg
test,leaf_miner,2,/content/CashewData_Split/test/leaf_miner/leaf_miner_901.jpg
test,leaf_miner,2,/content/CashewData_Split/test/leaf_miner/leaf_miner_902.jpg
test,leaf_miner,2,/content/CashewData_Split/test/leaf_miner/leaf_miner_903.jpg
test,leaf_miner,2,/content/CashewData_Split/test/leaf_miner/leaf_miner_904.jpg
test,leaf_miner,2,/content/CashewData_Split/test/leaf_miner/leaf_miner_905.jpg
test,leaf_miner,2,/content/CashewData_Split/test/leaf_miner/leaf_miner_906.jpg
test,leaf_miner,2,/content/CashewData_Split/test/leaf_miner/leaf_miner_907.jpg
test,leaf_miner,2,/content/CashewData_Split/test/leaf_miner/leaf_miner_908.jpg
test,leaf_miner,2,/content/CashewData_Split/test/leaf_miner/leaf_miner_909.jpg
test,leaf_miner,2,/content/CashewData_Split/test/leaf_miner/leaf_miner_910.jpg
test,leaf_miner,2,/content/CashewData_Split/test/leaf_miner/leaf_miner_911.jpg
test,leaf_miner,2,/content/CashewData_Split/test/leaf_miner/leaf_miner_912.jpg
test,leaf_miner,2,/content/CashewData_Split/test/leaf_miner/leaf_miner_913.jpg
test,leaf_miner,2,/content/CashewData_Split/test/leaf_miner/leaf_miner_914.jpg
test,leaf_miner,2,/content/CashewData_Split/test/leaf_miner/leaf_miner_915.jpg
test,leaf_miner,2,/content/CashewData_Split/test/leaf_miner/leaf_miner_916.jpg
test,leaf_miner,2,/content/CashewData_Split/test/leaf_miner/leaf_miner_917.jpg
test,leaf_miner,2,/content/CashewData_Split/test/leaf_miner/leaf_miner_918.jpg
test,leaf_miner,2,/content/CashewData_Split/test/leaf_miner/leaf_miner_919.jpg
test,leaf_miner,2,/content/CashewData_Split/test/leaf_miner/leaf_miner_920.jpg
test,leaf_miner,2,/content/CashewData_Split/test/leaf_miner/leaf_miner_921.jpg
test,leaf_miner,2,/content/CashewData_Split/test/leaf_miner/leaf_miner_922.jpg
test,leaf_miner,2,/content/CashewData_Split/test/leaf_miner/leaf_miner_923.jpg
test,leaf_miner,2,/content/CashewData_Split/test/leaf_miner/leaf_miner_924.jpg
test,leaf_miner,2,/content/CashewData_Split/test/leaf_miner/leaf_miner_925.jpg
test,leaf_miner,2,/content/CashewData_Split/test/leaf_miner/leaf_miner_926.jpg
test,leaf_miner,2,/content/CashewData_Split/test/leaf_miner/leaf_miner_927.jpg
test,leaf_miner,2,/content/CashewData_Split/test/leaf_miner/leaf_miner_928.jpg
test,leaf_miner,2,/content/CashewData_Split/test/leaf_miner/leaf_miner_929.jpg
test,leaf_miner,2,/content/CashewData_Split/test/leaf_miner/leaf_miner_930.jpg
test,leaf_miner,2,/content/CashewData_Split/test/leaf_miner/leaf_miner_931.jpg
test,leaf_miner,2,/content/CashewData_Split/test/leaf_miner/leaf_miner_932.jpg
test,leaf_miner,2,/content/CashewData_Split/test/leaf_miner/leaf_miner_933.jpg
test,leaf_miner,2,/content/CashewData_Split/test/leaf_miner/leaf_miner_934.jpg
test,leaf_miner,2,/content/CashewData_Split/test/leaf_miner/leaf_miner_935.jpg
test,leaf_miner,2,/content/CashewData_Split/test/leaf_miner/leaf_miner_936.jpg
test,leaf_miner,2,/content/CashewData_Split/test/leaf_miner/leaf_miner_937.jpg
test,leaf_miner,2,/content/CashewData_Split/test/leaf_miner/leaf_miner_938.jpg
test,leaf_miner,2,/content/CashewData_Split/test/leaf_miner/leaf_miner_939.jpg
test,leaf_miner,2,/content/CashewData_Split/test/leaf_miner/leaf_miner_940.jpg
test,leaf_miner,2,/content/CashewData_Split/test/leaf_miner/leaf_miner_941.jpg
test,leaf_miner,2,/content/CashewData_Split/test/leaf_miner/leaf_miner_942.jpg
test,leaf_miner,2,/content/CashewData_Split/test/leaf_miner/leaf_miner_943.jpg
test,leaf_miner,2,/content/CashewData_Split/test/leaf_miner/leaf_miner_944.jpg
test,leaf_miner,2,/content/CashewData_Split/test/leaf_miner/leaf_miner_945.jpg
test,leaf_miner,2,/content/CashewData_Split/test/leaf_miner/leaf_miner_946.jpg
test,leaf_miner,2,/content/CashewData_Split/test/leaf_miner/leaf_miner_947.jpg
test,leaf_miner,2,/content/CashewData_Split/test/leaf_miner/leaf_miner_948.jpg
test,leaf_miner,2,/content/CashewData_Split/test/leaf_miner/leaf_miner_949.jpg
test,leaf_miner,2,/content/CashewData_Split/test/leaf_miner/leaf_miner_950.jpg
test,leaf_miner,2,/content/CashewData_Split/test/leaf_miner/leaf_miner_951.jpg
test,leaf_miner,2,/content/CashewData_Split/test/leaf_miner/leaf_miner_952.jpg
test,leaf_miner,2,/content/CashewData_Split/test/leaf_miner/real_leaf_miner_090.jpg
test,leaf_miner,2,/content/CashewData_Split/test/leaf_miner/real_leaf_miner_091.jpg
test,leaf_miner,2,/content/CashewData_Split/test/leaf_miner/real_leaf_miner_092.jpg
test,leaf_miner,2,/content/CashewData_Split/test/leaf_miner/real_leaf_miner_093.jpg
test,leaf_miner,2,/content/CashewData_Split/test/leaf_miner/real_leaf_miner_094.jpg
test,leaf_miner,2,/content/CashewData_Split/test/leaf_miner/real_leaf_miner_095.jpg
test,leaf_miner,2,/content/CashewData_Split/test/leaf_miner/real_leaf_miner_096.jpg
test,leaf_miner,2,/content/CashewData_Split/test/leaf_miner/real_leaf_miner_097.jpg
test,leaf_miner,2,/content/CashewData_Split/test/leaf_miner/real_leaf_miner_098.jpg
test,not_cashew_leaf,3,/content/CashewData_Split/test/not_cashew_leaf/not_cashew_leaf_1416.jpg
test,not_cashew_leaf,3,/content/CashewData_Split/test/not_cashew_leaf/not_cashew_leaf_1417.jpg
test,not_cashew_leaf,3,/content/CashewData_Split/test/not_cashew_leaf/not_cashew_leaf_1418.jpg
test,not_cashew_leaf,3,/content/CashewData_Split/test/not_cashew_leaf/not_cashew_leaf_1419.jpg
test,not_cashew_leaf,3,/content/CashewData_Split/test/not_cashew_leaf/not_cashew_leaf_1420.JPG
test,not_cashew_leaf,3,/content/CashewData_Split/test/not_cashew_leaf/not_cashew_leaf_1421.jpg
test,not_cashew_leaf,3,/content/CashewData_Split/test/not_cashew_leaf/not_cashew_leaf_1422.jpg
test,not_cashew_leaf,3,/content/CashewData_Split/test/not_cashew_leaf/not_cashew_leaf_1423.jpg
test,not_cashew_leaf,3,/content/CashewData_Split/test/not_cashew_leaf/not_cashew_leaf_1424.jpg
test,not_cashew_leaf,3,/content/CashewData_Split/test/not_cashew_leaf/not_cashew_leaf_1425.jpg
test,not_cashew_leaf,3,/content/CashewData_Split/test/not_cashew_leaf/not_cashew_leaf_1426.jpg
test,not_cashew_leaf,3,/content/CashewData_Split/test/not_cashew_leaf/not_cashew_leaf_1427.jpg
test,not_cashew_leaf,3,/content/CashewData_Split/test/not_cashew_leaf/not_cashew_leaf_1428.jpg
test,not_cashew_leaf,3,/content/CashewData_Split/test/not_cashew_leaf/not_cashew_leaf_1429.jpg
test,not_cashew_leaf,3,/content/CashewData_Split/test/not_cashew_leaf/not_cashew_leaf_1430.jpg
test,not_cashew_leaf,3,/content/CashewData_Split/test/not_cashew_leaf/not_cashew_leaf_1431.jpg
test,not_cashew_leaf,3,/content/CashewData_Split/test/not_cashew_leaf/not_cashew_leaf_1432.jpg
test,not_cashew_leaf,3,/content/CashewData_Split/test/not_cashew_leaf/not_cashew_leaf_1433.jpg
test,not_cashew_leaf,3,/content/CashewData_Split/test/not_cashew_leaf/not_cashew_leaf_1434.jpg
test,not_cashew_leaf,3,/content/CashewData_Split/test/not_cashew_leaf/not_cashew_leaf_1435.jpg
test,not_cashew_leaf,3,/content/CashewData_Split/test/not_cashew_leaf/not_cashew_leaf_1436.jpg
test,not_cashew_leaf,3,/content/CashewData_Split/test/not_cashew_leaf/not_cashew_leaf_1437.jpg
test,not_cashew_leaf,3,/content/CashewData_Split/test/not_cashew_leaf/not_cashew_leaf_1438.jpg
test,not_cashew_leaf,3,/content/CashewData_Split/test/not_cashew_leaf/not_cashew_leaf_1439.jpg
test,not_cashew_leaf,3,/content/CashewData_Split/test/not_cashew_leaf/not_cashew_leaf_1440.jpg
test,not_cashew_leaf,3,/content/CashewData_Split/test/not_cashew_leaf/not_cashew_leaf_1441.JPG
test,not_cashew_leaf,3,/content/CashewData_Split/test/not_cashew_leaf/not_cashew_leaf_1442.jpg
test,not_cashew_leaf,3,/content/CashewData_Split/test/not_cashew_leaf/not_cashew_leaf_1443.jpg
test,not_cashew_leaf,3,/content/CashewData_Split/test/not_cashew_leaf/not_cashew_leaf_1444.jpg
test,not_cashew_leaf,3,/content/CashewData_Split/test/not_cashew_leaf/not_cashew_leaf_1445.jpg
test,not_cashew_leaf,3,/content/CashewData_Split/test/not_cashew_leaf/not_cashew_leaf_1446.jpg
test,not_cashew_leaf,3,/content/CashewData_Split/test/not_cashew_leaf/not_cashew_leaf_1447.jpg
test,not_cashew_leaf,3,/content/CashewData_Split/test/not_cashew_leaf/not_cashew_leaf_1448.jpg
test,not_cashew_leaf,3,/content/CashewData_Split/test/not_cashew_leaf/not_cashew_leaf_1449.jpg
test,not_cashew_leaf,3,/content/CashewData_Split/test/not_cashew_leaf/not_cashew_leaf_1450.jpg
test,not_cashew_leaf,3,/content/CashewData_Split/test/not_cashew_leaf/not_cashew_leaf_1451.jpg
test,not_cashew_leaf,3,/content/CashewData_Split/test/not_cashew_leaf/not_cashew_leaf_1452.jpg
test,not_cashew_leaf,3,/content/CashewData_Split/test/not_cashew_leaf/not_cashew_leaf_1453.jpg
test,not_cashew_leaf,3,/content/CashewData_Split/test/not_cashew_leaf/not_cashew_leaf_1454.jpg
test,not_cashew_leaf,3,/content/CashewData_Split/test/not_cashew_leaf/not_cashew_leaf_1455.jpg
test,not_cashew_leaf,3,/content/CashewData_Split/test/not_cashew_leaf/not_cashew_leaf_1456.jpg
test,not_cashew_leaf,3,/content/CashewData_Split/test/not_cashew_leaf/not_cashew_leaf_1457.jpg
test,not_cashew_leaf,3,/content/CashewData_Split/test/not_cashew_leaf/not_cashew_leaf_1458.jpg
test,not_cashew_leaf,3,/content/CashewData_Split/test/not_cashew_leaf/not_cashew_leaf_1459.jpg
test,not_cashew_leaf,3,/content/CashewData_Split/test/not_cashew_leaf/not_cashew_leaf_1460.jpg
test,not_cashew_leaf,3,/content/CashewData_Split/test/not_cashew_leaf/not_cashew_leaf_1461.jpg
test,not_cashew_leaf,3,/content/CashewData_Split/test/not_cashew_leaf/not_cashew_leaf_1462.jpg
test,not_cashew_leaf,3,/content/CashewData_Split/test/not_cashew_leaf/not_cashew_leaf_1463.jpg
test,not_cashew_leaf,3,/content/CashewData_Split/test/not_cashew_leaf/not_cashew_leaf_1464.jpg
test,not_cashew_leaf,3,/content/CashewData_Split/test/not_cashew_leaf/not_cashew_leaf_1465.jpg
test,not_cashew_leaf,3,/content/CashewData_Split/test/not_cashew_leaf/not_cashew_leaf_1466.jpg
test,not_cashew_leaf,3,/content/CashewData_Split/test/not_cashew_leaf/not_cashew_leaf_1467.jpg
test,not_cashew_leaf,3,/content/CashewData_Split/test/not_cashew_leaf/not_cashew_leaf_1468.JPG
test,not_cashew_leaf,3,/content/CashewData_Split/test/not_cashew_leaf/not_cashew_leaf_1469.jpg
test,not_cashew_leaf,3,/content/CashewData_Split/test/not_cashew_leaf/not_cashew_leaf_1470.jpg
test,not_cashew_leaf,3,/content/CashewData_Split/test/not_cashew_leaf/not_cashew_leaf_1471.jpg
test,not_cashew_leaf,3,/content/CashewData_Split/test/not_cashew_leaf/not_cashew_leaf_1472.jpg
test,not_cashew_leaf,3,/content/CashewData_Split/test/not_cashew_leaf/not_cashew_leaf_1473.jpg
test,not_cashew_leaf,3,/content/CashewData_Split/test/not_cashew_leaf/not_cashew_leaf_1474.jpg
test,not_cashew_leaf,3,/content/CashewData_Split/test/not_cashew_leaf/not_cashew_leaf_1475.jpg
test,not_cashew_leaf,3,/content/CashewData_Split/test/not_cashew_leaf/not_cashew_leaf_1476.jpg
test,not_cashew_leaf,3,/content/CashewData_Split/test/not_cashew_leaf/not_cashew_leaf_1477.jpg
test,not_cashew_leaf,3,/content/CashewData_Split/test/not_cashew_leaf/not_cashew_leaf_1478.jpg
test,not_cashew_leaf,3,/content/CashewData_Split/test/not_cashew_leaf/not_cashew_leaf_1479.jpg
test,not_cashew_leaf,3,/content/CashewData_Split/test/not_cashew_leaf/not_cashew_leaf_1480.jpg
test,not_cashew_leaf,3,/content/CashewData_Split/test/not_cashew_leaf/not_cashew_leaf_1481.jpg
test,not_cashew_leaf,3,/content/CashewData_Split/test/not_cashew_leaf/not_cashew_leaf_1482.jpg
test,not_cashew_leaf,3,/content/CashewData_Split/test/not_cashew_leaf/not_cashew_leaf_1483.jpg
test,not_cashew_leaf,3,/content/CashewData_Split/test/not_cashew_leaf/not_cashew_leaf_1484.jpg
test,not_cashew_leaf,3,/content/CashewData_Split/test/not_cashew_leaf/not_cashew_leaf_1485.jpg
test,not_cashew_leaf,3,/content/CashewData_Split/test/not_cashew_leaf/not_cashew_leaf_1486.jpg
test,not_cashew_leaf,3,/content/CashewData_Split/test/not_cashew_leaf/not_cashew_leaf_1487.jpg
test,not_cashew_leaf,3,/content/CashewData_Split/test/not_cashew_leaf/not_cashew_leaf_1488.jpg
test,not_cashew_leaf,3,/content/CashewData_Split/test/not_cashew_leaf/not_cashew_leaf_1489.jpg
test,not_cashew_leaf,3,/content/CashewData_Split/test/not_cashew_leaf/not_cashew_leaf_1490.jpg
test,not_cashew_leaf,3,/content/CashewData_Split/test/not_cashew_leaf/not_cashew_leaf_1491.jpg
test,not_cashew_leaf,3,/content/CashewData_Split/test/not_cashew_leaf/not_cashew_leaf_1492.jpg
test,not_cashew_leaf,3,/content/CashewData_Split/test/not_cashew_leaf/not_cashew_leaf_1493.jpg
test,not_cashew_leaf,3,/content/CashewData_Split/test/not_cashew_leaf/not_cashew_leaf_1494.jpg
test,not_cashew_leaf,3,/content/CashewData_Split/test/not_cashew_leaf/not_cashew_leaf_1495.jpg
test,not_cashew_leaf,3,/content/CashewData_Split/test/not_cashew_leaf/not_cashew_leaf_1496.jpg
test,not_cashew_leaf,3,/content/CashewData_Split/test/not_cashew_leaf/not_cashew_leaf_1497.jpg
test,not_cashew_leaf,3,/content/CashewData_Split/test/not_cashew_leaf/not_cashew_leaf_1498.jpg
test,not_cashew_leaf,3,/content/CashewData_Split/test/not_cashew_leaf/not_cashew_leaf_1499.jpg
test,not_cashew_leaf,3,/content/CashewData_Split/test/not_cashew_leaf/not_cashew_leaf_1500.jpg
test,not_cashew_leaf,3,/content/CashewData_Split/test/not_cashew_leaf/not_cashew_leaf_1501.jpg
test,not_cashew_leaf,3,/content/CashewData_Split/test/not_cashew_leaf/not_cashew_leaf_1502.jpg
test,not_cashew_leaf,3,/content/CashewData_Split/test/not_cashew_leaf/not_cashew_leaf_1503.jpg
test,not_cashew_leaf,3,/content/CashewData_Split/test/not_cashew_leaf/not_cashew_leaf_1504.jpg
test,not_cashew_leaf,3,/content/CashewData_Split/test/not_cashew_leaf/not_cashew_leaf_1505.jpg
test,not_cashew_leaf,3,/content/CashewData_Split/test/not_cashew_leaf/not_cashew_leaf_1506.jpg
test,not_cashew_leaf,3,/content/CashewData_Split/test/not_cashew_leaf/not_cashew_leaf_1507.jpg
test,not_cashew_leaf,3,/content/CashewData_Split/test/not_cashew_leaf/not_cashew_leaf_1508.jpg
test,not_cashew_leaf,3,/content/CashewData_Split/test/not_cashew_leaf/not_cashew_leaf_1509.jpg
test,not_cashew_leaf,3,/content/CashewData_Split/test/not_cashew_leaf/not_cashew_leaf_1510.jpg
test,not_cashew_leaf,3,/content/CashewData_Split/test/not_cashew_leaf/not_cashew_leaf_1511.jpg
test,not_cashew_leaf,3,/content/CashewData_Split/test/not_cashew_leaf/not_cashew_leaf_1512.jpg
test,not_cashew_leaf,3,/content/CashewData_Split/test/not_cashew_leaf/not_cashew_leaf_1513.JPG
test,not_cashew_leaf,3,/content/CashewData_Split/test/not_cashew_leaf/not_cashew_leaf_1514.JPG
test,not_cashew_leaf,3,/content/CashewData_Split/test/not_cashew_leaf/not_cashew_leaf_1515.JPG
test,not_cashew_leaf,3,/content/CashewData_Split/test/not_cashew_leaf/not_cashew_leaf_1516.JPG
test,not_cashew_leaf,3,/content/CashewData_Split/test/not_cashew_leaf/not_cashew_leaf_1517.JPG
test,not_cashew_leaf,3,/content/CashewData_Split/test/not_cashew_leaf/not_cashew_leaf_1518.JPG
test,not_cashew_leaf,3,/content/CashewData_Split/test/not_cashew_leaf/not_cashew_leaf_1519.JPG
test,not_cashew_leaf,3,/content/CashewData_Split/test/not_cashew_leaf/not_cashew_leaf_1520.JPG
test,not_cashew_leaf,3,/content/CashewData_Split/test/not_cashew_leaf/not_cashew_leaf_1521.JPG
test,not_cashew_leaf,3,/content/CashewData_Split/test/not_cashew_leaf/not_cashew_leaf_1522.JPG
test,not_cashew_leaf,3,/content/CashewData_Split/test/not_cashew_leaf/not_cashew_leaf_1523.JPG
test,not_cashew_leaf,3,/content/CashewData_Split/test/not_cashew_leaf/not_cashew_leaf_1524.JPG
test,not_cashew_leaf,3,/content/CashewData_Split/test/not_cashew_leaf/not_cashew_leaf_1525.JPG
test,not_cashew_leaf,3,/content/CashewData_Split/test/not_cashew_leaf/not_cashew_leaf_1526.JPG
test,not_cashew_leaf,3,/content/CashewData_Split/test/not_cashew_leaf/not_cashew_leaf_1527.JPG
test,not_cashew_leaf,3,/content/CashewData_Split/test/not_cashew_leaf/not_cashew_leaf_1528.JPG
test,not_cashew_leaf,3,/content/CashewData_Split/test/not_cashew_leaf/not_cashew_leaf_1529.JPG
test,not_cashew_leaf,3,/content/CashewData_Split/test/not_cashew_leaf/not_cashew_leaf_1530.jpg
test,not_cashew_leaf,3,/content/CashewData_Split/test/not_cashew_leaf/not_cashew_leaf_1531.jpg
test,not_cashew_leaf,3,/content/CashewData_Split/test/not_cashew_leaf/not_cashew_leaf_1532.jpg
test,not_cashew_leaf,3,/content/CashewData_Split/test/not_cashew_leaf/not_cashew_leaf_1533.jpg
test,not_cashew_leaf,3,/content/CashewData_Split/test/not_cashew_leaf/not_cashew_leaf_1534.jpg
test,not_cashew_leaf,3,/content/CashewData_Split/test/not_cashew_leaf/not_cashew_leaf_1535.jpg
test,not_cashew_leaf,3,/content/CashewData_Split/test/not_cashew_leaf/not_cashew_leaf_1536.jpg
test,not_cashew_leaf,3,/content/CashewData_Split/test/not_cashew_leaf/not_cashew_leaf_1537.jpg
test,not_cashew_leaf,3,/content/CashewData_Split/test/not_cashew_leaf/not_cashew_leaf_1538.jpg
test,not_cashew_leaf,3,/content/CashewData_Split/test/not_cashew_leaf/not_cashew_leaf_1539.jpg
test,not_cashew_leaf,3,/content/CashewData_Split/test/not_cashew_leaf/not_cashew_leaf_1540.jpg
test,not_cashew_leaf,3,/content/CashewData_Split/test/not_cashew_leaf/not_cashew_leaf_1541.jpg
test,not_cashew_leaf,3,/content/CashewData_Split/test/not_cashew_leaf/not_cashew_leaf_1542.jpg
test,not_cashew_leaf,3,/content/CashewData_Split/test/not_cashew_leaf/not_cashew_leaf_1543.jpg
test,not_cashew_leaf,3,/content/CashewData_Split/test/not_cashew_leaf/not_cashew_leaf_1544.jpg
test,not_cashew_leaf,3,/content/CashewData_Split/test/not_cashew_leaf/not_cashew_leaf_1545.jpg
test,not_cashew_leaf,3,/content/CashewData_Split/test/not_cashew_leaf/not_cashew_leaf_1546.jpg
test,not_cashew_leaf,3,/content/CashewData_Split/test/not_cashew_leaf/not_cashew_leaf_1547.jpg
test,not_cashew_leaf,3,/content/CashewData_Split/test/not_cashew_leaf/not_cashew_leaf_1548.jpg
test,not_cashew_leaf,3,/content/CashewData_Split/test/not_cashew_leaf/not_cashew_leaf_1549.jpg
test,not_cashew_leaf,3,/content/CashewData_Split/test/not_cashew_leaf/not_cashew_leaf_1550.jpg
test,not_cashew_leaf,3,/content/CashewData_Split/test/not_cashew_leaf/not_cashew_leaf_1551.jpg
test,not_cashew_leaf,3,/content/CashewData_Split/test/not_cashew_leaf/not_cashew_leaf_1552.jpg
test,not_cashew_leaf,3,/content/CashewData_Split/test/not_cashew_leaf/not_cashew_leaf_1553.jpg
test,not_cashew_leaf,3,/content/CashewData_Split/test/not_cashew_leaf/not_cashew_leaf_1554.jpg
test,not_cashew_leaf,3,/content/CashewData_Split/test/not_cashew_leaf/not_cashew_leaf_1555.jpg
test,not_cashew_leaf,3,/content/CashewData_Split/test/not_cashew_leaf/not_cashew_leaf_1556.jpg
test,not_cashew_leaf,3,/content/CashewData_Split/test/not_cashew_leaf/not_cashew_leaf_1557.jpg
test,not_cashew_leaf,3,/content/CashewData_Split/test/not_cashew_leaf/not_cashew_leaf_1558.jpg
test,not_cashew_leaf,3,/content/CashewData_Split/test/not_cashew_leaf/not_cashew_leaf_1559.jpg
test,not_cashew_leaf,3,/content/CashewData_Split/test/not_cashew_leaf/not_cashew_leaf_1560.jpg
test,not_cashew_leaf,3,/content/CashewData_Split/test/not_cashew_leaf/not_cashew_leaf_1561.jpg
test,not_cashew_leaf,3,/content/CashewData_Split/test/not_cashew_leaf/not_cashew_leaf_1562.jpg
test,not_cashew_leaf,3,/content/CashewData_Split/test/not_cashew_leaf/not_cashew_leaf_1563.jpg
test,not_cashew_leaf,3,/content/CashewData_Split/test/not_cashew_leaf/not_cashew_leaf_1564.jpg
test,not_cashew_leaf,3,/content/CashewData_Split/test/not_cashew_leaf/not_cashew_leaf_1565.jpg
test,not_cashew_leaf,3,/content/CashewData_Split/test/not_cashew_leaf/not_cashew_leaf_1566.jpg
test,not_cashew_leaf,3,/content/CashewData_Split/test/not_cashew_leaf/not_cashew_leaf_1567.jpg
test,not_cashew_leaf,3,/content/CashewData_Split/test/not_cashew_leaf/not_cashew_leaf_1568.jpg
test,not_cashew_leaf,3,/content/CashewData_Split/test/not_cashew_leaf/not_cashew_leaf_1569.jpg
test,not_cashew_leaf,3,/content/CashewData_Split/test/not_cashew_leaf/not_cashew_leaf_1570.jpg
test,not_cashew_leaf,3,/content/CashewData_Split/test/not_cashew_leaf/not_cashew_leaf_1571.jpg
test,not_cashew_leaf,3,/content/CashewData_Split/test/not_cashew_leaf/not_cashew_leaf_1572.jpg
test,red_rust,4,/content/CashewData_Split/test/red_rust/real_red_rust_024.jpg
test,red_rust,4,/content/CashewData_Split/test/red_rust/real_red_rust_025.jpg
test,red_rust,4,/content/CashewData_Split/test/red_rust/real_red_rust_026.jpg
test,red_rust,4,/content/CashewData_Split/test/red_rust/real_red_rust_027.jpg
test,red_rust,4,/content/CashewData_Split/test/red_rust/real_red_rust_028.jpg
test,red_rust,4,/content/CashewData_Split/test/red_rust/real_red_rust_029.jpg
test,red_rust,4,/content/CashewData_Split/test/red_rust/red_rust_1093.jpg
test,red_rust,4,/content/CashewData_Split/test/red_rust/red_rust_1094.jpg
test,red_rust,4,/content/CashewData_Split/test/red_rust/red_rust_1095.jpg
test,red_rust,4,/content/CashewData_Split/test/red_rust/red_rust_1096.jpg
test,red_rust,4,/content/CashewData_Split/test/red_rust/red_rust_1097.jpg
test,red_rust,4,/content/CashewData_Split/test/red_rust/red_rust_1098.jpg
test,red_rust,4,/content/CashewData_Split/test/red_rust/red_rust_1099.jpg
test,red_rust,4,/content/CashewData_Split/test/red_rust/red_rust_1100.jpg
test,red_rust,4,/content/CashewData_Split/test/red_rust/red_rust_1101.jpg
test,red_rust,4,/content/CashewData_Split/test/red_rust/red_rust_1102.jpg
test,red_rust,4,/content/CashewData_Split/test/red_rust/red_rust_1103.jpg
test,red_rust,4,/content/CashewData_Split/test/red_rust/red_rust_1104.jpg
test,red_rust,4,/content/CashewData_Split/test/red_rust/red_rust_1105.jpg
test,red_rust,4,/content/CashewData_Split/test/red_rust/red_rust_1106.jpg
test,red_rust,4,/content/CashewData_Split/test/red_rust/red_rust_1107.jpg
test,red_rust,4,/content/CashewData_Split/test/red_rust/red_rust_1108.jpg
test,red_rust,4,/content/CashewData_Split/test/red_rust/red_rust_1109.jpg
test,red_rust,4,/content/CashewData_Split/test/red_rust/red_rust_1110.jpg
test,red_rust,4,/content/CashewData_Split/test/red_rust/red_rust_1111.jpg
test,red_rust,4,/content/CashewData_Split/test/red_rust/red_rust_1112.jpg
test,red_rust,4,/content/CashewData_Split/test/red_rust/red_rust_1113.jpg
test,red_rust,4,/content/CashewData_Split/test/red_rust/red_rust_1114.jpg
test,red_rust,4,/content/CashewData_Split/test/red_rust/red_rust_1115.jpg
test,red_rust,4,/content/CashewData_Split/test/red_rust/red_rust_1116.jpg
test,red_rust,4,/content/CashewData_Split/test/red_rust/red_rust_1117.jpg
test,red_rust,4,/content/CashewData_Split/test/red_rust/red_rust_1118.jpg
test,red_rust,4,/content/CashewData_Split/test/red_rust/red_rust_1119.jpg
test,red_rust,4,/content/CashewData_Split/test/red_rust/red_rust_1120.jpg
test,red_rust,4,/content/CashewData_Split/test/red_rust/red_rust_1121.jpg
test,red_rust,4,/content/CashewData_Split/test/red_rust/red_rust_1122.jpg
test,red_rust,4,/content/CashewData_Split/test/red_rust/red_rust_1123.jpg
test,red_rust,4,/content/CashewData_Split/test/red_rust/red_rust_1124.jpg
test,red_rust,4,/content/CashewData_Split/test/red_rust/red_rust_1125.jpg
test,red_rust,4,/content/CashewData_Split/test/red_rust/red_rust_1126.jpg
test,red_rust,4,/content/CashewData_Split/test/red_rust/red_rust_1127.jpg
test,red_rust,4,/content/CashewData_Split/test/red_rust/red_rust_1128.jpg
test,red_rust,4,/content/CashewData_Split/test/red_rust/red_rust_1129.jpg
test,red_rust,4,/content/CashewData_Split/test/red_rust/red_rust_1130.jpg
test,red_rust,4,/content/CashewData_Split/test/red_rust/red_rust_1131.jpg
test,red_rust,4,/content/CashewData_Split/test/red_rust/red_rust_1132.jpg
test,red_rust,4,/content/CashewData_Split/test/red_rust/red_rust_1133.jpg
test,red_rust,4,/content/CashewData_Split/test/red_rust/red_rust_1134.jpg
test,red_rust,4,/content/CashewData_Split/test/red_rust/red_rust_1135.jpg
test,red_rust,4,/content/CashewData_Split/test/red_rust/red_rust_1136.jpg
test,red_rust,4,/content/CashewData_Split/test/red_rust/red_rust_1137.jpg
test,red_rust,4,/content/CashewData_Split/test/red_rust/red_rust_1138.jpg
test,red_rust,4,/content/CashewData_Split/test/red_rust/red_rust_1139.jpg
test,red_rust,4,/content/CashewData_Split/test/red_rust/red_rust_1140.jpg
test,red_rust,4,/content/CashewData_Split/test/red_rust/red_rust_1141.jpg
test,red_rust,4,/content/CashewData_Split/test/red_rust/red_rust_1142.jpg
test,red_rust,4,/content/CashewData_Split/test/red_rust/red_rust_1143.jpg
test,red_rust,4,/content/CashewData_Split/test/red_rust/red_rust_1144.jpg
test,red_rust,4,/content/CashewData_Split/test/red_rust/red_rust_1145.jpg
test,red_rust,4,/content/CashewData_Split/test/red_rust/red_rust_1146.jpg
test,red_rust,4,/content/CashewData_Split/test/red_rust/red_rust_1147.jpg
test,red_rust,4,/content/CashewData_Split/test/red_rust/red_rust_1148.jpg
test,red_rust,4,/content/CashewData_Split/test/red_rust/red_rust_1149.jpg
test,red_rust,4,/content/CashewData_Split/test/red_rust/red_rust_1150.jpg
test,red_rust,4,/content/CashewData_Split/test/red_rust/red_rust_1151.jpg
test,red_rust,4,/content/CashewData_Split/test/red_rust/red_rust_1152.jpg
test,red_rust,4,/content/CashewData_Split/test/red_rust/red_rust_1153.jpg
test,red_rust,4,/content/CashewData_Split/test/red_rust/red_rust_1154.jpg
test,red_rust,4,/content/CashewData_Split/test/red_rust/red_rust_1155.jpg
test,red_rust,4,/content/CashewData_Split/test/red_rust/red_rust_1156.jpg
test,red_rust,4,/content/CashewData_Split/test/red_rust/red_rust_1157.jpg
test,red_rust,4,/content/CashewData_Split/test/red_rust/red_rust_1158.jpg
test,red_rust,4,/content/CashewData_Split/test/red_rust/red_rust_1159.jpg
test,red_rust,4,/content/CashewData_Split/test/red_rust/red_rust_1160.jpg
test,red_rust,4,/content/CashewData_Split/test/red_rust/red_rust_1161.jpg
test,red_rust,4,/content/CashewData_Split/test/red_rust/red_rust_1162.jpg
test,red_rust,4,/content/CashewData_Split/test/red_rust/red_rust_1163.jpg
test,red_rust,4,/content/CashewData_Split/test/red_rust/red_rust_1164.jpg
test,red_rust,4,/content/CashewData_Split/test/red_rust/red_rust_1165.jpg
test,red_rust,4,/content/CashewData_Split/test/red_rust/red_rust_1166.jpg
test,red_rust,4,/content/CashewData_Split/test/red_rust/red_rust_1167.jpg
test,red_rust,4,/content/CashewData_Split/test/red_rust/red_rust_1168.jpg
test,red_rust,4,/content/CashewData_Split/test/red_rust/red_rust_1169.jpg
test,red_rust,4,/content/CashewData_Split/test/red_rust/red_rust_1170.jpg
test,red_rust,4,/content/CashewData_Split/test/red_rust/red_rust_1171.jpg
test,red_rust,4,/content/CashewData_Split/test/red_rust/red_rust_1172.jpg
test,red_rust,4,/content/CashewData_Split/test/red_rust/red_rust_1173.jpg
test,red_rust,4,/content/CashewData_Split/test/red_rust/red_rust_1174.jpg
test,red_rust,4,/content/CashewData_Split/test/red_rust/red_rust_1175.jpg
test,red_rust,4,/content/CashewData_Split/test/red_rust/red_rust_1176.jpg
test,red_rust,4,/content/CashewData_Split/test/red_rust/red_rust_1177.jpg
test,red_rust,4,/content/CashewData_Split/test/red_rust/red_rust_1178.jpg
test,red_rust,4,/content/CashewData_Split/test/red_rust/red_rust_1179.jpg
test,red_rust,4,/content/CashewData_Split/test/red_rust/red_rust_1180.jpg
test,red_rust,4,/content/CashewData_Split/test/red_rust/red_rust_1181.jpg
test,red_rust,4,/content/CashewData_Split/test/red_rust/red_rust_1182.jpg
test,red_rust,4,/content/CashewData_Split/test/red_rust/red_rust_1183.jpg
test,red_rust,4,/content/CashewData_Split/test/red_rust/red_rust_1184.jpg
test,red_rust,4,/content/CashewData_Split/test/red_rust/red_rust_1185.jpg
test,red_rust,4,/content/CashewData_Split/test/red_rust/red_rust_1186.jpg
test,red_rust,4,/content/CashewData_Split/test/red_rust/red_rust_1187.jpg
test,red_rust,4,/content/CashewData_Split/test/red_rust/red_rust_1188.jpg
test,red_rust,4,/content/CashewData_Split/test/red_rust/red_rust_1189.jpg
test,red_rust,4,/content/CashewData_Split/test/red_rust/red_rust_1190.jpg
test,red_rust,4,/content/CashewData_Split/test/red_rust/red_rust_1191.jpg
test,red_rust,4,/content/CashewData_Split/test/red_rust/red_rust_1192.jpg
test,red_rust,4,/content/CashewData_Split/test/red_rust/red_rust_1193.jpg
test,red_rust,4,/content/CashewData_Split/test/red_rust/red_rust_1194.jpg
test,red_rust,4,/content/CashewData_Split/test/red_rust/red_rust_1195.jpg
test,red_rust,4,/content/CashewData_Split/test/red_rust/red_rust_1196.jpg
test,red_rust,4,/content/CashewData_Split/test/red_rust/red_rust_1197.jpg
test,red_rust,4,/content/CashewData_Split/test/red_rust/red_rust_1198.jpg
test,red_rust,4,/content/CashewData_Split/test/red_rust/red_rust_1199.jpg
test,red_rust,4,/content/CashewData_Split/test/red_rust/red_rust_1200.jpg
test,red_rust,4,/content/CashewData_Split/test/red_rust/red_rust_1201.jpg
test,red_rust,4,/content/CashewData_Split/test/red_rust/red_rust_1202.jpg
test,red_rust,4,/content/CashewData_Split/test/red_rust/red_rust_1203.jpg
test,red_rust,4,/content/CashewData_Split/test/red_rust/red_rust_1204.jpg
test,red_rust,4,/content/CashewData_Split/test/red_rust/red_rust_1205.jpg
test,red_rust,4,/content/CashewData_Split/test/red_rust/red_rust_1206.jpg
test,red_rust,4,/content/CashewData_Split/test/red_rust/red_rust_1207.jpg
test,red_rust,4,/content/CashewData_Split/test/red_rust/red_rust_1208.jpg
test,red_rust,4,/content/CashewData_Split/test/red_rust/red_rust_1209.jpg
test,red_rust,4,/content/CashewData_Split/test/red_rust/red_rust_1210.jpg
test,red_rust,4,/content/CashewData_Split/test/red_rust/red_rust_1211.jpg
test,red_rust,4,/content/CashewData_Split/test/red_rust/red_rust_1213.jpg
test,red_rust,4,/content/CashewData_Split/test/red_rust/red_rust_1214.jpg
test,red_rust,4,/content/CashewData_Split/test/red_rust/red_rust_1215.jpg
test,red_rust,4,/content/CashewData_Split/test/red_rust/red_rust_1216.jpg
test,red_rust,4,/content/CashewData_Split/test/red_rust/red_rust_1217.jpg
test,red_rust,4,/content/CashewData_Split/test/red_rust/red_rust_1218.jpg
test,red_rust,4,/content/CashewData_Split/test/red_rust/red_rust_1219.jpg
test,red_rust,4,/content/CashewData_Split/test/red_rust/red_rust_1220.jpg
test,red_rust,4,/content/CashewData_Split/test/red_rust/red_rust_1221.jpg
test,red_rust,4,/content/CashewData_Split/test/red_rust/red_rust_1222.jpg
test,red_rust,4,/content/CashewData_Split/test/red_rust/red_rust_1223.jpg
test,red_rust,4,/content/CashewData_Split/test/red_rust/red_rust_1224.jpg
test,red_rust,4,/content/CashewData_Split/test/red_rust/red_rust_1225.jpg
test,red_rust,4,/content/CashewData_Split/test/red_rust/red_rust_1226.jpg
test,red_rust,4,/content/CashewData_Split/test/red_rust/red_rust_1227.jpg
test,red_rust,4,/content/CashewData_Split/test/red_rust/red_rust_1228.jpg
test,red_rust,4,/content/CashewData_Split/test/red_rust/red_rust_1229.jpg
test,red_rust,4,/content/CashewData_Split/test/red_rust/red_rust_1230.jpg
test,red_rust,4,/content/CashewData_Split/test/red_rust/red_rust_1231.jpg
test,red_rust,4,/content/CashewData_Split/test/red_rust/red_rust_1232.jpg
test,red_rust,4,/content/CashewData_Split/test/red_rust/red_rust_1233.jpg
test,red_rust,4,/content/CashewData_Split/test/red_rust/red_rust_1234.jpg
test,red_rust,4,/content/CashewData_Split/test/red_rust/red_rust_1235.jpg
test,red_rust,4,/content/CashewData_Split/test/red_rust/red_rust_1236.jpg
test,red_rust,4,/content/CashewData_Split/test/red_rust/red_rust_1237.jpg
test,red_rust,4,/content/CashewData_Split/test/red_rust/red_rust_1238.jpg
test,red_rust,4,/content/CashewData_Split/test/red_rust/red_rust_1239.jpg
test,red_rust,4,/content/CashewData_Split/test/red_rust/red_rust_1240.jpg
test,red_rust,4,/content/CashewData_Split/test/red_rust/red_rust_1241.jpg
test,red_rust,4,/content/CashewData_Split/test/red_rust/red_rust_1242.jpg
test,red_rust,4,/content/CashewData_Split/test/red_rust/red_rust_1243.jpg
test,red_rust,4,/content/CashewData_Split/test/red_rust/red_rust_1244.jpg
test,red_rust,4,/content/CashewData_Split/test/red_rust/red_rust_1245.jpg
